timestamp,PIR_Motion,Accel_X,Accel_Y,Accel_Z
54:24.4,0,0.024,0.007,1.018
54:24.4,0,0.024,0.007,1.017
54:24.4,0,0.024,0.007,1.017
54:24.4,0,0.024,0.007,1.016
54:24.4,0,0.025,0.007,1.016
54:24.4,0,0.025,0.007,1.016
54:24.4,0,0.024,0.007,1.017
54:24.4,0,0.024,0.006,1.017
54:24.4,0,0.024,0.007,1.017
54:24.4,0,0.024,0.007,1.017
54:24.5,0,0.024,0.006,1.017
54:24.7,0,0.024,0.007,1.017
54:24.9,0,0.024,0.006,1.017
54:25.1,0,0.024,0.005,1.018
54:25.3,1,0.024,0.005,1.017
54:25.5,1,0.024,0.005,1.017
54:25.7,1,0.024,0.006,1.017
54:25.9,1,0.024,0.006,1.017
54:26.1,1,0.024,0.007,1.017
54:26.3,0,0.024,0.007,1.017
54:26.5,0,0.024,0.007,1.017
54:26.7,0,0.025,0.006,1.015
54:27.0,0,0.025,0.006,1.015
54:27.2,0,0.024,0.005,1.017
54:27.4,0,0.024,0.005,1.016
54:27.6,0,0.025,0.004,1.016
54:27.8,0,0.024,0.004,1.018
54:28.0,0,0.024,0.005,1.019
54:28.2,0,0.024,0.004,1.017
54:28.4,0,0.024,0.003,1.017
54:28.6,0,0.024,0.004,1.017
54:28.8,0,0.023,0.003,1.019
54:29.0,0,0.024,0.002,1.017
54:29.2,0,0.025,0.002,1.017
54:29.4,0,0.024,0.003,1.018
54:29.6,0,0.024,0.003,1.017
54:29.8,0,0.024,0.003,1.017
54:30.0,1,0.024,0.003,1.017
54:30.2,1,0.024,0.003,1.017
54:30.4,1,0.024,0.003,1.016
54:30.6,1,0.024,0.003,1.017
54:30.8,1,0.024,0.003,1.017
54:31.0,1,0.024,0.003,1.017
54:31.2,0,0.024,0.003,1.017
54:31.4,0,0.024,0.003,1.017
54:31.6,0,0.024,0.003,1.016
54:31.8,0,0.024,0.003,1.017
54:32.0,0,0.024,0.003,1.017
54:32.2,0,0.024,0.003,1.017
54:32.4,0,0.024,0.003,1.017
54:32.6,0,0.024,0.003,1.018
54:32.9,0,0.024,0.003,1.018
54:33.1,0,0.024,0.003,1.018
54:33.3,0,0.024,0.003,1.018
54:33.5,0,0.024,0.002,1.017
54:33.7,0,0.024,0.002,1.016
54:33.9,0,0.024,0.003,1.017
54:34.1,0,0.024,0.003,1.017
54:34.3,0,0.024,0.003,1.017
54:34.5,0,0.024,0.003,1.017
54:34.7,0,0.024,0.003,1.018
54:34.9,0,0.024,0.003,1.017
54:35.1,0,0.024,0.003,1.018
54:35.3,0,0.024,0.003,1.018
54:35.5,0,0.024,0.003,1.017
54:35.7,0,0.024,0.003,1.017
54:35.9,0,0.024,0.003,1.017
54:36.1,0,0.024,0.003,1.017
54:36.3,0,0.024,0.002,1.017
54:36.5,0,0.024,0.003,1.017
54:36.7,0,0.024,0.003,1.018
54:36.9,1,0.024,0.002,1.018
54:37.1,1,0.024,0.003,1.018
54:37.3,1,0.024,0.003,1.017
54:37.5,1,0.024,0.001,1.018
54:37.7,1,0.024,0.002,1.017
54:38.0,1,0.024,0.004,1.015
54:38.2,0,0.023,0.006,1.013
54:38.4,0,0.024,0.008,1.01
54:38.6,0,0.023,0.011,1.008
54:38.8,0,0.023,0.011,1.009
54:39.0,0,0.023,0.011,1.01
54:39.2,0,0.023,0.009,1.012
54:39.4,0,0.022,0.008,1.015
54:39.6,0,0.022,0.007,1.016
54:39.8,0,0.023,0.006,1.014
54:40.0,0,0.023,0.005,1.015
54:40.2,0,0.022,0.006,1.017
54:40.4,0,0.023,0.006,1.016
54:40.6,0,0.023,0.006,1.016
54:40.8,0,0.022,0.006,1.019
54:41.0,0,0.023,0.006,1.018
54:41.2,0,0.023,0.006,1.016
54:41.4,0,0.022,0.006,1.018
54:41.6,0,0.023,0.006,1.018
54:41.8,0,0.023,0.006,1.016
54:42.0,0,0.023,0.006,1.017
54:42.2,1,0.023,0.005,1.018
54:42.4,1,0.025,0.008,1.007
54:42.6,1,0.022,0.004,1.006
54:42.8,1,0.023,0.006,1.003
54:43.0,1,0.024,0.007,1
54:43.3,0,0.023,0.006,1.002
54:43.5,0,0.021,0.004,1.012
54:43.7,0,0.024,0.008,1.013
54:43.9,0,0.023,0.006,1.017
54:44.1,0,0.022,0.005,1.02
54:44.3,0,0.023,0.007,1.018
54:44.5,0,0.023,0.006,1.017
54:44.7,0,0.022,0.006,1.019
54:44.9,0,0.023,0.007,1.019
54:45.1,0,0.023,0.006,1.018
54:45.3,0,0.023,0.007,1.019
54:45.5,0,0.022,0.006,1.019
54:45.7,0,0.022,0.006,1.018
54:45.9,0,0.021,0.008,1.019
54:46.1,0,0.021,0.007,1.019
54:46.3,0,0.021,0.007,1.017
54:46.5,0,0.022,0.009,1.017
54:46.7,0,0.022,0.008,1.017
54:46.9,0,0.022,0.004,1.015
54:47.1,0,0.023,0.006,1.017
54:47.3,0,0.023,0.006,1.017
54:47.5,0,0.023,0.004,1.017
54:47.7,0,0.023,0.006,1.018
54:47.9,0,0.023,0.008,1.02
54:48.1,0,0.023,0.007,1.019
54:48.3,0,0.022,0.006,1.019
54:48.6,0,0.023,0.007,1.018
54:48.8,1,0.023,0.007,1.018
54:49.0,1,0.023,0.006,1.016
54:49.2,1,0.022,0.006,1.015
54:49.4,1,0.023,0.007,1.016
54:49.6,1,0.022,0.006,1.017
54:49.8,0,0.022,0.006,1.016
54:50.0,0,0.023,0.006,1.017
54:50.2,0,0.023,0.006,1.017
54:50.4,0,0.022,0.005,1.016
54:50.6,0,0.022,0.006,1.016
54:50.8,0,0.022,0.006,1.017
54:51.0,0,0.022,0.005,1.017
54:51.2,0,0.022,0.006,1.017
54:51.4,0,0.022,0.007,1.018
54:51.6,0,0.023,0.006,1.019
54:51.8,0,0.023,0.006,1.019
54:52.0,0,0.023,0.007,1.02
54:52.2,0,0.022,0.006,1.02
54:52.4,0,0.023,0.006,1.019
54:52.6,0,0.023,0.006,1.018
54:52.8,0,0.022,0.006,1.016
54:53.0,0,0.023,0.006,1.015
54:53.2,0,0.023,0.006,1.015
54:53.4,0,0.023,0.006,1.015
54:53.6,1,0.023,0.007,1.016
54:53.8,1,0.023,0.007,1.017
54:54.1,1,0.022,0.006,1.016
54:54.3,1,0.022,0.007,1.017
54:54.5,1,0.022,0.007,1.017
54:54.7,0,0.022,0.006,1.016
54:54.9,0,0.022,0.006,1.017
54:55.1,0,0.022,0.006,1.017
54:55.3,0,0.022,0.006,1.017
54:55.5,0,0.022,0.006,1.017
54:55.7,0,0.022,0.006,1.016
54:55.9,0,0.022,0.006,1.017
54:56.1,0,0.022,0.006,1.017
54:56.3,0,0.022,0.006,1.017
54:56.5,0,0.022,0.007,1.018
54:56.7,0,0.022,0.007,1.019
54:56.9,0,0.023,0.007,1.017
54:57.1,0,0.023,0.007,1.017
54:57.3,0,0.023,0.007,1.018
54:57.5,0,0.023,0.006,1.016
54:57.7,0,0.023,0.007,1.016
54:57.9,0,0.022,0.007,1.018
54:58.1,0,0.022,0.007,1.017
54:58.3,0,0.023,0.007,1.017
54:58.5,0,0.023,0.007,1.017
54:58.7,0,0.022,0.007,1.018
54:58.9,0,0.023,0.007,1.017
54:59.1,0,0.023,0.007,1.017
54:59.3,0,0.022,0.006,1.017
54:59.5,0,0.022,0.007,1.017
54:59.8,1,0.022,0.006,1.016
55:00.0,1,0.022,0.006,1.016
55:00.2,1,0.022,0.006,1.016
55:00.4,1,0.023,0.006,1.016
55:00.6,1,0.022,0.006,1.017
55:00.8,0,0.022,0.006,1.017
55:01.0,0,0.022,0.006,1.017
55:01.2,0,0.022,0.007,1.016
55:01.4,0,0.022,0.007,1.016
55:01.6,0,0.022,0.006,1.016
55:01.8,0,0.022,0.007,1.016
55:02.0,0,0.023,0.007,1.016
55:02.2,0,0.022,0.007,1.017
55:02.4,0,0.022,0.007,1.017
55:02.6,0,0.022,0.006,1.018
55:02.8,0,0.023,0.006,1.018
55:03.0,0,0.022,0.006,1.019
55:03.2,0,0.022,0.005,1.018
55:03.4,0,0.023,0.005,1.016
55:03.6,0,0.023,0.006,1.015
55:03.8,0,0.022,0.006,1.015
55:04.0,0,0.023,0.006,1.013
55:04.2,0,0.023,0.005,1.014
55:04.4,0,0.022,0.006,1.016
55:04.6,0,0.022,0.006,1.016
55:04.8,0,0.023,0.007,1.016
55:05.0,0,0.022,0.008,1.018
55:05.2,0,0.022,0.008,1.018
55:05.5,0,0.023,0.007,1.018
55:05.7,1,0.023,0.007,1.018
55:05.9,1,0.022,0.006,1.018
55:06.1,1,0.022,0.007,1.017
55:06.3,1,0.022,0.007,1.017
55:06.5,1,0.022,0.006,1.017
55:06.7,0,0.022,0.006,1.017
55:06.9,0,0.022,0.006,1.017
55:07.1,0,0.022,0.006,1.017
55:07.3,0,0.022,0.006,1.017
55:07.5,0,0.022,0.006,1.017
55:07.7,0,0.022,0.006,1.018
55:07.9,0,0.022,0.007,1.018
55:08.1,0,0.022,0.007,1.018
55:08.3,0,0.022,0.007,1.018
55:08.5,0,0.022,0.007,1.017
55:08.7,0,0.023,0.007,1.017
55:08.9,0,0.022,0.007,1.017
55:09.1,0,0.022,0.007,1.017
55:09.3,0,0.022,0.007,1.017
55:09.5,0,0.022,0.007,1.017
55:09.7,0,0.022,0.007,1.017
55:09.9,0,0.022,0.007,1.017
55:10.1,1,0.022,0.007,1.017
55:10.3,1,0.022,0.007,1.017
55:10.5,1,0.022,0.007,1.017
55:10.7,1,0.022,0.006,1.017
55:10.9,1,0.022,0.007,1.017
55:11.2,0,0.022,0.006,1.017
55:11.4,0,0.022,0.007,1.017
55:11.6,0,0.022,0.006,1.017
55:11.8,0,0.022,0.007,1.017
55:12.0,0,0.022,0.007,1.017
55:12.2,0,0.022,0.007,1.017
55:12.4,0,0.022,0.007,1.018
55:12.6,0,0.022,0.007,1.018
55:12.8,0,0.022,0.007,1.017
55:13.0,0,0.022,0.007,1.018
55:13.2,0,0.022,0.007,1.018
55:13.4,0,0.022,0.006,1.018
55:13.6,0,0.023,0.007,1.018
55:13.8,0,0.023,0.007,1.018
55:14.0,0,0.022,0.006,1.017
55:14.2,0,0.023,0.006,1.017
55:14.4,0,0.023,0.006,1.017
55:14.6,0,0.023,0.007,1.017
55:14.8,0,0.023,0.006,1.017
55:15.0,0,0.023,0.006,1.017
55:15.2,0,0.022,0.006,1.017
55:15.4,0,0.022,0.006,1.017
55:15.6,0,0.022,0.006,1.017
55:15.9,0,0.022,0.007,1.017
55:16.1,0,0.022,0.007,1.017
55:16.3,0,0.022,0.007,1.017
55:16.5,0,0.022,0.007,1.017
55:16.7,0,0.022,0.007,1.017
55:16.9,0,0.022,0.007,1.017
55:17.1,0,0.022,0.007,1.018
55:17.3,0,0.022,0.007,1.018
55:17.5,0,0.022,0.006,1.017
55:17.7,0,0.022,0.007,1.018
55:17.9,0,0.022,0.006,1.018
55:18.1,0,0.022,0.007,1.017
55:18.3,0,0.022,0.007,1.017
55:18.5,0,0.022,0.007,1.017
55:18.7,0,0.022,0.006,1.017
55:18.9,0,0.022,0.007,1.017
55:19.1,0,0.022,0.006,1.018
55:19.3,0,0.022,0.006,1.018
55:19.5,0,0.022,0.006,1.017
55:19.7,1,0.022,0.006,1.018
55:19.9,1,0.022,0.007,1.018
55:20.1,1,0.022,0.007,1.018
55:20.3,1,0.022,0.007,1.018
55:20.5,1,0.022,0.007,1.018
55:20.7,1,0.023,0.007,1.018
55:21.0,0,0.022,0.006,1.017
55:21.2,0,0.023,0.007,1.017
55:21.4,0,0.022,0.007,1.017
55:21.6,0,0.004,-0.034,1.035
55:21.8,0,0.007,-0.039,1.039
55:22.0,0,-0.036,-0.006,1.036
55:22.2,0,-0.086,-0.007,1.029
55:22.4,0,-0.162,-0.011,1.015
55:22.6,0,-0.211,-0.004,0.976
55:22.8,0,-0.233,-0.028,0.97
55:23.0,0,-0.181,0.036,1.026
55:23.2,0,-0.096,0.07,1.045
55:23.4,0,-0.02,0.077,1.072
55:23.6,0,0.047,0.111,1.096
55:23.8,0,0.065,0.142,1.099
55:24.0,0,0.056,0.045,1.045
55:24.2,0,0.022,0.011,1.033
55:24.4,0,0.074,-0.024,1.032
55:24.6,0,0.049,-0.095,1.015
55:24.8,0,-0.024,-0.155,1.004
55:25.0,0,-0.099,-0.205,1
55:25.2,0,-0.175,-0.222,1.037
55:25.4,0,-0.307,-0.189,1
55:25.6,1,-0.227,-0.141,1.022
55:25.8,1,-0.099,-0.148,0.968
55:26.0,1,0.008,-0.251,0.903
55:26.3,1,0.089,-0.35,0.826
55:26.5,1,0.174,-0.26,0.87
55:26.7,0,0.111,-0.2,0.92
55:26.9,0,0.06,-0.125,0.961
55:27.1,0,0.031,0.021,1.024
55:27.3,0,0.03,0.133,1.074
55:27.5,0,0.026,0.042,1.054
55:27.7,0,0.035,0.003,0.996
55:27.9,0,0.031,-0.004,1.018
55:28.1,0,0.028,0.003,1.024
55:28.3,0,0.023,0.009,1.014
55:28.5,0,0.021,0.005,1.024
55:28.7,0,0.02,0.003,1.033
55:28.9,0,0.021,0.01,1.03
55:29.1,0,0.022,0.009,1.03
55:29.3,0,0.022,0.008,1.031
55:29.5,0,0.024,0.012,1.022
55:29.7,0,0.026,0.013,1.013
55:29.9,0,0.026,0.006,1.017
55:30.1,0,0.026,0.006,1.017
55:30.3,1,0.026,0.006,1.017
55:30.5,1,0.026,0.006,1.017
55:30.7,1,0.026,0.006,1.017
55:30.9,1,0.026,0.005,1.017
55:31.1,1,0.026,0.006,1.018
55:31.3,1,0.026,0.006,1.019
55:31.6,0,0.025,0.006,1.02
55:31.8,0,0.025,0.006,1.019
55:32.0,0,0.025,0.007,1.018
55:32.2,0,0.026,0.006,1.017
55:32.4,0,0.024,0.007,1.022
55:32.6,0,0.025,0.006,1.019
55:32.8,0,0.026,0.005,1.016
55:33.0,0,0.025,0.006,1.019
55:33.2,0,0.025,0.007,1.019
55:33.4,0,0.027,0.006,1.012
55:33.6,0,0.026,0.006,1.015
55:33.8,0,0.025,0.008,1.019
55:34.0,0,0.026,0.006,1.015
55:34.2,0,0.026,0.006,1.015
55:34.4,0,0.026,0.007,1.018
55:34.6,0,0.026,0.007,1.017
55:34.8,0,0.026,0.006,1.016
55:35.0,0,0.026,0.007,1.017
55:35.2,0,0.026,0.006,1.018
55:35.4,0,0.025,0.005,1.018
55:35.6,1,0.025,0.006,1.018
55:35.8,1,0.026,0.006,1.017
55:36.0,1,0.025,0.005,1.018
55:36.2,1,0.026,0.006,1.017
55:36.4,1,0.026,0.007,1.015
55:36.6,1,0.026,0.006,1.016
55:36.8,0,0.026,0.007,1.017
55:37.1,0,0.026,0.007,1.016
55:37.3,0,0.026,0.006,1.016
55:37.5,0,0.026,0.007,1.017
55:37.7,0,0.026,0.007,1.018
55:37.9,0,0.026,0.006,1.017
55:38.1,0,0.026,0.006,1.017
55:38.3,0,0.026,0.007,1.018
55:38.5,0,0.025,0.006,1.018
55:38.7,0,0.025,0.006,1.018
55:38.9,0,0.025,0.007,1.017
55:39.1,0,0.025,0.007,1.019
55:39.3,0,0.025,0.009,1.019
55:39.5,0,0.025,0.005,1.02
55:39.7,0,0.024,0.005,1.023
55:39.9,0,0.024,0.005,1.024
55:40.1,0,0.024,0.004,1.023
55:40.3,0,0.025,0.002,1.022
55:40.5,0,0.025,0.006,1.021
55:40.7,0,0.026,0.006,1.018
55:40.9,0,0.026,0.006,1.017
55:41.1,0,0.026,0.006,1.017
55:41.3,0,0.025,0.005,1.018
55:41.5,0,0.025,0.005,1.017
55:41.7,0,0.025,0.005,1.017
55:41.9,1,0.025,0.005,1.018
55:42.1,1,0.025,0.005,1.017
55:42.3,1,0.025,0.005,1.017
55:42.6,1,0.026,0.005,1.017
55:42.8,1,0.025,0.005,1.016
55:43.0,1,0.026,0.005,1.017
55:43.2,0,0.026,0.006,1.017
55:43.4,0,0.026,0.005,1.017
55:43.6,0,0.026,0.006,1.017
55:43.8,0,0.026,0.006,1.018
55:44.0,0,0.026,0.005,1.017
55:44.2,0,0.026,0.006,1.018
55:44.4,0,0.026,0.006,1.017
55:44.6,0,0.026,0.005,1.017
55:44.8,0,0.026,0.006,1.017
55:45.0,0,0.025,0.006,1.017
55:45.2,0,0.025,0.006,1.017
55:45.4,0,0.025,0.006,1.017
55:45.6,0,0.025,0.006,1.017
55:45.8,0,0.025,0.006,1.017
55:46.0,0,0.026,0.005,1.017
55:46.2,0,0.025,0.005,1.017
55:46.4,0,0.025,0.005,1.017
55:46.6,0,0.025,0.005,1.017
55:46.8,0,0.025,0.005,1.017
55:47.0,0,0.025,0.006,1.018
55:47.2,0,0.025,0.006,1.018
55:47.4,1,0.025,0.006,1.018
55:47.7,1,0.025,0.006,1.017
55:47.9,1,0.026,0.006,1.017
55:48.1,1,0.026,0.006,1.017
55:48.3,1,0.026,0.005,1.017
55:48.5,1,0.026,0.005,1.017
55:48.7,0,0.026,0.005,1.017
55:48.9,0,0.026,0.005,1.017
55:49.1,0,0.026,0.005,1.017
55:49.3,0,0.026,0.005,1.017
55:49.5,0,0.026,0.005,1.017
55:49.7,0,0.026,0.005,1.017
55:49.9,0,0.026,0.005,1.017
55:50.1,0,0.026,0.005,1.017
55:50.3,0,0.026,0.005,1.017
55:50.5,0,0.026,0.005,1.017
55:50.7,0,0.026,0.005,1.017
55:50.9,0,0.025,0.005,1.017
55:51.1,0,0.025,0.005,1.017
55:51.3,0,0.026,0.005,1.018
55:51.5,0,0.026,0.005,1.018
55:51.7,0,0.026,0.005,1.018
55:51.9,0,0.026,0.005,1.018
55:52.1,0,0.026,0.005,1.018
55:52.3,0,0.026,0.005,1.018
55:52.5,0,0.026,0.006,1.018
55:52.7,0,0.026,0.006,1.018
55:53.0,1,0.026,0.005,1.018
55:53.2,1,0.026,0.005,1.018
55:53.4,1,0.026,0.005,1.018
55:53.6,1,0.026,0.005,1.018
55:53.8,1,0.026,0.005,1.018
55:54.0,0,0.026,0.005,1.018
55:54.2,0,0.026,0.005,1.018
55:54.4,0,0.026,0.005,1.017
55:54.6,0,0.025,0.005,1.017
55:54.8,0,0.025,0.005,1.017
55:55.0,0,0.025,0.005,1.017
55:55.2,0,0.025,0.005,1.017
55:55.4,0,0.025,0.005,1.017
55:55.6,0,0.026,0.005,1.017
55:55.8,0,0.026,0.005,1.017
55:56.0,0,0.026,0.004,1.017
55:56.2,0,0.026,0.004,1.017
55:56.4,0,0.026,0.005,1.017
55:56.6,0,0.026,0.005,1.017
55:56.8,0,0.026,0.005,1.017
55:57.0,0,0.026,0.005,1.017
55:57.2,0,0.026,0.005,1.018
55:57.4,0,0.026,0.005,1.018
55:57.6,0,0.026,0.005,1.019
55:57.8,0,0.026,0.005,1.02
55:58.0,0,0.026,0.005,1.02
55:58.2,0,0.025,0.004,1.021
55:58.4,0,0.025,0.005,1.023
55:58.7,0,0.025,0.005,1.022
55:58.9,1,0.025,0.005,1.02
55:59.1,1,0.025,0.006,1.021
55:59.3,1,0.025,0.006,1.018
55:59.5,1,0.025,0.005,1.016
55:59.7,1,0.026,0.006,1.017
55:59.9,0,0.026,0.006,1.017
56:00.1,0,0.026,0.005,1.016
56:00.3,0,0.026,0.006,1.018
56:00.5,0,0.026,0.007,1.021
56:00.7,0,0.026,0.006,1.02
56:00.9,0,0.026,0.006,1.02
56:01.1,0,0.026,0.006,1.021
56:01.3,0,0.026,0.006,1.019
56:01.5,0,0.026,0.005,1.017
56:01.7,0,0.025,0.005,1.018
56:01.9,0,0.025,0.005,1.018
56:02.1,0,0.025,0.005,1.017
56:02.3,0,0.025,0.005,1.017
56:02.5,0,0.026,0.005,1.018
56:02.7,0,0.026,0.005,1.018
56:02.9,0,0.025,0.005,1.017
56:03.1,0,0.026,0.006,1.018
56:03.3,0,0.025,0.005,1.018
56:03.5,1,0.025,0.005,1.017
56:03.7,1,0.025,0.005,1.017
56:03.9,1,0.025,0.005,1.017
56:04.1,1,0.025,0.005,1.017
56:04.3,1,0.026,0.005,1.017
56:04.5,0,0.026,0.005,1.017
56:04.7,0,0.026,0.005,1.017
56:05.0,0,0.026,0.006,1.017
56:05.2,0,0.026,0.005,1.017
56:05.4,0,0.026,0.006,1.017
56:05.6,0,0.025,0.005,1.017
56:05.8,0,0.025,0.006,1.018
56:06.0,0,0.026,0.006,1.018
56:06.2,0,0.026,0.005,1.018
56:06.4,0,0.025,0.005,1.018
56:06.6,0,0.026,0.006,1.018
56:06.8,0,0.026,0.005,1.018
56:07.0,0,0.026,0.005,1.018
56:07.2,0,0.026,0.005,1.018
56:07.4,0,0.026,0.005,1.018
56:07.6,0,0.026,0.006,1.018
56:07.8,0,0.026,0.006,1.017
56:08.0,0,0.025,0.005,1.017
56:08.2,0,0.025,0.006,1.018
56:08.4,0,0.025,0.005,1.017
56:08.6,0,0.025,0.005,1.017
56:08.8,0,0.025,0.005,1.017
56:09.0,1,0.026,0.005,1.017
56:09.2,1,0.025,0.005,1.017
56:09.4,1,0.026,0.005,1.017
56:09.6,1,0.026,0.005,1.017
56:09.8,1,0.026,0.005,1.018
56:10.0,0,0.026,0.005,1.018
56:10.2,0,0.026,0.005,1.018
56:10.4,0,0.026,0.005,1.018
56:10.6,0,0.026,0.005,1.017
56:10.8,0,0.026,0.005,1.017
56:11.0,0,0.026,0.005,1.017
56:11.2,0,0.026,0.005,1.017
56:11.4,0,0.026,0.005,1.017
56:11.6,0,0.026,0.005,1.017
56:11.8,0,0.026,0.005,1.017
56:12.1,0,0.026,0.006,1.017
56:12.3,0,0.026,0.006,1.017
56:12.5,0,0.025,0.006,1.017
56:12.7,0,0.026,0.006,1.017
56:12.9,0,0.025,0.006,1.017
56:13.1,0,0.025,0.006,1.017
56:13.3,0,0.026,0.005,1.017
56:13.5,1,0.026,0.005,1.017
56:13.7,1,0.026,0.005,1.017
56:13.9,1,0.025,0.005,1.017
56:14.1,1,0.026,0.006,1.017
56:14.3,1,0.025,0.006,1.017
56:14.5,0,0.026,0.006,1.017
56:14.7,0,0.025,0.006,1.017
56:14.9,0,0.026,0.006,1.017
56:15.1,0,0.026,0.005,1.017
56:15.3,0,0.026,0.005,1.017
56:15.5,0,0.026,0.005,1.017
56:15.7,0,0.026,0.005,1.017
56:15.9,0,0.026,0.006,1.017
56:16.1,0,0.026,0.005,1.017
56:16.3,0,0.025,0.005,1.017
56:16.5,0,0.025,0.005,1.017
56:16.7,0,0.025,0.005,1.017
56:16.9,0,0.025,0.005,1.017
56:17.1,0,0.025,0.005,1.017
56:17.3,0,0.026,0.005,1.017
56:17.5,0,0.026,0.005,1.017
56:17.7,0,0.025,0.005,1.018
56:17.9,0,0.026,0.006,1.018
56:18.1,0,0.026,0.006,1.017
56:18.3,0,0.026,0.006,1.017
56:18.5,0,0.026,0.006,1.017
56:18.8,0,0.026,0.005,1.016
56:19.0,0,0.025,0.005,1.016
56:19.2,0,0.025,0.005,1.017
56:19.4,0,0.025,0.005,1.017
56:19.6,0,0.026,0.005,1.016
56:19.8,0,0.026,0.005,1.017
56:20.0,0,0.026,0.005,1.017
56:20.2,0,0.026,0.005,1.016
56:20.4,0,0.026,0.005,1.017
56:20.6,0,0.026,0.005,1.017
56:20.8,0,0.026,0.005,1.017
56:21.0,0,0.025,0.005,1.017
56:21.2,0,0.025,0.005,1.017
56:21.4,0,0.025,0.005,1.017
56:21.6,0,0.026,0.005,1.017
56:21.8,0,0.026,0.005,1.017
56:22.0,0,0.026,0.005,1.017
56:22.2,0,0.026,0.005,1.017
56:22.4,0,0.026,0.005,1.017
56:22.6,0,0.026,0.005,1.017
56:22.8,0,0.026,0.006,1.017
56:23.0,0,0.026,0.006,1.017
56:23.2,0,0.026,0.006,1.017
56:23.4,0,0.026,0.006,1.017
56:23.6,0,0.026,0.005,1.017
56:23.8,0,0.026,0.005,1.017
56:24.0,0,0.026,0.006,1.017
56:24.2,0,0.026,0.005,1.017
56:24.4,0,0.026,0.005,1.016
56:24.6,0,0.026,0.005,1.016
56:24.8,0,0.026,0.005,1.016
56:25.0,0,0.026,0.005,1.016
56:25.2,0,0.026,0.005,1.016
56:25.5,0,0.026,0.005,1.017
56:25.7,0,0.027,0.008,1.019
56:25.9,0,0.026,0.008,1.019
56:26.1,0,0.025,0.008,1.02
56:26.3,0,0.025,0.008,1.02
56:26.5,0,0.025,0.009,1.02
56:26.7,0,0.024,0.006,1.019
56:26.9,0,0.025,0.006,1.018
56:27.1,0,0.026,0.007,1.017
56:27.3,0,0.026,0.006,1.017
56:27.5,0,0.026,0.006,1.017
56:27.7,0,0.026,0.006,1.016
56:27.9,0,0.026,0.005,1.017
56:28.1,0,0.025,0.006,1.017
56:28.3,1,0.025,0.005,1.016
56:28.5,1,0.026,0.005,1.017
56:28.7,1,0.026,0.006,1.018
56:28.9,1,0.026,0.005,1.018
56:29.1,1,0.026,0.005,1.018
56:29.3,1,0.026,0.006,1.018
56:29.5,0,0.026,0.005,1.016
56:29.7,0,0.026,0.005,1.016
56:29.9,0,0.026,0.006,1.016
56:30.1,0,0.026,0.005,1.016
56:30.3,0,0.026,0.005,1.016
56:30.5,0,0.025,0.006,1.018
56:30.7,0,0.025,0.006,1.017
56:30.9,0,0.025,0.005,1.017
56:31.1,0,0.026,0.006,1.018
56:31.3,0,0.026,0.006,1.018
56:31.5,0,0.026,0.006,1.018
56:31.7,0,0.026,0.006,1.018
56:31.9,0,0.026,0.005,1.017
56:32.1,0,0.026,0.005,1.017
56:32.4,0,0.025,0.005,1.017
56:32.6,0,0.025,0.005,1.017
56:32.8,0,0.025,0.005,1.017
56:33.0,0,0.025,0.005,1.017
56:33.2,0,0.025,0.005,1.017
56:33.4,0,0.026,0.005,1.017
56:33.6,0,0.026,0.005,1.017
56:33.8,0,0.026,0.005,1.017
56:34.0,0,0.026,0.005,1.017
56:34.2,0,0.025,0.005,1.017
56:34.4,0,0.026,0.005,1.017
56:34.6,0,0.026,0.006,1.017
56:34.8,0,0.026,0.006,1.017
56:35.0,0,0.026,0.007,1.017
56:35.2,0,0.026,0.007,1.017
56:35.4,0,0.026,0.006,1.017
56:35.6,0,0.026,0.006,1.016
56:35.8,0,0.026,0.006,1.016
56:36.0,0,0.026,0.006,1.017
56:36.2,0,0.026,0.006,1.017
56:36.4,0,0.026,0.006,1.017
56:36.6,0,0.025,0.005,1.017
56:36.8,0,0.025,0.005,1.018
56:37.0,0,0.026,0.005,1.017
56:37.2,0,0.026,0.005,1.017
56:37.4,0,0.026,0.005,1.018
56:37.6,0,0.026,0.006,1.017
56:37.8,0,0.026,0.006,1.016
56:38.0,0,0.026,0.006,1.017
56:38.2,0,0.026,0.006,1.018
56:38.4,0,0.026,0.006,1.018
56:38.7,0,0.026,0.006,1.017
56:38.9,0,0.026,0.005,1.017
56:39.1,1,0.026,0.005,1.017
56:39.3,1,0.026,0.005,1.016
56:39.5,1,0.026,0.005,1.016
56:39.7,1,0.026,0.005,1.016
56:39.9,1,0.025,0.006,1.017
56:40.1,1,0.025,0.006,1.016
56:40.3,0,0.025,0.006,1.016
56:40.5,0,0.025,0.006,1.017
56:40.7,0,0.025,0.006,1.017
56:40.9,0,0.025,0.005,1.016
56:41.1,0,0.026,0.006,1.017
56:41.3,0,0.025,0.005,1.017
56:41.5,0,0.026,0.005,1.016
56:41.7,0,0.026,0.005,1.017
56:41.9,0,0.025,0.005,1.017
56:42.1,0,0.025,0.005,1.017
56:42.3,0,0.026,0.005,1.016
56:42.5,0,0.026,0.005,1.016
56:42.7,0,0.026,0.005,1.016
56:42.9,0,0.026,0.005,1.017
56:43.1,0,0.026,0.005,1.016
56:43.3,0,0.025,0.005,1.017
56:43.5,1,0.025,0.005,1.017
56:43.7,1,0.025,0.005,1.017
56:43.9,1,0.025,0.005,1.016
56:44.1,1,0.026,0.005,1.016
56:44.3,1,0.026,0.005,1.017
56:44.6,1,0.026,0.005,1.017
56:44.8,0,0.026,0.006,1.017
56:45.0,0,0.026,0.006,1.017
56:45.2,0,0.026,0.006,1.017
56:45.4,0,0.026,0.006,1.017
56:45.6,0,0.026,0.006,1.016
56:45.8,0,0.026,0.006,1.017
56:46.0,0,0.025,0.005,1.017
56:46.2,0,0.025,0.005,1.017
56:46.4,0,0.025,0.005,1.017
56:46.6,0,0.025,0.005,1.018
56:46.8,0,0.025,0.005,1.018
56:47.0,0,0.025,0.005,1.017
56:47.2,0,0.025,0.006,1.017
56:47.4,0,0.025,0.005,1.018
56:47.6,0,0.025,0.006,1.018
56:47.8,0,0.025,0.005,1.018
56:48.0,0,0.025,0.005,1.018
56:48.2,0,0.025,0.005,1.018
56:48.4,0,0.025,0.006,1.017
56:48.6,0,0.025,0.006,1.017
56:48.8,0,0.025,0.007,1.017
56:49.0,0,0.025,0.006,1.016
56:49.2,0,0.026,0.006,1.016
56:49.4,0,0.025,0.006,1.016
56:49.6,0,0.025,0.006,1.016
56:49.8,0,0.025,0.006,1.016
56:50.0,0,0.026,0.006,1.016
56:50.2,0,0.025,0.006,1.016
56:50.4,0,0.026,0.006,1.016
56:50.6,0,0.026,0.006,1.016
56:50.9,0,0.026,0.006,1.016
56:51.1,0,0.026,0.006,1.017
56:51.3,0,0.026,0.006,1.016
56:51.5,0,0.026,0.006,1.017
56:51.7,0,0.025,0.005,1.017
56:51.9,0,0.025,0.005,1.017
56:52.1,0,0.025,0.005,1.017
56:52.3,0,0.025,0.005,1.017
56:52.5,0,0.025,0.005,1.017
56:52.7,0,0.025,0.006,1.017
56:52.9,0,0.025,0.006,1.017
56:53.1,0,0.025,0.006,1.017
56:53.3,0,0.025,0.006,1.017
56:53.5,0,0.025,0.006,1.017
56:53.7,0,0.025,0.006,1.017
56:53.9,0,0.025,0.006,1.017
56:54.1,0,0.025,0.006,1.017
56:54.3,0,0.025,0.006,1.017
56:54.5,0,0.025,0.006,1.017
56:54.7,0,0.025,0.006,1.017
56:54.9,0,0.025,0.006,1.016
56:55.1,0,0.025,0.006,1.016
56:55.3,0,0.025,0.006,1.016
56:55.5,0,0.025,0.006,1.016
56:55.7,0,0.025,0.006,1.016
56:55.9,0,0.024,0.007,1.016
56:56.1,0,0.025,0.007,1.016
56:56.3,0,0.024,0.007,1.016
56:56.5,0,0.024,0.006,1.016
56:56.7,0,0.024,0.007,1.016
56:56.9,0,0.024,0.006,1.016
56:57.1,0,0.024,0.007,1.016
56:57.3,0,0.024,0.007,1.016
56:57.5,0,0.024,0.007,1.017
56:57.7,0,0.025,0.007,1.017
56:58.0,0,0.025,0.007,1.017
56:58.2,0,0.025,0.007,1.017
56:58.4,0,0.024,0.007,1.017
56:58.6,0,0.024,0.007,1.017
56:58.8,0,0.024,0.007,1.017
56:59.0,0,0.024,0.007,1.017
56:59.2,0,0.024,0.007,1.017
56:59.4,0,0.024,0.007,1.016
56:59.6,0,0.025,0.007,1.016
56:59.8,0,0.025,0.006,1.016
57:00.0,0,0.024,0.006,1.016
57:00.2,0,0.024,0.006,1.016
57:00.4,0,0.024,0.006,1.016
57:00.6,0,0.024,0.007,1.016
57:00.8,0,0.024,0.007,1.016
57:01.0,0,0.024,0.007,1.016
57:01.2,0,0.024,0.007,1.016
57:01.4,0,0.024,0.007,1.016
57:01.6,0,0.024,0.007,1.017
57:01.8,0,0.024,0.007,1.017
57:02.0,0,0.024,0.007,1.017
57:02.2,0,0.024,0.007,1.017
57:02.4,0,0.024,0.007,1.017
57:02.6,0,0.024,0.007,1.017
57:02.8,0,0.024,0.007,1.017
57:03.0,0,0.024,0.007,1.017
57:03.2,0,0.024,0.007,1.017
57:03.4,0,0.024,0.007,1.016
57:03.6,0,0.025,0.007,1.017
57:03.8,0,0.025,0.006,1.017
57:04.0,0,0.025,0.007,1.017
57:04.2,0,0.025,0.007,1.017
57:04.4,0,0.025,0.007,1.018
57:04.6,0,0.024,0.007,1.018
57:04.8,0,0.024,0.007,1.017
57:05.0,0,0.024,0.007,1.018
57:05.3,0,0.024,0.007,1.017
57:05.5,0,0.024,0.007,1.017
57:05.7,0,0.024,0.006,1.017
57:05.9,0,0.024,0.006,1.017
57:06.1,0,0.024,0.006,1.017
57:06.3,0,0.024,0.006,1.017
57:06.5,0,0.024,0.007,1.017
57:06.7,0,0.024,0.007,1.017
57:06.9,0,0.024,0.007,1.017
57:07.1,0,0.024,0.007,1.017
57:07.3,0,0.024,0.007,1.016
57:07.5,0,0.024,0.007,1.016
57:07.7,0,0.024,0.007,1.016
57:07.9,0,0.024,0.007,1.016
57:08.1,0,0.024,0.006,1.016
57:08.3,0,0.024,0.007,1.017
57:08.5,0,0.024,0.007,1.016
57:08.7,0,0.024,0.007,1.016
57:08.9,0,0.024,0.007,1.017
57:09.1,0,0.024,0.007,1.017
57:09.3,0,0.024,0.007,1.017
57:09.5,0,0.024,0.007,1.017
57:09.7,0,0.024,0.007,1.017
57:09.9,0,0.024,0.007,1.016
57:10.1,0,0.024,0.007,1.016
57:10.3,0,0.024,0.008,1.017
57:10.5,0,0.023,0.008,1.017
57:10.7,0,0.024,0.007,1.017
57:10.9,0,0.024,0.007,1.016
57:11.1,0,0.024,0.006,1.017
57:11.3,0,0.024,0.006,1.016
57:11.5,0,0.025,0.007,1.015
57:11.7,0,0.024,0.007,1.016
57:12.0,0,0.024,0.007,1.016
57:12.2,0,0.024,0.008,1.016
57:12.4,0,0.024,0.008,1.016
57:12.6,0,0.023,0.007,1.016
57:12.8,0,0.024,0.007,1.016
57:13.0,0,0.024,0.007,1.016
57:13.2,0,0.024,0.007,1.016
57:13.4,0,0.024,0.007,1.016
57:13.6,0,0.024,0.007,1.016
57:13.8,0,0.024,0.007,1.017
57:14.0,0,0.024,0.007,1.017
57:14.2,0,0.024,0.007,1.016
57:14.4,1,0.024,0.007,1.016
57:14.6,1,0.024,0.007,1.017
57:14.8,1,0.025,0.007,1.017
57:15.0,1,0.024,0.007,1.016
57:15.2,1,0.024,0.007,1.016
57:15.4,1,0.024,0.007,1.016
57:15.6,0,0.024,0.007,1.016
57:15.8,0,0.023,0.008,1.016
57:16.0,0,0.024,0.008,1.016
57:16.2,0,0.024,0.007,1.017
57:16.4,0,0.024,0.007,1.016
57:16.6,0,0.024,0.008,1.017
57:16.8,0,0.024,0.007,1.017
57:17.0,0,0.024,0.007,1.017
57:17.2,0,0.024,0.008,1.017
57:17.4,0,0.024,0.008,1.017
57:17.6,0,0.024,0.007,1.017
57:17.8,0,0.024,0.007,1.016
57:18.0,0,0.024,0.008,1.016
57:18.2,0,0.024,0.007,1.016
57:18.4,0,0.024,0.008,1.016
57:18.6,0,0.024,0.007,1.016
57:18.8,0,0.024,0.007,1.017
57:19.0,0,0.024,0.007,1.017
57:19.3,0,0.024,0.007,1.016
57:19.5,0,0.024,0.007,1.017
57:19.7,1,0.024,0.007,1.017
57:19.9,1,0.024,0.008,1.016
57:20.1,1,0.024,0.008,1.014
57:20.3,1,0.024,0.007,1.014
57:20.5,1,0.024,0.007,1.015
57:20.7,1,0.023,0.007,1.015
57:20.9,0,0.024,0.007,1.014
57:21.1,0,0.024,0.007,1.016
57:21.3,0,0.023,0.008,1.018
57:21.5,0,0.024,0.007,1.016
57:21.7,0,0.024,0.007,1.016
57:21.9,0,0.024,0.007,1.017
57:22.1,0,0.024,0.007,1.017
57:22.3,0,0.024,0.007,1.016
57:22.5,0,0.024,0.008,1.017
57:22.7,0,0.024,0.007,1.017
57:22.9,0,0.024,0.008,1.017
57:23.1,0,0.024,0.03,1.001
57:23.3,0,0.024,0.039,1.002
57:23.5,0,0.022,0.046,1.002
57:23.7,0,0.022,0.045,1.001
57:23.9,0,0.022,0.044,1
57:24.1,0,0.022,0.021,1.016
57:24.3,1,0.021,0.011,1.015
57:24.5,1,0.023,0.005,1.014
57:24.7,1,0.023,0.005,1.014
57:24.9,1,0.023,0.007,1.016
57:25.1,1,0.023,0.007,1.016
57:25.3,0,0.023,0.007,1.016
57:25.5,0,0.023,0.006,1.017
57:25.7,0,0.023,0.007,1.017
57:25.9,0,0.023,0.007,1.017
57:26.1,0,0.023,0.006,1.017
57:26.3,0,0.023,0.006,1.017
57:26.5,0,0.023,0.007,1.017
57:26.8,0,0.023,0.007,1.017
57:27.0,0,0.023,0.007,1.017
57:27.2,0,0.023,0.007,1.017
57:27.4,0,0.023,0.007,1.017
57:27.6,0,0.023,0.007,1.017
57:27.8,0,0.023,0.007,1.017
57:28.0,0,0.023,0.006,1.017
57:28.2,0,0.023,0.006,1.017
57:28.4,0,0.023,0.007,1.016
57:28.6,0,0.023,0.007,1.016
57:28.8,0,0.023,0.007,1.017
57:29.0,0,0.022,0.007,1.017
57:29.2,0,0.022,0.007,1.017
57:29.4,1,0.022,0.007,1.016
57:29.6,1,0.022,0.006,1.016
57:29.8,1,0.022,0.006,1.016
57:30.0,1,0.022,0.006,1.016
57:30.2,1,0.023,0.006,1.017
57:30.4,1,0.023,0.007,1.016
57:30.6,0,0.023,0.007,1.016
57:30.8,0,0.023,0.007,1.016
57:31.0,0,0.023,0.007,1.015
57:31.2,0,0.023,0.007,1.016
57:31.4,0,0.022,0.006,1.017
57:31.6,0,0.023,0.007,1.016
57:31.8,0,0.023,0.006,1.017
57:32.0,0,0.022,0.006,1.017
57:32.2,0,0.023,0.006,1.016
57:32.4,0,0.023,0.006,1.016
57:32.6,0,0.023,0.006,1.016
57:32.8,0,0.023,0.006,1.016
57:33.0,0,0.023,0.006,1.016
57:33.2,0,0.023,0.006,1.017
57:33.5,0,0.023,0.006,1.017
57:33.7,0,0.023,0.006,1.017
57:33.9,0,0.023,0.006,1.017
57:34.1,0,0.023,0.006,1.017
57:34.3,0,0.023,0.006,1.017
57:34.5,0,0.023,0.007,1.017
57:34.7,0,0.023,0.007,1.017
57:34.9,0,0.023,0.007,1.017
57:35.1,0,0.023,0.007,1.017
57:35.3,0,0.023,0.007,1.017
57:35.5,0,0.023,0.006,1.017
57:35.7,0,0.023,0.007,1.018
57:35.9,0,0.023,0.006,1.017
57:36.1,0,0.023,0.007,1.017
57:36.3,0,0.023,0.006,1.017
57:36.5,0,0.023,0.006,1.016
57:36.7,0,0.023,0.006,1.017
57:36.9,0,0.023,0.006,1.017
57:37.1,0,0.023,0.006,1.016
57:37.3,0,0.023,0.006,1.017
57:37.5,1,0.023,0.007,1.017
57:37.7,1,0.022,0.007,1.016
57:37.9,1,0.023,0.007,1.017
57:38.1,1,0.023,0.007,1.017
57:38.3,1,0.023,0.007,1.016
57:38.5,1,0.023,0.007,1.017
57:38.7,0,0.023,0.007,1.017
57:38.9,0,0.023,0.006,1.016
57:39.1,0,0.023,0.007,1.017
57:39.3,0,0.023,0.007,1.017
57:39.5,0,0.023,0.007,1.016
57:39.7,0,0.023,0.007,1.017
57:40.0,0,0.023,0.007,1.017
57:40.2,0,0.023,0.007,1.017
57:40.4,0,0.023,0.007,1.017
57:40.6,0,0.023,0.006,1.017
57:40.8,0,0.022,0.006,1.017
57:41.0,0,0.023,0.007,1.017
57:41.2,0,0.022,0.007,1.017
57:41.4,0,0.023,0.007,1.017
57:41.6,0,0.023,0.006,1.016
57:41.8,0,0.022,0.006,1.016
57:42.0,0,0.023,0.006,1.016
57:42.2,0,0.023,0.006,1.016
57:42.4,0,0.023,0.007,1.016
57:42.6,0,0.023,0.007,1.016
57:42.8,0,0.023,0.006,1.016
57:43.0,0,0.022,0.006,1.016
57:43.2,0,0.022,0.007,1.016
57:43.4,0,0.022,0.007,1.016
57:43.6,0,0.022,0.007,1.016
57:43.8,0,0.023,0.007,1.017
57:44.0,0,0.023,0.007,1.016
57:44.2,0,0.023,0.007,1.016
57:44.4,0,0.023,0.007,1.016
57:44.6,0,0.023,0.007,1.017
57:44.8,0,0.023,0.007,1.017
57:45.0,0,0.023,0.006,1.017
57:45.2,0,0.023,0.006,1.017
57:45.4,0,0.023,0.006,1.017
57:45.6,0,0.023,0.006,1.017
57:45.8,0,0.023,0.006,1.017
57:46.0,0,0.023,0.006,1.017
57:46.2,0,0.023,0.007,1.018
57:46.4,0,0.023,0.006,1.018
57:46.6,0,0.023,0.006,1.017
57:46.8,0,0.023,0.006,1.018
57:47.1,0,0.023,0.006,1.017
57:47.3,0,0.023,0.006,1.017
57:47.5,0,0.023,0.006,1.017
57:47.7,0,0.023,0.006,1.017
57:47.9,0,0.022,0.006,1.017
57:48.1,0,0.022,0.007,1.017
57:48.3,0,0.022,0.007,1.017
57:48.5,0,0.022,0.007,1.017
57:48.7,0,0.023,0.007,1.017
57:48.9,0,0.023,0.007,1.017
57:49.1,0,0.023,0.007,1.017
57:49.3,0,0.023,0.007,1.017
57:49.5,0,0.023,0.006,1.017
57:49.7,0,0.023,0.007,1.018
57:49.9,0,0.023,0.007,1.017
57:50.1,0,0.023,0.006,1.017
57:50.3,0,0.023,0.007,1.017
57:50.5,0,0.023,0.007,1.017
57:50.7,0,0.023,0.006,1.017
57:50.9,0,0.023,0.006,1.017
57:51.1,0,0.023,0.006,1.017
57:51.3,0,0.023,0.006,1.017
57:51.5,1,0.022,0.006,1.018
57:51.7,1,0.023,0.006,1.017
57:51.9,1,0.022,0.006,1.017
57:52.1,1,0.022,0.007,1.017
57:52.3,1,0.023,0.006,1.016
57:52.5,1,0.023,0.006,1.016
57:52.7,0,0.023,0.007,1.017
57:52.9,0,0.023,0.007,1.017
57:53.1,0,0.023,0.007,1.017
57:53.3,0,0.023,0.007,1.017
57:53.5,0,0.023,0.007,1.018
57:53.8,0,0.023,0.007,1.017
57:54.0,0,0.023,0.007,1.016
57:54.2,0,0.023,0.006,1.017
57:54.4,0,0.022,0.004,1.016
57:54.6,0,0.022,0.004,1.016
57:54.8,0,0.022,0.004,1.015
57:55.0,0,0.022,0.004,1.015
57:55.2,0,0.022,0.005,1.015
57:55.4,0,0.023,0.007,1.016
57:55.6,0,0.023,0.008,1.016
57:55.8,0,0.023,0.007,1.016
57:56.0,1,0.023,0.007,1.017
57:56.2,1,0.022,0.007,1.017
57:56.4,1,0.023,0.007,1.017
57:56.6,1,0.022,0.007,1.017
57:56.8,1,0.023,0.007,1.017
57:57.0,1,0.023,0.007,1.017
57:57.2,0,0.023,0.007,1.018
57:57.4,0,0.022,0.007,1.017
57:57.6,0,0.023,0.006,1.017
57:57.8,0,0.023,0.007,1.018
57:58.0,0,0.023,0.007,1.017
57:58.2,0,0.023,0.007,1.017
57:58.4,0,0.023,0.006,1.017
57:58.6,0,0.023,0.007,1.016
57:58.8,0,0.023,0.007,1.016
57:59.0,0,0.023,0.007,1.016
57:59.2,0,0.023,0.006,1.016
57:59.4,0,0.023,0.007,1.016
57:59.6,0,0.022,0.007,1.016
57:59.8,0,0.023,0.007,1.016
58:00.0,0,0.023,0.006,1.015
58:00.2,0,0.023,0.006,1.016
58:00.4,0,0.023,0.006,1.017
58:00.6,0,0.023,0.006,1.017
58:00.9,1,0.023,0.006,1.017
58:01.1,1,0.023,0.007,1.018
58:01.3,1,0.023,0.007,1.017
58:01.5,1,0.022,0.007,1.016
58:01.7,1,0.022,0.007,1.016
58:01.9,1,0.022,0.006,1.016
58:02.1,0,0.022,0.006,1.016
58:02.3,0,0.022,0.006,1.016
58:02.5,0,0.022,0.007,1.016
58:02.7,0,0.022,0.007,1.016
58:02.9,0,0.023,0.007,1.016
58:03.1,0,0.022,0.007,1.017
58:03.3,0,0.023,0.007,1.017
58:03.5,0,0.023,0.007,1.017
58:03.7,0,0.023,0.006,1.017
58:03.9,0,0.023,0.006,1.017
58:04.1,0,0.023,0.006,1.017
58:04.3,0,0.023,0.006,1.016
58:04.5,0,0.023,0.006,1.016
58:04.7,0,0.022,0.006,1.016
58:04.9,0,0.022,0.006,1.016
58:05.1,0,0.022,0.005,1.017
58:05.3,0,0.022,0.006,1.017
58:05.5,0,0.022,0.007,1.018
58:05.7,0,0.022,0.007,1.018
58:05.9,0,0.022,0.007,1.018
58:06.1,0,0.023,0.007,1.018
58:06.3,1,0.023,0.006,1.017
58:06.5,1,0.023,0.006,1.017
58:06.7,1,0.023,0.006,1.017
58:06.9,1,0.023,0.006,1.017
58:07.1,1,0.023,0.006,1.017
58:07.3,1,0.023,0.006,1.016
58:07.5,0,0.023,0.006,1.016
58:07.7,0,0.023,0.006,1.016
58:08.0,0,0.023,0.006,1.016
58:08.2,0,0.023,0.006,1.016
58:08.4,0,0.023,0.006,1.016
58:08.6,0,0.023,0.006,1.016
58:08.8,0,0.022,0.006,1.016
58:09.0,0,0.022,0.006,1.016
58:09.2,0,0.022,0.006,1.017
58:09.4,0,0.022,0.007,1.018
58:09.6,0,0.022,0.007,1.019
58:09.8,0,0.022,0.007,1.019
58:10.0,0,0.022,0.007,1.019
58:10.2,0,0.022,0.007,1.019
58:10.4,0,0.023,0.006,1.017
58:10.6,0,0.023,0.006,1.016
58:10.8,0,0.022,0.006,1.017
58:11.0,0,0.023,0.007,1.016
58:11.2,0,0.023,0.007,1.015
58:11.4,0,0.022,0.007,1.016
58:11.6,0,0.023,0.007,1.016
58:11.8,0,0.022,0.007,1.016
58:12.0,0,0.022,0.006,1.016
58:12.2,0,0.022,0.006,1.016
58:12.4,0,0.022,0.006,1.017
58:12.6,0,0.022,0.007,1.017
58:12.8,0,0.022,0.006,1.017
58:13.0,0,0.023,0.007,1.017
58:13.2,0,0.023,0.007,1.017
58:13.4,0,0.023,0.006,1.016
58:13.6,0,0.023,0.006,1.016
58:13.8,0,0.023,0.007,1.016
58:14.0,0,0.023,0.006,1.016
58:14.2,1,0.022,0.006,1.016
58:14.4,1,0.023,0.006,1.016
58:14.6,1,0.023,0.006,1.016
58:14.8,1,0.023,0.006,1.016
58:15.0,1,0.023,0.006,1.016
58:15.2,1,0.023,0.006,1.016
58:15.4,0,0.023,0.006,1.016
58:15.7,0,0.023,0.006,1.016
58:15.9,0,0.023,0.006,1.016
58:16.1,0,0.023,0.006,1.015
58:16.3,0,0.023,0.007,1.016
58:16.5,0,0.023,0.006,1.016
58:16.7,0,0.023,0.007,1.016
58:16.9,0,0.023,0.006,1.016
58:17.1,0,0.022,0.006,1.016
58:17.3,0,0.022,0.006,1.016
58:17.5,0,0.023,0.007,1.016
58:17.7,0,0.022,0.006,1.016
58:17.9,0,0.022,0.006,1.016
58:18.1,0,0.022,0.006,1.015
58:18.3,0,0.022,0.006,1.015
58:18.5,0,0.022,0.006,1.015
58:18.7,0,0.023,0.006,1.016
58:18.9,0,0.023,0.006,1.017
58:19.1,0,0.023,0.007,1.017
58:19.3,1,0.023,0.006,1.017
58:19.5,1,0.022,0.006,1.017
58:19.7,1,0.022,0.006,1.016
58:19.9,1,0.023,0.006,1.015
58:20.1,1,0.022,0.006,1.016
58:20.3,1,0.023,0.007,1.017
58:20.5,0,0.023,0.006,1.016
58:20.7,0,0.023,0.006,1.017
58:20.9,0,0.023,0.007,1.017
58:21.1,0,0.023,0.007,1.016
58:21.3,0,0.023,0.006,1.016
58:21.5,0,0.023,0.007,1.017
58:21.7,0,0.023,0.007,1.016
58:21.9,0,0.023,0.007,1.016
58:22.1,0,0.023,0.006,1.016
58:22.3,0,0.023,0.007,1.017
58:22.5,0,0.023,0.007,1.017
58:22.7,0,0.023,0.007,1.017
58:23.0,0,0.023,0.007,1.017
58:23.2,0,0.023,0.007,1.016
58:23.4,0,0.023,0.007,1.016
58:23.6,0,0.023,0.007,1.016
58:23.8,0,0.023,0.007,1.016
58:24.0,1,0.023,0.007,1.016
58:24.2,1,0.023,0.007,1.016
58:24.4,1,0.023,0.007,1.016
58:24.6,1,0.023,0.007,1.017
58:24.8,1,0.023,0.007,1.017
58:25.0,1,0.023,0.007,1.017
58:25.2,0,0.023,0.006,1.017
58:25.4,0,0.023,0.006,1.017
58:25.6,0,0.023,0.006,1.017
58:25.8,0,0.023,0.006,1.017
58:26.0,0,0.022,0.007,1.017
58:26.2,0,0.022,0.007,1.017
58:26.4,0,0.022,0.007,1.017
58:26.6,0,0.022,0.007,1.017
58:26.8,0,0.022,0.007,1.017
58:27.0,0,0.023,0.007,1.017
58:27.2,0,0.023,0.007,1.017
58:27.4,0,0.023,0.007,1.017
58:27.6,0,0.023,0.008,1.017
58:27.8,0,0.023,0.008,1.017
58:28.0,0,0.023,0.007,1.017
58:28.2,0,0.023,0.007,1.018
58:28.4,0,0.023,0.007,1.017
58:28.6,0,0.023,0.007,1.017
58:28.8,1,0.022,0.007,1.017
58:29.0,1,0.022,0.007,1.017
58:29.2,1,0.022,0.007,1.017
58:29.4,1,0.022,0.007,1.017
58:29.6,1,0.022,0.007,1.017
58:29.8,1,0.023,0.007,1.017
58:30.1,0,0.022,0.007,1.017
58:30.3,0,0.023,0.006,1.017
58:30.5,0,0.023,0.006,1.017
58:30.7,0,0.023,0.006,1.017
58:30.9,0,0.023,0.006,1.017
58:31.1,0,0.023,0.007,1.017
58:31.3,0,0.023,0.007,1.017
58:31.5,0,0.023,0.007,1.017
58:31.7,0,0.023,0.007,1.016
58:31.9,0,0.023,0.007,1.016
58:32.1,0,0.023,0.007,1.016
58:32.3,0,0.023,0.007,1.016
58:32.5,0,0.023,0.006,1.016
58:32.7,0,0.022,0.006,1.016
58:32.9,0,0.022,0.007,1.016
58:33.1,0,0.022,0.007,1.017
58:33.3,0,0.022,0.007,1.017
58:33.5,1,0.022,0.007,1.017
58:33.7,1,0.023,0.007,1.017
58:33.9,1,0.023,0.007,1.017
58:34.1,1,0.023,0.007,1.016
58:34.3,1,0.023,0.007,1.016
58:34.5,0,0.023,0.007,1.017
58:34.7,0,0.023,0.007,1.017
58:34.9,0,0.023,0.007,1.017
58:35.1,0,0.023,0.007,1.017
58:35.3,0,0.023,0.007,1.018
58:35.5,0,0.023,0.006,1.017
58:35.7,0,0.022,0.006,1.016
58:35.9,0,0.022,0.006,1.017
58:36.1,0,0.022,0.006,1.017
58:36.3,0,0.023,0.006,1.016
58:36.5,0,0.023,0.006,1.017
58:36.7,0,0.023,0.007,1.018
58:36.9,0,0.023,0.007,1.016
58:37.1,0,0.023,0.007,1.016
58:37.3,0,0.023,0.007,1.017
58:37.5,0,0.023,0.007,1.016
58:37.7,0,0.023,0.007,1.016
58:38.0,0,0.023,0.007,1.017
58:38.2,0,0.023,0.007,1.017
58:38.4,0,0.023,0.007,1.016
58:38.6,0,0.023,0.007,1.017
58:38.8,0,0.023,0.007,1.017
58:39.0,0,0.023,0.007,1.017
58:39.2,0,0.023,0.006,1.017
58:39.4,0,0.023,0.007,1.017
58:39.6,0,0.022,0.007,1.017
58:39.8,0,0.023,0.007,1.017
58:40.0,0,0.023,0.007,1.017
58:40.2,0,0.023,0.007,1.017
58:40.4,0,0.023,0.007,1.017
58:40.6,0,0.023,0.006,1.017
58:40.8,0,0.022,0.006,1.017
58:41.0,0,0.023,0.007,1.016
58:41.2,0,0.023,0.007,1.016
58:41.4,0,0.022,0.007,1.016
58:41.6,0,0.023,0.007,1.016
58:41.8,0,0.023,0.007,1.016
58:42.0,0,0.023,0.006,1.016
58:42.2,0,0.023,0.006,1.016
58:42.4,0,0.023,0.006,1.016
58:42.6,0,0.023,0.006,1.017
58:42.8,0,0.023,0.007,1.017
58:43.0,0,0.023,0.007,1.015
58:43.2,0,0.023,0.007,1.016
58:43.4,0,0.023,0.007,1.016
58:43.6,0,0.023,0.006,1.015
58:43.8,0,0.023,0.007,1.015
58:44.0,0,0.022,0.006,1.018
58:44.2,0,0.023,0.006,1.016
58:44.4,0,0.023,0.007,1.016
58:44.6,0,0.022,0.007,1.018
58:44.8,0,0.022,0.007,1.017
58:45.0,0,0.023,0.008,1.017
58:45.2,0,0.023,0.007,1.017
58:45.5,0,0.023,0.007,1.017
58:45.7,0,0.023,0.007,1.016
58:45.9,0,0.023,0.007,1.017
58:46.1,0,0.023,0.006,1.017
58:46.3,0,0.023,0.007,1.017
58:46.5,0,0.023,0.006,1.016
58:46.7,0,0.023,0.007,1.017
58:46.9,0,0.023,0.007,1.017
58:47.1,0,0.023,0.007,1.016
58:47.3,0,0.023,0.007,1.016
58:47.5,0,0.023,0.007,1.017
58:47.7,0,0.023,0.007,1.017
58:47.9,0,0.023,0.007,1.017
58:48.1,0,0.022,0.007,1.017
58:48.3,0,0.023,0.007,1.017
58:48.5,0,0.022,0.007,1.016
58:48.7,0,0.022,0.007,1.016
58:48.9,0,0.022,0.007,1.016
58:49.1,0,0.023,0.007,1.016
58:49.3,0,0.022,0.006,1.016
58:49.5,0,0.022,0.006,1.016
58:49.7,0,0.023,0.006,1.016
58:49.9,0,0.022,0.006,1.016
58:50.1,0,0.022,0.006,1.016
58:50.3,0,0.022,0.006,1.016
58:50.5,0,0.023,0.006,1.016
58:50.7,0,0.022,0.006,1.016
58:50.9,0,0.023,0.006,1.016
58:51.1,0,0.023,0.006,1.016
58:51.3,0,0.023,0.007,1.016
58:51.5,0,0.023,0.006,1.017
58:51.7,0,0.023,0.006,1.016
58:51.9,0,0.023,0.006,1.017
58:52.1,0,0.023,0.007,1.017
58:52.3,0,0.023,0.007,1.017
58:52.5,0,0.023,0.007,1.017
58:52.8,0,0.023,0.006,1.017
58:53.0,0,0.022,0.007,1.017
58:53.2,0,0.022,0.007,1.017
58:53.4,0,0.022,0.007,1.017
58:53.6,0,0.022,0.007,1.017
58:53.8,0,0.022,0.007,1.017
58:54.0,0,0.022,0.007,1.017
58:54.2,0,0.022,0.007,1.017
58:54.4,0,0.022,0.007,1.017
58:54.6,0,0.023,0.007,1.016
58:54.8,0,0.023,0.007,1.016
58:55.0,0,0.023,0.006,1.016
58:55.2,0,0.023,0.007,1.016
58:55.4,0,0.023,0.007,1.016
58:55.6,0,0.022,0.007,1.017
58:55.8,0,0.022,0.006,1.017
58:56.0,0,0.022,0.007,1.017
58:56.2,0,0.022,0.006,1.017
58:56.4,0,0.022,0.006,1.017
58:56.6,0,0.023,0.006,1.017
58:56.8,0,0.023,0.006,1.017
58:57.0,0,0.023,0.006,1.017
58:57.2,0,0.023,0.006,1.017
58:57.4,0,0.023,0.006,1.017
58:57.6,0,0.023,0.006,1.017
58:57.8,0,0.023,0.006,1.016
58:58.0,0,0.023,0.006,1.017
58:58.2,0,0.023,0.006,1.017
58:58.4,0,0.022,0.006,1.017
58:58.6,0,0.022,0.007,1.017
58:58.8,0,0.023,0.006,1.017
58:59.1,0,0.023,0.007,1.017
58:59.3,0,0.023,0.006,1.017
58:59.5,0,0.023,0.007,1.017
58:59.7,0,0.023,0.007,1.017
58:59.9,0,0.022,0.007,1.017
59:00.1,0,0.022,0.007,1.016
59:00.3,0,0.022,0.007,1.016
59:00.5,0,0.022,0.006,1.016
59:00.7,0,0.022,0.006,1.016
59:00.9,0,0.022,0.006,1.016
59:01.1,0,0.023,0.006,1.017
59:01.3,0,0.022,0.006,1.016
59:01.5,0,0.023,0.006,1.016
59:01.7,0,0.023,0.006,1.016
59:01.9,0,0.023,0.006,1.016
59:02.1,0,0.023,0.005,1.016
59:02.3,0,0.022,0.005,1.016
59:02.5,0,0.022,0.006,1.016
59:02.7,0,0.022,0.006,1.016
59:02.9,0,0.022,0.006,1.016
59:03.1,0,0.022,0.006,1.016
59:03.3,0,0.023,0.007,1.017
59:03.5,0,0.023,0.007,1.016
59:03.7,0,0.023,0.007,1.017
59:03.9,0,0.023,0.007,1.017
59:04.1,0,0.023,0.006,1.016
59:04.3,0,0.023,0.007,1.017
59:04.5,0,0.023,0.007,1.017
59:04.7,0,0.023,0.006,1.016
59:04.9,0,0.023,0.007,1.016
59:05.1,0,0.022,0.007,1.012
59:05.3,0,0.02,0.002,1.006
59:05.5,0,0.021,0.003,1.005
59:05.7,0,0.021,0.003,1.006
59:06.0,0,0.02,0.002,1.006
59:06.2,0,0.022,0.004,1.011
59:06.4,0,0.022,0.007,1.016
59:06.6,0,0.022,0.006,1.017
59:06.8,0,0.023,0.006,1.017
59:07.0,0,0.023,0.007,1.017
59:07.2,0,0.023,0.006,1.017
59:07.4,0,0.023,0.006,1.017
59:07.6,1,0.023,0.006,1.017
59:07.8,1,0.023,0.007,1.017
59:08.0,1,0.022,0.006,1.017
59:08.2,1,0.023,0.007,1.017
59:08.4,1,0.022,0.007,1.017
59:08.6,1,0.022,0.007,1.017
59:08.8,0,0.022,0.007,1.017
59:09.0,0,0.023,0.007,1.017
59:09.2,0,0.022,0.007,1.017
59:09.4,0,0.023,0.007,1.017
59:09.6,0,0.023,0.007,1.017
59:09.8,0,0.023,0.006,1.017
59:10.0,0,0.023,0.006,1.016
59:10.2,0,0.023,0.006,1.016
59:10.4,0,0.022,0.007,1.017
59:10.6,0,0.022,0.006,1.017
59:10.8,0,0.023,0.007,1.017
59:11.0,0,0.023,0.007,1.018
59:11.2,0,0.023,0.007,1.018
59:11.4,0,0.023,0.007,1.017
59:11.6,0,0.023,0.007,1.017
59:11.8,0,0.023,0.007,1.016
59:12.0,0,0.022,0.007,1.016
59:12.2,1,0.022,0.007,1.017
59:12.4,1,0.022,0.006,1.015
59:12.6,1,0.023,0.007,1.017
59:12.8,1,0.022,0.007,1.017
59:13.1,1,0.023,0.007,1.017
59:13.3,1,0.023,0.007,1.017
59:13.5,0,0.023,0.007,1.018
59:13.7,0,0.022,0.007,1.018
59:13.9,0,0.023,0.007,1.017
59:14.1,0,0.023,0.007,1.017
59:14.3,0,0.023,0.006,1.017
59:14.5,0,0.023,0.006,1.016
59:14.7,0,0.023,0.006,1.015
59:14.9,0,0.023,0.006,1.017
59:15.1,0,0.022,0.006,1.018
59:15.3,0,0.023,0.006,1.017
59:15.5,0,0.023,0.007,1.017
59:15.7,0,0.022,0.006,1.018
59:15.9,0,0.022,0.007,1.017
59:16.1,0,0.022,0.007,1.015
59:16.3,0,0.022,0.007,1.015
59:16.5,0,0.022,0.007,1.017
59:16.7,0,0.023,0.007,1.016
59:16.9,0,0.023,0.006,1.015
59:17.1,0,0.023,0.006,1.016
59:17.3,0,0.022,0.006,1.017
59:17.5,0,0.022,0.006,1.016
59:17.7,0,0.022,0.006,1.016
59:17.9,0,0.022,0.006,1.016
59:18.1,0,0.022,0.006,1.017
59:18.3,0,0.023,0.007,1.016
59:18.5,0,0.023,0.007,1.017
59:18.7,0,0.023,0.007,1.017
59:18.9,0,0.023,0.007,1.017
59:19.1,0,0.023,0.007,1.017
59:19.3,0,0.023,0.006,1.017
59:19.5,0,0.023,0.007,1.017
59:19.7,0,0.023,0.007,1.017
59:19.9,0,0.023,0.007,1.017
59:20.1,0,0.023,0.007,1.017
59:20.3,0,0.023,0.007,1.017
59:20.6,0,0.023,0.006,1.017
59:20.8,0,0.022,0.007,1.017
59:21.0,0,0.022,0.007,1.017
59:21.2,0,0.023,0.007,1.017
59:21.4,0,0.023,0.007,1.17
59:21.6,0,0.023,0.007,1.017
59:21.8,0,0.023,0.007,1.016
59:22.0,0,0.023,0.006,1.016
59:22.2,0,0.023,0.007,1.016
59:22.4,0,0.023,0.007,1.016
59:22.6,0,0.022,0.006,1.016
59:22.8,0,0.022,0.006,1.016
59:23.0,0,0.023,0.007,1.016
59:23.2,0,0.022,0.007,1.016
59:23.4,0,0.022,0.006,1.016
59:23.6,0,0.022,0.007,1.016
59:23.8,0,0.022,0.007,1.017
59:24.0,0,0.022,0.007,1.016
59:24.2,0,0.023,0.007,1.016
59:24.4,0,0.023,0.007,1.016
59:24.6,0,0.023,0.007,1.016
59:24.9,0,0.023,0.007,1.017
59:25.1,0,0.023,0.007,1.017
59:25.3,0,0.023,0.007,1.017
59:25.5,0,0.023,0.007,1.017
59:25.7,0,0.022,0.006,1.017
59:25.9,0,0.022,0.007,1.017
59:26.1,0,0.022,0.007,1.017
59:26.3,0,0.022,0.007,1.017
59:26.5,0,0.023,0.007,1.016
59:26.7,0,0.023,0.007,1.016
59:26.9,0,0.022,0.006,1.016
59:27.1,0,0.023,0.006,1.016
59:27.3,1,0.023,0.006,1.017
59:27.5,1,0.023,0.007,1.017
59:27.7,1,0.023,0.007,1.017
59:27.9,1,0.023,0.007,1.017
59:28.1,1,0.023,0.007,1.017
59:28.3,1,0.023,0.007,1.017
59:28.5,0,0.023,0.007,1.017
59:28.7,0,0.023,0.007,1.017
59:28.9,0,0.023,0.007,1.016
59:29.1,0,0.022,0.007,1.017
59:29.3,0,0.022,0.007,1.017
59:29.5,0,0.022,0.007,1.016
59:29.7,0,0.022,0.007,1.017
59:29.9,0,0.022,0.007,1.017
59:30.1,0,0.022,0.007,1.017
59:30.3,0,0.022,0.007,1.017
59:30.5,0,0.022,0.007,1.017
59:30.7,0,0.023,0.007,1.017
59:30.9,0,0.023,0.007,1.017
59:31.1,0,0.023,0.007,1.017
59:31.3,0,0.023,0.007,1.016
59:31.5,0,0.023,0.006,1.016
59:31.7,0,0.023,0.006,1.016
59:32.0,0,0.023,0.007,1.016
59:32.2,1,0.023,0.006,1.016
59:32.4,1,0.023,0.007,1.017
59:32.6,1,0.023,0.007,1.017
59:32.8,1,0.023,0.007,1.017
59:33.0,1,0.023,0.006,1.017
59:33.2,1,0.023,0.007,1.017
59:33.4,0,0.023,0.007,1.017
59:33.6,0,0.022,0.007,1.018
59:33.8,0,0.022,0.007,1.017
59:34.0,0,0.022,0.007,1.017
59:34.2,0,0.022,0.007,1.018
59:34.4,0,0.022,0.007,1.016
59:34.6,0,0.023,0.007,1.016
59:34.8,0,0.023,0.006,1.017
59:35.0,0,0.023,0.007,1.018
59:35.2,0,0.023,0.006,1.017
59:35.4,0,0.023,0.006,1.017
59:35.6,0,0.023,0.006,1.018
59:35.8,0,0.023,0.006,1.017
59:36.0,0,0.023,0.006,1.017
59:36.2,0,0.023,0.006,1.017
59:36.4,0,0.023,0.007,1.017
59:36.6,0,0.023,0.006,1.016
59:36.8,0,0.023,0.007,1.017
59:37.0,0,0.023,0.006,1.017
59:37.2,0,0.023,0.006,1.016
59:37.4,0,0.023,0.006,1.016
59:37.6,0,0.023,0.006,1.017
59:37.8,0,0.022,0.006,1.017
59:38.0,0,0.022,0.006,1.017
59:38.2,0,0.022,0.006,1.017
59:38.5,0,0.022,0.006,1.017
59:38.7,0,0.022,0.006,1.017
59:38.9,0,0.023,0.007,1.017
59:39.1,0,0.023,0.007,1.017
59:39.3,0,0.023,0.007,1.017
59:39.5,0,0.023,0.007,1.017
59:39.7,0,0.023,0.007,1.017
59:39.9,0,0.023,0.006,1.017
59:40.1,0,0.022,0.006,1.017
59:40.3,0,0.023,0.006,1.017
59:40.5,0,0.023,0.007,1.017
59:40.7,0,0.023,0.007,1.017
59:41.1,0,0.023,0.007,1.017
59:41.3,0,0.023,0.007,1.017
59:41.5,0,0.023,0.007,1.016
59:41.7,0,0.023,0.007,1.017
59:41.9,0,0.023,0.007,1.016
59:42.1,0,0.023,0.007,1.017
59:42.3,0,0.023,0.008,1.018
59:42.6,0,0.023,0.007,1.017
59:42.8,0,0.023,0.007,1.016
59:43.0,0,0.023,0.007,1.017
59:43.2,0,0.023,0.007,1.017
59:43.4,0,0.023,0.006,1.016
59:43.6,0,0.023,0.006,1.017
59:43.8,0,0.022,0.007,1.017
59:44.0,0,0.023,0.006,1.016
59:44.2,0,0.022,0.007,1.017
59:44.4,0,0.022,0.007,1.017
59:44.6,0,0.022,0.007,1.017
59:44.8,0,0.023,0.007,1.017
59:45.0,0,0.022,0.006,1.017
59:45.2,0,0.023,0.006,1.016
59:45.4,0,0.023,0.006,1.016
59:45.6,0,0.023,0.006,1.016
59:45.8,0,0.023,0.006,1.016
59:46.0,0,0.023,0.006,1.016
59:46.2,0,0.023,0.006,1.016
59:46.4,0,0.023,0.006,1.016
59:46.6,0,0.023,0.006,1.016
59:46.8,0,0.023,0.006,1.016
59:47.0,0,0.023,0.007,1.016
59:47.2,0,0.023,0.006,1.016
59:47.4,0,0.023,0.006,1.016
59:47.6,0,0.023,0.006,1.016
59:47.8,0,0.023,0.005,1.016
59:48.0,0,0.023,0.006,1.017
59:48.2,0,0.023,0.006,1.017
59:48.4,0,0.023,0.006,1.017
59:48.6,0,0.023,0.006,1.016
59:48.8,1,0.023,0.007,1.017
59:49.0,1,0.023,0.007,1.017
59:49.2,1,0.023,0.007,1.016
59:49.5,1,0.023,0.007,1.017
59:49.7,1,0.023,0.007,1.017
59:49.9,0,0.023,0.006,1.017
59:50.1,0,0.023,0.007,1.017
59:50.3,0,0.023,0.007,1.018
59:50.5,0,0.023,0.007,1.018
59:50.7,0,0.023,0.007,1.017
59:50.9,0,0.023,0.007,1.017
59:51.1,0,0.022,0.007,1.017
59:51.3,0,0.023,0.007,1.016
59:51.5,0,0.023,0.006,1.015
59:51.7,0,0.023,0.006,1.016
59:51.9,0,0.023,0.006,1.016
59:52.1,0,0.023,0.006,1.016
59:52.3,0,0.023,0.007,1.017
59:52.5,0,0.023,0.006,1.017
59:52.7,0,0.023,0.006,1.017
59:52.9,0,0.023,0.006,1.017
59:53.1,0,0.022,0.006,1.016
59:53.3,1,0.023,0.006,1.017
59:53.5,1,0.023,0.007,1.017
59:53.7,1,0.023,0.006,1.016
59:53.9,1,0.022,0.007,1.016
59:54.1,1,0.023,0.007,1.017
59:54.3,1,0.022,0.006,1.016
59:54.5,0,0.022,0.006,1.017
59:54.7,0,0.022,0.007,1.017
59:54.9,0,0.022,0.007,1.017
59:55.1,0,0.023,0.007,1.017
59:55.3,0,0.023,0.008,1.017
59:55.5,0,0.023,0.007,1.017
59:55.7,0,0.023,0.007,1.017
59:55.9,0,0.023,0.007,1.017
59:56.1,0,0.023,0.007,1.017
59:56.3,0,0.023,0.006,1.017
59:56.5,0,0.023,0.006,1.017
59:56.7,0,0.023,0.006,1.017
59:57.0,0,0.023,0.006,1.017
59:57.2,0,0.023,0.006,1.017
59:57.4,0,0.023,0.007,1.017
59:57.6,0,0.023,0.007,1.017
59:57.8,0,0.023,0.007,1.017
59:58.0,0,0.023,0.007,1.017
59:58.2,0,0.023,0.007,1.016
59:58.4,0,0.022,0.007,1.016
59:58.6,0,0.023,0.007,1.016
59:58.8,0,0.023,0.006,1.016
59:59.0,0,0.023,0.007,1.016
59:59.2,1,0.023,0.006,1.016
59:59.4,1,0.023,0.006,1.017
59:59.6,1,0.023,0.006,1.017
59:59.8,1,0.022,0.006,1.018
00:00.0,1,0.023,0.006,1.019
00:00.2,0,0.023,0.006,1.018
00:00.4,0,0.023,0.007,1.019
00:00.6,0,0.022,0.007,1.019
00:00.8,0,0.023,0.007,1.018
00:01.0,0,0.022,0.006,1.017
00:01.2,0,0.022,0.006,1.018
00:01.4,0,0.022,0.006,1.017
00:01.6,0,0.023,0.006,1.016
00:01.8,0,0.022,0.006,1.016
00:02.0,0,0.022,0.006,1.016
00:02.2,0,0.023,0.006,1.016
00:02.4,0,0.023,0.006,1.017
00:02.6,0,0.023,0.006,1.017
00:02.8,0,0.023,0.006,1.017
00:03.0,0,0.023,0.006,1.017
00:03.2,0,0.023,0.006,1.017
00:03.4,0,0.022,0.006,1.016
00:03.6,1,0.022,0.005,1.014
00:03.8,1,0.022,0.005,1.015
00:04.0,1,0.022,0.006,1.016
00:04.2,1,0.022,0.005,1.015
00:04.4,1,0.022,0.006,1.015
00:04.7,0,0.022,0.008,1.018
00:04.9,0,0.023,0.007,1.017
00:05.1,0,0.023,0.006,1.016
00:05.3,0,0.023,0.007,1.017
00:05.5,0,0.023,0.006,1.017
00:05.7,0,0.023,0.006,1.016
00:05.9,0,0.023,0.007,1.017
00:06.1,0,0.023,0.007,1.017
00:06.3,0,0.023,0.007,1.016
00:06.5,0,0.023,0.007,1.016
00:06.7,0,0.023,0.007,1.017
00:06.9,0,0.023,0.007,1.017
00:07.1,0,0.023,0.007,1.016
00:07.3,0,0.022,0.007,1.017
00:07.5,0,0.022,0.007,1.017
00:07.7,0,0.022,0.007,1.016
00:07.9,0,0.022,0.006,1.016
00:08.1,0,0.022,0.007,1.016
00:08.3,1,0.022,0.007,1.016
00:08.5,1,0.022,0.007,1.016
00:08.7,1,0.023,0.007,1.016
00:08.9,1,0.022,0.007,1.016
00:09.1,1,0.022,0.007,1.017
00:09.3,1,0.022,0.007,1.017
00:09.5,0,0.022,0.007,1.017
00:09.7,0,0.022,0.007,1.017
00:09.9,0,0.022,0.007,1.017
00:10.1,0,0.023,0.007,1.017
00:10.3,0,0.023,0.007,1.017
00:10.6,0,0.023,0.007,1.017
00:10.7,0,0.023,0.007,1.017
00:10.9,0,0.023,0.007,1.017
00:11.1,0,0.023,0.007,1.017
00:11.3,0,0.023,0.007,1.017
00:11.5,0,0.023,0.007,1.017
00:11.7,0,0.023,0.007,1.017
00:11.9,0,0.022,0.006,1.017
00:12.1,0,0.023,0.006,1.017
00:12.4,0,0.023,0.007,1.018
00:12.6,0,0.023,0.007,1.018
00:12.8,0,0.023,0.006,1.017
00:13.0,0,0.023,0.007,1.018
00:13.2,0,0.023,0.007,1.017
00:13.4,0,0.023,0.007,1.016
00:13.6,0,0.023,0.007,1.016
00:13.8,0,0.022,0.007,1.018
00:14.0,0,0.022,0.006,1.018
00:14.2,0,0.022,0.007,1.018
00:14.4,0,0.022,0.007,1.02
00:14.6,0,0.022,0.007,1.02
00:14.8,0,0.023,0.006,1.016
00:15.0,0,0.023,0.007,1.016
00:15.2,0,0.022,0.007,1.017
00:15.4,1,0.023,0.006,1.016
00:15.6,1,0.023,0.007,1.016
00:15.8,1,0.023,0.006,1.017
00:16.0,1,0.023,0.006,1.017
00:16.2,1,0.023,0.006,1.016
00:16.4,1,0.023,0.006,1.016
00:16.6,0,0.022,0.006,1.017
00:16.8,0,0.023,0.006,1.017
00:17.0,0,0.023,0.006,1.015
00:17.2,0,0.023,0.007,1.016
00:17.4,0,0.023,0.007,1.016
00:17.6,0,0.023,0.006,1.015
00:17.8,0,0.023,0.006,1.016
00:18.0,0,0.023,0.006,1.017
00:18.2,0,0.023,0.007,1.016
00:18.4,0,0.023,0.007,1.016
00:18.6,0,0.022,0.005,1.017
00:18.8,0,0.022,0.007,1.017
00:19.0,0,0.021,0.005,1.016
00:19.2,0,0.019,0.002,1.016
00:19.4,0,0.021,0.003,1.017
00:19.7,0,0.021,0.005,1.016
00:19.9,1,0.02,0.003,1.016
00:20.1,1,0.022,0.005,1.016
00:20.3,1,0.024,0.007,1.016
00:20.5,1,0.023,0.006,1.017
00:20.7,1,0.023,0.007,1.018
00:20.9,1,0.023,0.007,1.017
00:21.1,0,0.023,0.006,1.017
00:21.3,0,0.022,0.007,1.017
00:21.5,0,0.022,0.007,1.017
00:21.7,0,0.023,0.007,1.016
00:21.9,0,0.023,0.006,1.017
00:22.1,0,0.023,0.006,1.017
00:22.3,0,0.023,0.006,1.016
00:22.5,0,0.023,0.006,1.016
00:22.7,0,0.022,0.006,1.017
00:22.9,0,0.022,0.006,1.017
00:23.1,0,0.023,0.006,1.016
00:23.3,0,0.023,0.007,1.017
00:23.5,0,0.022,0.007,1.017
00:23.7,0,0.023,0.007,1.016
00:23.9,0,0.023,0.007,1.016
00:24.1,0,0.023,0.007,1.016
00:24.3,0,0.023,0.007,1.015
00:24.5,1,0.023,0.007,1.016
00:24.7,1,0.023,0.007,1.017
00:24.9,1,0.023,0.007,1.017
00:25.1,1,0.023,0.007,1.017
00:25.3,1,0.023,0.007,1.017
00:25.5,0,0.023,0.007,1.017
00:25.7,0,0.023,0.007,1.017
00:25.9,0,0.023,0.007,1.017
00:26.1,0,0.023,0.007,1.017
00:26.4,0,0.023,0.006,1.017
00:26.6,0,0.023,0.006,1.017
00:26.8,0,0.023,0.007,1.017
00:27.0,0,0.023,0.007,1.017
00:27.2,0,0.023,0.007,1.017
00:27.4,0,0.023,0.007,1.017
00:27.6,0,0.023,0.007,1.016
00:27.8,0,0.023,0.006,1.016
00:28.0,0,0.023,0.006,1.016
00:28.2,0,0.023,0.006,1.016
00:28.4,0,0.023,0.006,1.017
00:28.6,0,0.023,0.007,1.017
00:28.8,0,0.023,0.007,1.017
00:29.0,0,0.023,0.007,1.017
00:29.2,0,0.023,0.007,1.017
00:29.4,0,0.023,0.007,1.017
00:29.6,0,0.023,0.007,1.017
00:29.8,0,0.022,0.006,1.017
00:30.0,0,0.023,0.006,1.017
00:30.2,0,0.023,0.007,1.017
00:30.4,0,0.023,0.007,1.017
00:30.6,0,0.023,0.007,1.017
00:30.8,0,0.023,0.007,1.017
00:31.0,0,0.023,0.007,1.017
00:31.2,1,0.023,0.007,1.016
00:31.4,1,0.023,0.007,1.016
00:31.6,1,0.023,0.007,1.016
00:31.8,1,0.023,0.007,1.016
00:32.0,1,0.023,0.006,1.017
00:32.2,0,0.023,0.006,1.017
00:32.4,0,0.023,0.006,1.017
00:32.6,0,0.023,0.006,1.017
00:32.8,0,0.023,0.006,1.017
00:33.0,0,0.023,0.006,1.016
00:33.3,0,0.023,0.006,1.016
00:33.5,0,0.023,0.007,1.017
00:33.7,0,0.023,0.006,1.017
00:33.9,0,0.023,0.007,1.017
00:34.1,0,0.023,0.007,1.018
00:34.3,0,0.022,0.006,1.018
00:34.5,0,0.023,0.007,1.017
00:34.7,0,0.023,0.007,1.016
00:34.9,0,0.023,0.007,1.016
00:35.1,0,0.023,0.007,1.017
00:35.3,0,0.023,0.007,1.016
00:35.5,0,0.023,0.007,1.017
00:35.7,0,0.023,0.007,1.017
00:35.9,0,0.023,0.006,1.016
00:36.1,0,0.023,0.006,1.016
00:36.3,0,0.023,0.007,1.017
00:36.5,0,0.022,0.006,1.016
00:36.7,0,0.023,0.007,1.016
00:36.9,0,0.023,0.007,1.017
00:37.1,0,0.023,0.007,1.016
00:37.3,0,0.023,0.007,1.017
00:37.5,0,0.023,0.007,1.017
00:37.7,0,0.023,0.006,1.016
00:37.9,0,0.023,0.006,1.017
00:38.1,0,0.023,0.006,1.017
00:38.3,1,0.023,0.006,1.016
00:38.5,1,0.023,0.006,1.016
00:38.7,1,0.023,0.007,1.018
00:38.9,1,0.023,0.007,1.017
00:39.1,1,0.023,0.007,1.017
00:39.3,1,0.023,0.007,1.017
00:39.6,0,0.023,0.007,1.017
00:39.8,0,0.023,0.007,1.017
00:40.0,0,0.023,0.007,1.016
00:40.2,0,0.023,0.007,1.016
00:40.4,0,0.022,0.007,1.017
00:40.6,0,0.023,0.006,1.016
00:40.8,0,0.023,0.006,1.016
00:41.0,0,0.023,0.006,1.017
00:41.2,0,0.023,0.007,1.017
00:41.4,0,0.023,0.007,1.017
00:41.6,0,0.023,0.007,1.017
00:41.8,0,0.023,0.007,1.016
00:42.0,0,0.023,0.007,1.016
00:42.2,0,0.023,0.007,1.017
00:42.4,0,0.023,0.006,1.016
00:42.6,0,0.023,0.007,1.016
00:42.8,0,0.023,0.006,1.016
00:43.0,0,0.023,0.006,1.016
00:43.2,0,0.023,0.007,1.016
00:43.4,0,0.023,0.007,1.017
00:43.6,0,0.023,0.006,1.016
00:43.8,0,0.023,0.007,1.016
00:44.0,0,0.023,0.007,1.016
00:44.2,0,0.023,0.006,1.016
00:44.4,0,0.023,0.006,1.016
00:44.6,0,0.023,0.007,1.017
00:44.8,0,0.022,0.007,1.017
00:45.0,0,0.023,0.007,1.017
00:45.2,0,0.023,0.007,1.017
00:45.4,0,0.023,0.007,1.017
00:45.6,0,0.022,0.006,1.017
00:45.8,0,0.022,0.006,1.017
00:46.1,0,0.022,0.007,1.017
00:46.3,0,0.022,0.006,1.017
00:46.5,0,0.022,0.006,1.017
00:46.7,0,0.023,0.007,1.017
00:46.9,0,0.023,0.007,1.016
00:47.1,0,0.023,0.007,1.016
00:47.3,0,0.023,0.007,1.017
00:47.5,0,0.023,0.007,1.016
00:47.7,0,0.023,0.007,1.016
00:47.9,0,0.023,0.007,1.017
00:48.1,0,0.023,0.007,1.017
00:48.3,0,0.022,0.006,1.017
00:48.5,0,0.023,0.006,1.016
00:48.7,0,0.022,0.006,1.017
00:48.9,0,0.022,0.006,1.016
00:49.1,0,0.023,0.006,1.016
00:49.3,0,0.022,0.006,1.016
00:49.5,0,0.022,0.006,1.016
00:49.7,0,0.023,0.006,1.016
00:49.9,0,0.022,0.006,1.017
00:50.1,0,0.023,0.007,1.017
00:50.3,0,0.023,0.006,1.017
00:50.5,0,0.023,0.007,1.017
00:50.7,0,0.022,0.007,1.017
00:50.9,0,0.023,0.007,1.017
00:51.1,0,0.023,0.007,1.016
00:51.3,0,0.023,0.007,1.016
00:51.5,0,0.023,0.007,1.017
00:51.7,0,0.023,0.007,1.017
00:51.9,0,0.023,0.007,1.017
00:52.1,0,0.023,0.007,1.017
00:52.3,0,0.023,0.007,1.017
00:52.5,0,0.023,0.007,1.017
00:52.7,0,0.023,0.007,1.017
00:52.9,0,0.023,0.006,1.017
00:53.1,0,0.023,0.007,1.017
00:53.3,0,0.023,0.006,1.017
00:53.6,0,0.023,0.007,1.016
00:53.8,0,0.022,0.006,1.016
00:54.0,0,0.022,0.007,1.017
00:54.2,0,0.023,0.007,1.017
00:54.4,0,0.023,0.007,1.017
00:54.6,0,0.022,0.005,1.016
00:54.8,0,0.022,0.007,1.016
00:55.0,0,0.022,0.007,1.016
00:55.2,1,0.022,0.006,1.015
00:55.4,1,0.022,0.006,1.015
00:55.6,1,0.022,0.008,1.016
00:55.8,1,0.022,0.006,1.016
00:56.0,1,0.022,0.006,1.016
00:56.2,1,0.023,0.007,1.017
00:56.4,0,0.022,0.007,1.017
00:56.6,0,0.022,0.007,1.017
00:56.8,0,0.022,0.007,1.016
00:57.0,0,0.023,0.007,1.016
00:57.2,0,0.023,0.007,1.016
00:57.4,0,0.023,0.007,1.016
00:57.6,0,0.023,0.006,1.015
00:57.8,0,0.023,0.006,1.016
00:58.0,0,0.023,0.007,1.016
00:58.2,0,0.022,0.006,1.016
00:58.4,0,0.023,0.007,1.016
00:58.6,0,0.023,0.007,1.017
00:58.8,0,0.023,0.006,1.017
00:59.0,0,0.023,0.006,1.017
00:59.2,0,0.023,0.007,1.018
00:59.4,0,0.023,0.006,1.017
00:59.6,0,0.023,0.006,1.017
00:59.8,0,0.023,0.007,1.018
01:00.0,0,0.023,0.007,1.018
01:00.2,0,0.023,0.006,1.017
01:00.5,0,0.023,0.007,1.018
01:00.7,0,0.023,0.006,1.018
01:00.9,0,0.023,0.006,1.017
01:01.1,0,0.023,0.006,1.017
01:01.3,0,0.022,0.006,1.017
01:01.5,0,0.022,0.007,1.017
01:01.7,0,0.023,0.007,1.017
01:01.9,0,0.022,0.006,1.017
01:02.1,0,0.023,0.006,1.017
01:02.3,0,0.023,0.007,1.017
01:02.5,0,0.022,0.006,1.016
01:02.7,0,0.023,0.006,1.016
01:02.9,0,0.023,0.007,1.016
01:03.1,0,0.023,0.007,1.016
01:03.3,0,0.023,0.007,1.016
01:03.5,0,0.023,0.007,1.017
01:03.7,0,0.023,0.007,1.017
01:03.9,0,0.023,0.007,1.017
01:04.1,0,0.023,0.007,1.017
01:04.3,0,0.023,0.006,1.017
01:04.5,1,0.023,0.006,1.017
01:04.7,1,0.022,0.007,1.017
01:04.9,1,0.022,0.006,1.017
01:05.1,1,0.023,0.006,1.017
01:05.3,1,0.023,0.007,1.017
01:05.5,0,0.022,0.007,1.017
01:05.7,0,0.022,0.006,1.017
01:05.9,0,0.023,0.006,1.017
01:06.1,0,0.023,0.007,1.018
01:06.3,0,0.023,0.006,1.017
01:06.5,0,0.023,0.007,1.017
01:06.7,0,0.023,0.007,1.017
01:06.9,0,0.023,0.007,1.016
01:07.1,0,0.023,0.006,1.016
01:07.4,0,0.023,0.007,1.017
01:07.6,0,0.023,0.006,1.016
01:07.8,0,0.023,0.006,1.017
01:08.0,0,0.023,0.006,1.017
01:08.2,0,0.023,0.007,1.017
01:08.4,0,0.023,0.006,1.017
01:08.6,0,0.023,0.006,1.017
01:08.8,0,0.023,0.007,1.016
01:09.0,0,0.023,0.007,1.016
01:09.2,0,0.023,0.006,1.017
01:09.4,0,0.023,0.007,1.017
01:09.6,0,0.023,0.006,1.017
01:09.8,0,0.023,0.006,1.017
01:10.0,1,0.023,0.007,1.018
01:10.2,1,0.023,0.006,1.017
01:10.4,1,0.022,0.006,1.016
01:10.6,1,0.023,0.006,1.017
01:10.8,1,0.023,0.006,1.017
01:11.0,1,0.023,0.006,1.016
01:11.2,0,0.023,0.006,1.017
01:11.4,0,0.023,0.007,1.017
01:11.6,0,0.022,0.006,1.018
01:11.8,0,0.022,0.006,1.018
01:12.0,0,0.022,0.006,1.018
01:12.2,0,0.022,0.006,1.018
01:12.4,0,0.022,0.006,1.018
01:12.6,0,0.023,0.006,1.017
01:12.8,0,0.023,0.006,1.017
01:13.0,0,0.023,0.006,1.016
01:13.2,0,0.023,0.006,1.016
01:13.4,0,0.023,0.007,1.016
01:13.6,0,0.023,0.006,1.016
01:13.8,0,0.023,0.006,1.016
01:14.0,0,0.023,0.006,1.016
01:14.2,0,0.023,0.007,1.015
01:14.4,0,0.023,0.006,1.014
01:14.6,0,0.023,0.006,1.015
01:14.8,0,0.023,0.007,1.016
01:15.1,0,0.023,0.006,1.015
01:15.3,0,0.023,0.006,1.016
01:15.5,1,0.023,0.007,1.017
01:15.7,1,0.023,0.007,1.016
01:15.9,1,0.022,0.006,1.016
01:16.1,1,0.023,0.007,1.017
01:16.3,1,0.023,0.007,1.016
01:16.5,1,0.023,0.006,1.016
01:16.7,0,0.023,0.007,1.016
01:16.9,0,0.023,0.007,1.017
01:17.1,0,0.023,0.007,1.017
01:17.3,0,0.023,0.006,1.016
01:17.5,0,0.023,0.006,1.016
01:17.7,0,0.023,0.006,1.016
01:17.9,0,0.023,0.006,1.016
01:18.1,0,0.023,0.006,1.016
01:18.3,0,0.023,0.006,1.017
01:18.5,0,0.023,0.007,1.017
01:18.7,0,0.023,0.006,1.016
01:18.9,0,0.023,0.007,1.016
01:19.1,0,0.023,0.007,1.017
01:19.3,0,0.022,0.006,1.016
01:19.5,0,0.023,0.006,1.016
01:19.7,0,0.023,0.007,1.017
01:19.9,1,0.023,0.006,1.017
01:20.1,1,0.022,0.006,1.017
01:20.3,1,0.023,0.006,1.017
01:20.5,1,0.023,0.007,1.017
01:20.7,1,0.023,0.006,1.017
01:20.9,1,0.023,0.007,1.017
01:21.1,0,0.023,0.007,1.016
01:21.3,0,0.022,0.008,1.016
01:21.5,0,0.021,0.007,1.015
01:21.7,0,0.021,0.007,1.015
01:21.9,0,0.021,0.007,1.016
01:22.1,0,0.021,0.007,1.016
01:22.3,0,0.022,0.006,1.016
01:22.6,0,0.022,0.007,1.018
01:22.8,0,0.022,0.007,1.017
01:23.0,0,0.023,0.006,1.016
01:23.2,0,0.023,0.006,1.017
01:23.4,0,0.023,0.007,1.017
01:23.6,0,0.023,0.006,1.016
01:23.8,0,0.023,0.006,1.016
01:24.0,0,0.023,0.006,1.017
01:24.2,0,0.023,0.006,1.016
01:24.4,0,0.022,0.006,1.016
01:24.6,1,0.022,0.006,1.017
01:24.8,1,0.022,0.006,1.017
01:25.0,1,0.022,0.006,1.017
01:25.2,1,0.022,0.006,1.018
01:25.4,1,0.022,0.006,1.018
01:25.6,0,0.022,0.007,1.017
01:25.8,0,0.023,0.007,1.018
01:26.0,0,0.022,0.007,1.018
01:26.2,0,0.023,0.007,1.018
01:26.4,0,0.022,0.006,1.017
01:26.6,0,0.022,0.006,1.017
01:26.8,0,0.022,0.006,1.017
01:27.0,0,0.023,0.006,1.017
01:27.2,0,0.022,0.005,1.018
01:27.4,0,0.022,0.005,1.018
01:27.6,0,0.022,0.006,1.018
01:27.8,0,0.022,0.007,1.018
01:28.0,0,0.022,0.007,1.016
01:28.2,0,0.022,0.006,1.013
01:28.4,0,0.023,0.007,1.014
01:28.6,0,0.023,0.007,1.015
01:28.8,0,0.024,0.006,1.013
01:29.0,1,0.023,0.006,1.015
01:29.2,1,0.023,0.007,1.018
01:29.4,1,0.023,0.006,1.016
01:29.7,1,0.023,0.006,1.016
01:29.9,1,0.023,0.006,1.017
01:30.1,0,0.023,0.006,1.017
01:30.3,0,0.023,0.006,1.017
01:30.5,0,0.023,0.006,1.016
01:30.7,0,0.022,0.006,1.016
01:30.9,0,0.023,0.006,1.016
01:31.1,0,0.022,0.006,1.016
01:31.3,0,0.022,0.006,1.016
01:31.5,0,0.023,0.007,1.016
01:31.7,0,0.022,0.006,1.016
01:31.9,0,0.023,0.007,1.017
01:32.1,0,0.023,0.007,1.017
01:32.3,0,0.022,0.006,1.017
01:32.5,0,0.022,0.007,1.018
01:32.7,0,0.023,0.007,1.017
01:32.9,0,0.023,0.007,1.017
01:33.1,0,0.022,0.007,1.017
01:33.3,0,0.023,0.007,1.016
01:33.5,0,0.022,0.006,1.016
01:33.7,0,0.022,0.007,1.017
01:33.9,0,0.022,0.006,1.016
01:34.1,0,0.022,0.006,1.016
01:34.3,0,0.023,0.007,1.016
01:34.5,0,0.023,0.007,1.016
01:34.7,0,0.022,0.006,1.016
01:34.9,0,0.022,0.006,1.016
01:35.1,0,0.022,0.006,1.016
01:35.3,0,0.022,0.006,1.016
01:35.5,0,0.022,0.007,1.016
01:35.7,0,0.022,0.006,1.015
01:35.9,0,0.023,0.007,1.016
01:36.1,0,0.022,0.007,1.016
01:36.3,0,0.023,0.007,1.017
01:36.5,0,0.023,0.006,1.016
01:36.7,0,0.022,0.007,1.017
01:36.9,0,0.022,0.007,1.017
01:37.2,0,0.022,0.007,1.017
01:37.4,0,0.022,0.006,1.016
01:37.6,0,0.022,0.007,1.017
01:37.8,0,0.022,0.006,1.017
01:38.0,0,0.022,0.006,1.017
01:38.2,0,0.022,0.006,1.017
01:38.4,0,0.023,0.007,1.017
01:38.6,0,0.023,0.006,1.017
01:38.8,0,0.023,0.007,1.017
01:39.0,0,0.023,0.007,1.017
01:39.2,0,0.022,0.006,1.016
01:39.4,0,0.022,0.006,1.016
01:39.6,0,0.022,0.006,1.016
01:39.8,0,0.022,0.006,1.016
01:40.0,0,0.022,0.006,1.017
01:40.2,0,0.023,0.007,1.017
01:40.4,0,0.022,0.006,1.017
01:40.6,0,0.022,0.006,1.017
01:40.8,0,0.022,0.007,1.017
01:41.0,0,0.023,0.006,1.015
01:41.2,0,0.022,0.006,1.015
01:41.4,0,0.022,0.006,1.016
01:41.6,0,0.023,0.006,1.015
01:41.8,0,0.023,0.005,1.015
01:42.0,0,0.022,0.006,1.016
01:42.2,0,0.022,0.006,1.016
01:42.4,0,0.022,0.005,1.015
01:42.6,0,0.022,0.006,1.016
01:42.8,0,0.022,0.006,1.017
01:43.0,0,0.022,0.006,1.016
01:43.2,0,0.022,0.006,1.016
01:43.4,0,0.022,0.007,1.016
01:43.6,0,0.022,0.006,1.016
01:43.8,0,0.023,0.007,1.016
01:44.0,0,0.023,0.007,1.016
01:44.2,0,0.023,0.007,1.017
01:44.4,0,0.022,0.007,1.017
01:44.6,0,0.023,0.007,1.017
01:44.9,0,0.023,0.007,1.016
01:45.1,0,0.023,0.006,1.016
01:45.3,0,0.023,0.006,1.016
01:45.5,0,0.023,0.006,1.016
01:45.7,0,0.023,0.006,1.016
01:45.9,0,0.023,0.007,1.016
01:46.1,0,0.023,0.007,1.016
01:46.3,0,0.023,0.007,1.016
01:46.5,0,0.023,0.007,1.016
01:46.7,0,0.023,0.007,1.016
01:46.9,0,0.023,0.007,1.017
01:47.1,0,0.022,0.006,1.016
01:47.3,0,0.022,0.006,1.016
01:47.5,0,0.022,0.006,1.016
01:47.7,0,0.022,0.006,1.016
01:47.9,0,0.023,0.006,1.016
01:48.1,0,0.023,0.007,1.016
01:48.3,0,0.023,0.007,1.017
01:48.5,0,0.023,0.007,1.016
01:48.7,0,0.023,0.007,1.016
01:48.9,0,0.023,0.006,1.016
01:49.1,0,0.023,0.006,1.016
01:49.3,0,0.023,0.006,1.016
01:49.5,0,0.023,0.006,1.016
01:49.7,0,0.023,0.006,1.016
01:49.9,0,0.023,0.007,1.016
01:50.1,0,0.022,0.007,1.016
01:50.3,0,0.022,0.006,1.016
01:50.5,0,0.023,0.006,1.016
01:50.7,0,0.022,0.006,1.016
01:50.9,0,0.022,0.006,1.017
01:51.1,1,0.022,0.006,1.017
01:51.3,1,0.022,0.006,1.017
01:51.5,1,0.022,0.006,1.017
01:51.7,1,0.022,0.006,1.017
01:51.9,1,0.023,0.006,1.017
01:52.1,1,0.023,0.006,1.017
01:52.3,0,0.023,0.007,1.017
01:52.6,0,0.023,0.006,1.017
01:52.8,0,0.023,0.007,1.017
01:53.0,0,0.023,0.007,1.017
01:53.2,0,0.023,0.007,1.017
01:53.4,0,0.023,0.007,1.017
01:53.6,0,0.023,0.007,1.017
01:53.8,0,0.023,0.007,1.016
01:54.0,0,0.023,0.007,1.015
01:54.2,0,0.022,0.007,1.016
01:54.4,0,0.023,0.007,1.016
01:54.6,0,0.023,0.007,1.015
01:54.8,0,0.023,0.007,1.016
01:55.0,0,0.023,0.006,1.017
01:55.2,0,0.023,0.006,1.016
01:55.4,0,0.023,0.006,1.016
01:55.6,0,0.023,0.006,1.017
01:55.8,0,0.023,0.006,1.016
01:56.0,0,0.023,0.007,1.016
01:56.2,0,0.023,0.007,1.016
01:56.4,0,0.023,0.007,1.016
01:56.6,0,0.023,0.007,1.016
01:56.8,0,0.023,0.007,1.016
01:57.0,0,0.023,0.006,1.016
01:57.2,0,0.023,0.006,1.017
01:57.4,0,0.023,0.007,1.017
01:57.6,0,0.023,0.006,1.017
01:57.8,0,0.023,0.007,1.017
01:58.0,0,0.023,0.007,1.016
01:58.2,0,0.023,0.007,1.017
01:58.4,0,0.023,0.007,1.017
01:58.6,0,0.023,0.007,1.016
01:58.8,0,0.023,0.007,1.016
01:59.0,0,0.023,0.007,1.016
01:59.2,0,0.023,0.007,1.016
01:59.4,0,0.023,0.006,1.016
01:59.6,0,0.023,0.007,1.016
01:59.9,0,0.023,0.006,1.016
02:00.1,0,0.022,0.006,1.016
02:00.3,0,0.022,0.006,1.016
02:00.5,0,0.022,0.007,1.016
02:00.7,0,0.022,0.007,1.016
02:00.9,0,0.022,0.007,1.017
02:01.1,0,0.023,0.008,1.017
02:01.3,0,0.022,0.007,1.019
02:01.5,0,0.023,0.007,1.019
02:01.7,0,0.022,0.007,1.019
02:01.9,0,0.023,0.007,1.019
02:02.1,0,0.023,0.007,1.018
02:02.3,0,0.023,0.007,1.017
02:02.5,0,0.022,0.007,1.017
02:02.7,0,0.022,0.007,1.016
02:02.9,0,0.022,0.006,1.016
02:03.1,0,0.023,0.007,1.017
02:03.3,0,0.023,0.007,1.017
02:03.5,0,0.023,0.007,1.017
02:03.7,0,0.023,0.007,1.017
02:03.9,0,0.023,0.006,1.017
02:04.1,0,0.022,0.007,1.017
02:04.3,0,0.022,0.006,1.016
02:04.5,0,0.022,0.006,1.017
02:04.7,0,0.022,0.006,1.017
02:04.9,0,0.023,0.006,1.016
02:05.1,0,0.023,0.006,1.017
02:05.3,0,0.022,0.006,1.017
02:05.5,0,0.023,0.006,1.017
02:05.7,0,0.023,0.006,1.017
02:05.9,0,0.022,0.006,1.017
02:06.1,0,0.023,0.006,1.016
02:06.3,0,0.023,0.007,1.016
02:06.6,0,0.023,0.006,1.016
02:06.8,0,0.023,0.006,1.015
02:07.0,0,0.023,0.007,1.015
02:07.2,0,0.022,0.007,1.016
02:07.4,0,0.023,0.007,1.016
02:07.6,0,0.023,0.007,1.016
02:07.8,0,0.023,0.007,1.016
02:08.0,0,0.023,0.006,1.017
02:08.2,0,0.023,0.006,1.017
02:08.4,0,0.023,0.006,1.017
02:08.6,0,0.022,0.006,1.018
02:08.8,0,0.022,0.006,1.017
02:09.0,0,0.022,0.006,1.016
02:09.2,0,0.022,0.007,1.016
02:09.4,0,0.022,0.007,1.016
02:09.6,0,0.023,0.007,1.015
02:09.8,0,0.023,0.007,1.016
02:10.0,0,0.023,0.007,1.016
02:10.2,0,0.023,0.007,1.016
02:10.4,0,0.023,0.007,1.016
02:10.6,0,0.023,0.006,1.016
02:10.8,0,0.023,0.006,1.016
02:11.0,0,0.023,0.007,1.017
02:11.2,0,0.023,0.007,1.016
02:11.4,0,0.022,0.006,1.016
02:11.6,0,0.022,0.007,1.017
02:11.8,0,0.022,0.007,1.017
02:12.0,0,0.022,0.006,1.017
02:12.2,0,0.023,0.006,1.017
02:12.4,0,0.023,0.006,1.017
02:12.6,0,0.023,0.006,1.016
02:12.8,0,0.022,0.006,1.016
02:13.0,0,0.023,0.006,1.016
02:13.2,0,0.023,0.006,1.017
02:13.5,0,0.023,0.006,1.017
02:13.7,0,0.023,0.006,1.017
02:13.9,0,0.023,0.006,1.018
02:14.1,0,0.023,0.006,1.017
02:14.3,0,0.022,0.006,1.017
02:14.5,0,0.023,0.007,1.018
02:14.7,0,0.023,0.007,1.018
02:14.9,0,0.023,0.007,1.017
02:15.1,0,0.023,0.007,1.017
02:15.3,0,0.023,0.007,1.017
02:15.5,0,0.023,0.007,1.016
02:15.7,0,0.023,0.007,1.016
02:15.9,0,0.023,0.006,1.017
02:16.1,0,0.023,0.007,1.016
02:16.3,0,0.023,0.007,1.017
02:16.5,0,0.023,0.006,1.016
02:16.7,0,0.023,0.006,1.016
02:16.9,0,0.023,0.006,1.016
02:17.1,0,0.023,0.006,1.017
02:17.3,0,0.023,0.006,1.016
02:17.5,0,0.023,0.006,1.016
02:17.7,0,0.023,0.007,1.016
02:17.9,0,0.023,0.007,1.016
02:18.1,0,0.023,0.007,1.016
02:18.3,0,0.023,0.006,1.016
02:18.5,0,0.023,0.006,1.016
02:18.7,0,0.022,0.006,1.018
02:18.9,0,0.023,0.006,1.017
02:19.1,0,0.023,0.006,1.017
02:19.3,0,0.023,0.007,1.017
02:19.5,0,0.022,0.006,1.017
02:19.7,0,0.023,0.007,1.016
02:19.9,0,0.022,0.007,1.016
02:20.1,0,0.022,0.006,1.017
02:20.3,0,0.022,0.007,1.016
02:20.5,0,0.023,0.006,1.016
02:20.7,0,0.022,0.006,1.017
02:21.0,0,0.023,0.006,1.017
02:21.2,0,0.023,0.007,1.016
02:21.4,0,0.022,0.006,1.016
02:21.6,0,0.023,0.007,1.016
02:21.8,0,0.023,0.007,1.016
02:22.0,0,0.023,0.007,1.016
02:22.2,0,0.023,0.007,1.017
02:22.4,0,0.023,0.007,1.017
02:22.6,0,0.023,0.007,1.017
02:22.8,0,0.023,0.007,1.017
02:23.0,0,0.023,0.007,1.017
02:23.2,0,0.023,0.006,1.016
02:23.4,0,0.023,0.006,1.017
02:23.6,0,0.023,0.006,1.017
02:23.8,0,0.023,0.006,1.017
02:24.0,0,0.023,0.006,1.017
02:24.2,0,0.023,0.006,1.017
02:24.4,0,0.023,0.006,1.016
02:24.6,0,0.023,0.006,1.017
02:24.8,0,0.023,0.007,1.017
02:25.0,0,0.023,0.006,1.016
02:25.2,0,0.023,0.007,1.016
02:25.4,1,0.022,0.007,1.017
02:25.6,1,0.022,0.006,1.016
02:25.8,1,0.023,0.007,1.016
02:26.0,1,0.023,0.007,1.016
02:26.2,1,0.023,0.006,1.015
02:26.4,1,0.024,0.006,1.015
02:26.6,0,0.023,0.007,1.015
02:26.8,0,0.023,0.006,1.016
02:27.0,0,0.023,0.007,1.015
02:27.2,0,0.023,0.007,1.016
02:27.4,0,0.022,0.007,1.016
02:27.6,0,0.022,0.007,1.016
02:27.8,0,0.022,0.007,1.016
02:28.0,0,0.022,0.007,1.016
02:28.2,0,0.022,0.007,1.016
02:28.4,0,0.022,0.007,1.017
02:28.6,0,0.022,0.007,1.016
02:28.9,0,0.022,0.007,1.017
02:29.1,0,0.022,0.008,1.017
02:29.3,0,0.022,0.007,1.016
02:29.5,0,0.022,0.007,1.016
02:29.7,0,0.022,0.007,1.017
02:29.9,0,0.022,0.007,1.017
02:30.1,0,0.023,0.006,1.016
02:30.3,0,0.023,0.006,1.017
02:30.5,1,0.022,0.006,1.017
02:30.7,1,0.023,0.007,1.016
02:30.9,1,0.023,0.006,1.016
02:31.1,1,0.022,0.006,1.016
02:31.3,1,0.023,0.006,1.016
02:31.5,0,0.023,0.006,1.016
02:31.7,0,0.022,0.005,1.016
02:31.9,0,0.023,0.006,1.017
02:32.1,0,0.023,0.006,1.016
02:32.3,0,0.023,0.006,1.016
02:32.5,0,0.023,0.006,1.016
02:32.7,0,0.023,0.007,1.016
02:32.9,0,0.022,0.007,1.016
02:33.1,0,0.023,0.007,1.016
02:33.3,0,0.023,0.007,1.016
02:33.5,0,0.023,0.007,1.016
02:33.7,0,0.023,0.007,1.016
02:33.9,0,0.023,0.007,1.016
02:34.1,0,0.023,0.007,1.016
02:34.3,0,0.023,0.006,1.016
02:34.5,0,0.023,0.007,1.016
02:34.7,0,0.023,0.007,1.016
02:34.9,0,0.023,0.006,1.015
02:35.1,0,0.023,0.006,1.015
02:35.3,0,0.023,0.007,1.017
02:35.5,0,0.022,0.007,1.016
02:35.7,0,0.022,0.006,1.016
02:35.9,0,0.022,0.007,1.017
02:36.1,0,0.022,0.007,1.017
02:36.3,0,0.023,0.007,1.016
02:36.6,0,0.023,0.006,1.017
02:36.8,0,0.023,0.007,1.017
02:37.0,0,0.023,0.007,1.017
02:37.2,0,0.023,0.007,1.017
02:37.4,1,0.022,0.007,1.017
02:37.6,1,0.022,0.007,1.017
02:37.8,1,0.023,0.007,1.017
02:38.0,1,0.023,0.007,1.017
02:38.2,1,0.023,0.006,1.016
02:38.4,1,0.023,0.007,1.016
02:38.6,0,0.023,0.007,1.016
02:38.8,0,0.023,0.007,1.016
02:39.0,0,0.023,0.006,1.015
02:39.2,0,0.023,0.006,1.015
02:39.4,0,0.023,0.007,1.016
02:39.6,0,0.023,0.006,1.016
02:39.8,0,0.022,0.006,1.015
02:40.0,0,0.022,0.007,1.017
02:40.2,0,0.022,0.007,1.017
02:40.4,0,0.022,0.006,1.016
02:40.6,0,0.022,0.007,1.016
02:40.8,0,0.022,0.007,1.016
02:41.0,0,0.022,0.007,1.016
02:41.2,0,0.022,0.007,1.016
02:41.4,0,0.022,0.007,1.016
02:41.6,0,0.022,0.006,1.016
02:41.8,0,0.022,0.006,1.016
02:42.0,0,0.022,0.006,1.016
02:42.2,0,0.022,0.007,1.016
02:42.4,0,0.022,0.007,1.016
02:42.6,0,0.022,0.007,1.016
02:42.8,0,0.022,0.007,1.016
02:43.0,0,0.022,0.007,1.016
02:43.2,0,0.022,0.007,1.016
02:43.4,0,0.022,0.007,1.016
02:43.6,0,0.022,0.007,1.016
02:43.8,0,0.022,0.007,1.016
02:44.0,0,0.022,0.007,1.017
02:44.3,0,0.022,0.007,1.017
02:44.5,0,0.022,0.007,1.017
02:44.7,0,0.022,0.007,1.017
02:44.9,0,0.023,0.007,1.017
02:45.1,0,0.022,0.007,1.017
02:45.3,0,0.023,0.007,1.017
02:45.5,0,0.023,0.007,1.017
02:45.7,0,0.023,0.007,1.017
02:45.9,0,0.023,0.007,1.017
02:46.1,0,0.022,0.007,1.016
02:46.3,0,0.022,0.007,1.016
02:46.5,0,0.022,0.007,1.016
02:46.7,1,0.023,0.007,1.016
02:46.9,1,0.023,0.007,1.016
02:47.1,1,0.023,0.007,1.016
02:47.3,1,0.023,0.007,1.016
02:47.5,1,0.023,0.007,1.016
02:47.7,1,0.023,0.007,1.016
02:47.9,0,0.023,0.006,1.016
02:48.1,0,0.023,0.007,1.017
02:48.3,0,0.023,0.006,1.016
02:48.5,0,0.023,0.007,1.017
02:48.7,0,0.023,0.007,1.016
02:48.9,0,0.023,0.007,1.015
02:49.1,0,0.023,0.007,1.014
02:49.3,0,0.023,0.007,1.016
02:49.5,0,0.023,0.007,1.015
02:49.7,0,0.022,0.007,1.016
02:49.9,0,0.022,0.007,1.017
02:50.1,0,0.022,0.007,1.017
02:50.3,0,0.022,0.007,1.017
02:50.5,0,0.023,0.007,1.017
02:50.7,0,0.023,0.007,1.016
02:50.9,0,0.022,0.007,1.017
02:51.1,0,0.022,0.007,1.018
02:51.3,0,0.022,0.007,1.017
02:51.5,0,0.022,0.007,1.017
02:51.8,0,0.022,0.008,1.018
02:52.0,0,0.022,0.007,1.017
02:52.2,0,0.023,0.007,1.017
02:52.4,0,0.023,0.007,1.017
02:52.6,0,0.023,0.007,1.017
02:52.8,0,0.022,0.006,1.016
02:53.0,0,0.023,0.007,1.016
02:53.2,0,0.022,0.007,1.016
02:53.4,0,0.022,0.007,1.016
02:53.6,0,0.022,0.007,1.016
02:53.8,0,0.022,0.007,1.017
02:54.0,0,0.022,0.007,1.017
02:54.2,0,0.022,0.007,1.017
02:54.4,0,0.022,0.007,1.017
02:54.6,0,0.023,0.007,1.017
02:54.8,0,0.023,0.006,1.017
02:55.0,0,0.023,0.007,1.017
02:55.2,0,0.023,0.007,1.017
02:55.4,0,0.022,0.007,1.016
02:55.6,0,0.022,0.007,1.016
02:55.8,0,0.022,0.007,1.016
02:56.0,0,0.022,0.007,1.016
02:56.2,0,0.022,0.007,1.016
02:56.4,0,0.022,0.007,1.016
02:56.6,0,0.022,0.007,1.016
02:56.8,0,0.022,0.007,1.015
02:57.0,0,0.023,0.007,1.016
02:57.2,0,0.023,0.007,1.016
02:57.4,0,0.023,0.007,1.016
02:57.6,0,0.022,0.007,1.016
02:57.8,0,0.023,0.007,1.017
02:58.0,0,0.022,0.006,1.016
02:58.2,0,0.022,0.006,1.017
02:58.4,0,0.022,0.007,1.017
02:58.6,0,0.022,0.007,1.016
02:58.8,0,0.022,0.007,1.016
02:59.0,0,0.022,0.007,1.017
02:59.3,0,0.023,0.007,1.016
02:59.5,0,0.023,0.007,1.016
02:59.7,0,0.023,0.008,1.017
02:59.9,0,0.023,0.008,1.017
03:00.1,1,0.023,0.007,1.017
03:00.3,1,0.023,0.007,1.017
03:00.5,1,0.023,0.007,1.017
03:00.7,1,0.023,0.007,1.017
03:00.9,1,0.023,0.007,1.017
03:01.1,0,0.023,0.008,1.018
03:01.3,0,0.023,0.007,1.018
03:01.5,0,0.023,0.007,1.018
03:01.7,0,0.023,0.008,1.018
03:01.9,0,0.023,0.007,1.017
03:02.1,0,0.023,0.007,1.016
03:02.3,0,0.023,0.007,1.016
03:02.5,0,0.023,0.006,1.016
03:02.7,0,0.023,0.007,1.016
03:02.9,0,0.023,0.006,1.016
03:03.1,0,0.023,0.006,1.016
03:03.3,0,0.023,0.006,1.017
03:03.5,0,0.023,0.006,1.016
03:03.7,0,0.023,0.006,1.016
03:03.9,0,0.023,0.006,1.017
03:04.1,0,0.023,0.006,1.016
03:04.3,0,0.023,0.006,1.015
03:04.5,0,0.023,0.007,1.016
03:04.7,0,0.023,0.006,1.016
03:04.9,0,0.023,0.006,1.016
03:05.1,0,0.023,0.006,1.016
03:05.3,0,0.023,0.006,1.016
03:05.5,0,0.023,0.006,1.016
03:05.7,0,0.023,0.006,1.016
03:05.9,0,0.023,0.006,1.017
03:06.2,0,0.023,0.007,1.016
03:06.4,0,0.023,0.007,1.016
03:06.6,0,0.023,0.007,1.016
03:06.8,1,0.023,0.007,1.016
03:07.0,1,0.023,0.007,1.016
03:07.2,1,0.023,0.007,1.017
03:07.4,1,0.023,0.007,1.017
03:07.6,1,0.023,0.007,1.017
03:07.8,0,0.022,0.007,1.017
03:08.0,0,0.022,0.007,1.016
03:08.2,0,0.022,0.007,1.016
03:08.4,0,0.022,0.006,1.016
03:08.6,0,0.022,0.006,1.016
03:08.8,0,0.022,0.007,1.017
03:09.0,0,0.022,0.006,1.017
03:09.2,0,0.022,0.006,1.016
03:09.4,0,0.022,0.006,1.016
03:09.6,0,0.022,0.006,1.016
03:09.8,0,0.022,0.006,1.016
03:10.0,0,0.022,0.006,1.016
03:10.2,0,0.022,0.006,1.016
03:10.4,0,0.022,0.006,1.016
03:10.6,0,0.023,0.007,1.016
03:10.8,0,0.023,0.006,1.016
03:11.0,0,0.023,0.007,1.016
03:11.2,0,0.023,0.007,1.016
03:11.4,0,0.023,0.007,1.016
03:11.6,1,0.022,0.007,1.016
03:11.8,1,0.023,0.007,1.014
03:12.0,1,0.023,0.006,1.013
03:12.2,1,0.022,0.006,1.014
03:12.4,1,0.023,0.007,1.014
03:12.6,1,0.023,0.006,1.014
03:12.8,0,0.023,0.007,1.017
03:13.0,0,0.022,0.007,1.018
03:13.3,0,0.022,0.007,1.016
03:13.5,0,0.023,0.007,1.016
03:13.7,0,0.023,0.006,1.019
03:13.9,0,0.023,0.007,1.021
03:14.1,0,0.023,0.007,1.019
03:14.3,0,0.024,0.007,1.019
03:14.5,0,0.023,0.007,1.02
03:14.7,0,0.023,0.008,1.018
03:14.9,0,0.023,0.006,1.015
03:15.1,0,0.022,0.007,1.017
03:15.3,0,0.022,0.007,1.018
03:15.5,0,0.022,0.007,1.017
03:15.7,0,0.023,0.007,1.017
03:15.9,0,0.023,0.007,1.017
03:16.1,1,0.023,0.007,1.017
03:16.3,1,0.023,0.007,1.017
03:16.5,1,0.023,0.007,1.017
03:16.7,1,0.023,0.008,1.017
03:16.9,1,0.023,0.007,1.017
03:17.1,1,0.023,0.007,1.016
03:17.3,0,0.023,0.008,1.016
03:17.5,0,0.023,0.007,1.016
03:17.7,0,0.023,0.007,1.016
03:17.9,0,0.023,0.007,1.016
03:18.1,0,0.023,0.007,1.017
03:18.3,0,0.023,0.007,1.017
03:18.5,0,0.023,0.007,1.017
03:18.7,0,0.022,0.006,1.016
03:18.9,0,0.023,0.007,1.017
03:19.1,0,0.023,0.006,1.016
03:19.3,0,0.023,0.006,1.016
03:19.5,0,0.023,0.006,1.016
03:19.7,0,0.023,0.007,1.017
03:19.9,0,0.023,0.006,1.016
03:20.1,0,0.023,0.007,1.017
03:20.3,0,0.023,0.007,1.017
03:20.6,0,0.023,0.007,1.017
03:20.8,0,0.023,0.006,1.017
03:21.0,0,0.023,0.007,1.017
03:21.2,0,0.023,0.007,1.018
03:21.4,0,0.023,0.007,1.017
03:21.6,0,0.023,0.007,1.017
03:21.8,0,0.023,0.007,1.017
03:22.0,0,0.022,0.007,1.017
03:22.2,0,0.022,0.006,1.017
03:22.4,0,0.022,0.006,1.017
03:22.6,0,0.023,0.006,1.017
03:22.8,0,0.023,0.006,1.017
03:23.0,0,0.023,0.006,1.017
03:23.2,0,0.023,0.007,1.017
03:23.4,0,0.023,0.007,1.016
03:23.6,0,0.023,0.007,1.016
03:23.8,0,0.023,0.007,1.016
03:24.0,0,0.023,0.007,1.016
03:24.2,0,0.023,0.006,1.016
03:24.4,0,0.023,0.006,1.017
03:24.6,0,0.023,0.006,1.017
03:24.8,0,0.023,0.006,1.017
03:25.0,0,0.023,0.007,1.017
03:25.2,0,0.023,0.006,1.017
03:25.4,0,0.023,0.006,1.017
03:25.6,0,0.023,0.006,1.017
03:25.8,0,0.023,0.007,1.017
03:26.0,0,0.023,0.006,1.017
03:26.2,0,0.023,0.006,1.017
03:26.4,0,0.023,0.006,1.017
03:26.6,0,0.023,0.007,1.017
03:26.8,0,0.023,0.007,1.017
03:27.0,0,0.023,0.007,1.016
03:27.3,0,0.022,0.007,1.018
03:27.5,0,0.023,0.007,1.017
03:27.7,0,0.022,0.006,1.017
03:27.9,0,0.023,0.006,1.017
03:28.1,0,0.022,0.007,1.017
03:28.3,0,0.023,0.006,1.015
03:28.5,0,0.023,0.006,1.016
03:28.7,0,0.023,0.007,1.017
03:28.9,0,0.022,0.007,1.017
03:29.1,0,0.023,0.006,1.017
03:29.3,0,0.023,0.007,1.018
03:29.5,0,0.023,0.007,1.017
03:29.7,0,0.023,0.006,1.017
03:29.9,0,0.023,0.006,1.017
03:30.1,0,0.023,0.006,1.017
03:30.3,0,0.023,0.006,1.017
03:30.5,0,0.023,0.006,1.017
03:30.7,0,0.023,0.006,1.017
03:30.9,0,0.023,0.007,1.018
03:31.1,0,0.023,0.007,1.017
03:31.3,0,0.023,0.007,1.017
03:31.5,0,0.023,0.007,1.017
03:31.7,0,0.022,0.007,1.017
03:31.9,0,0.022,0.005,1.017
03:32.1,0,0.023,0.007,1.017
03:32.3,0,0.023,0.007,1.017
03:32.5,0,0.023,0.007,1.017
03:32.7,0,0.023,0.008,1.018
03:32.9,0,0.024,0.008,1.018
03:33.1,0,0.023,0.007,1.017
03:33.3,0,0.023,0.007,1.017
03:33.5,0,0.023,0.007,1.017
03:33.7,0,0.023,0.006,1.016
03:33.9,0,0.023,0.006,1.016
03:34.1,0,0.023,0.007,1.017
03:34.3,0,0.023,0.007,1.016
03:34.6,0,0.023,0.007,1.017
03:34.8,0,0.023,0.007,1.017
03:35.0,0,0.023,0.007,1.017
03:35.2,0,0.023,0.006,1.017
03:35.4,0,0.023,0.007,1.017
03:35.6,0,0.023,0.007,1.018
03:35.8,0,0.023,0.007,1.018
03:36.0,0,0.023,0.007,1.018
03:36.2,0,0.023,0.007,1.018
03:36.4,0,0.023,0.007,1.017
03:36.6,0,0.023,0.007,1.017
03:36.8,0,0.023,0.007,1.017
03:37.0,0,0.023,0.007,1.017
03:37.2,0,0.023,0.007,1.016
03:37.4,0,0.023,0.007,1.017
03:37.6,0,0.023,0.007,1.017
03:37.8,0,0.023,0.007,1.017
03:38.0,0,0.023,0.007,1.017
03:38.2,0,0.023,0.007,1.017
03:38.4,0,0.022,0.006,1.017
03:38.6,0,0.022,0.007,1.017
03:38.8,0,0.023,0.007,1.017
03:39.0,0,0.022,0.007,1.017
03:39.2,0,0.023,0.007,1.017
03:39.4,0,0.023,0.007,1.017
03:39.6,0,0.023,0.007,1.017
03:39.8,0,0.023,0.007,1.017
03:40.0,0,0.023,0.007,1.016
03:40.2,0,0.023,0.007,1.016
03:40.4,0,0.022,0.007,1.016
03:40.6,0,0.023,0.007,1.016
03:40.8,0,0.023,0.007,1.016
03:41.0,0,0.023,0.006,1.017
03:41.2,0,0.023,0.006,1.017
03:41.5,0,0.023,0.007,1.017
03:41.7,0,0.023,0.007,1.017
03:41.9,0,0.023,0.006,1.017
03:42.1,0,0.023,0.007,1.017
03:42.3,0,0.023,0.007,1.017
03:42.5,0,0.023,0.007,1.017
03:42.7,0,0.023,0.007,1.017
03:42.9,0,0.023,0.007,1.017
03:43.1,0,0.023,0.007,1.017
03:43.3,0,0.023,0.006,1.016
03:43.5,0,0.023,0.006,1.016
03:43.7,0,0.023,0.006,1.016
03:43.9,0,0.023,0.006,1.016
03:44.1,0,0.023,0.006,1.016
03:44.3,0,0.023,0.006,1.016
03:44.5,0,0.023,0.007,1.016
03:44.7,0,0.023,0.007,1.016
03:44.9,0,0.023,0.007,1.016
03:45.1,0,0.023,0.006,1.017
03:45.3,0,0.023,0.006,1.016
03:45.5,0,0.023,0.006,1.016
03:45.7,0,0.023,0.006,1.016
03:45.9,0,0.023,0.006,1.017
03:46.1,0,0.023,0.006,1.016
03:46.3,0,0.023,0.007,1.017
03:46.5,0,0.023,0.007,1.017
03:46.7,0,0.023,0.006,1.017
03:46.9,0,0.022,0.007,1.017
03:47.1,0,0.022,0.007,1.017
03:47.3,0,0.022,0.006,1.017
03:47.5,0,0.022,0.007,1.017
03:47.7,0,0.022,0.007,1.017
03:47.9,0,0.022,0.007,1.017
03:48.1,0,0.022,0.007,1.017
03:48.3,0,0.023,0.006,1.016
03:48.6,0,0.023,0.006,1.016
03:48.8,0,0.023,0.007,1.017
03:49.0,0,0.022,0.007,1.017
03:49.2,0,0.022,0.007,1.017
03:49.4,0,0.023,0.007,1.017
03:49.6,0,0.022,0.007,1.017
03:49.8,0,0.023,0.007,1.017
03:50.0,0,0.023,0.007,1.017
03:50.2,0,0.023,0.007,1.017
03:50.4,0,0.023,0.007,1.016
03:50.6,0,0.023,0.007,1.017
03:50.8,0,0.023,0.007,1.017
03:51.0,0,0.023,0.007,1.017
03:51.2,0,0.023,0.007,1.017
03:51.4,0,0.023,0.007,1.017
03:51.6,0,0.023,0.007,1.016
03:51.8,0,0.023,0.007,1.017
03:52.0,0,0.023,0.007,1.017
03:52.2,0,0.023,0.007,1.017
03:52.4,0,0.023,0.007,1.017
03:52.6,0,0.023,0.007,1.017
03:52.8,0,0.023,0.007,1.017
03:53.0,0,0.023,0.006,1.017
03:53.2,0,0.023,0.007,1.017
03:53.4,0,0.023,0.007,1.017
03:53.6,0,0.023,0.007,1.017
03:53.8,0,0.022,0.007,1.017
03:54.0,1,0.022,0.007,1.017
03:54.2,1,0.023,0.007,1.017
03:54.4,1,0.023,0.007,1.017
03:54.6,1,0.023,0.007,1.017
03:54.8,1,0.022,0.007,1.017
03:55.0,1,0.022,0.007,1.017
03:55.2,0,0.022,0.007,1.017
03:55.4,0,0.022,0.007,1.017
03:55.7,0,0.022,0.007,1.017
03:55.9,0,0.022,0.006,1.017
03:56.1,0,0.022,0.006,1.016
03:56.3,0,0.022,0.006,1.017
03:56.5,0,0.025,0.007,1.015
03:56.7,0,0.024,0.007,1.016
03:56.9,0,0.025,0.007,1.016
03:57.1,0,0.025,0.006,1.015
03:57.3,0,0.025,0.007,1.015
03:57.5,0,0.023,0.007,1.018
03:57.7,0,0.025,0.006,1.015
03:57.9,0,0.025,0.006,1.015
03:58.1,0,0.024,0.007,1.016
03:58.3,0,0.024,0.007,1.015
03:58.5,0,0.024,0.006,1.014
03:58.7,0,0.023,0.007,1.015
03:58.9,0,0.022,0.007,1.016
03:59.1,0,0.023,0.007,1.015
03:59.3,1,0.023,0.007,1.016
03:59.5,1,0.023,0.007,1.017
03:59.7,1,0.023,0.007,1.016
03:59.9,1,0.023,0.007,1.016
04:00.1,1,0.023,0.007,1.017
04:00.3,1,0.023,0.007,1.017
04:00.5,0,0.023,0.007,1.017
04:00.7,0,0.023,0.007,1.017
04:00.9,0,0.023,0.007,1.017
04:01.1,0,0.022,0.007,1.017
04:01.3,0,0.023,0.007,1.017
04:01.5,0,0.023,0.007,1.017
04:01.7,0,0.023,0.006,1.016
04:01.9,0,0.023,0.006,1.017
04:02.2,0,0.023,0.007,1.017
04:02.4,0,0.023,0.006,1.016
04:02.6,0,0.023,0.007,1.017
04:02.8,0,0.023,0.007,1.017
04:03.0,0,0.023,0.007,1.017
04:03.2,0,0.023,0.007,1.017
04:03.4,0,0.023,0.007,1.017
04:03.6,0,0.023,0.007,1.016
04:03.8,0,0.023,0.007,1.016
04:04.0,0,0.023,0.007,1.016
04:04.2,0,0.023,0.006,1.016
04:04.4,0,0.023,0.007,1.017
04:04.6,0,0.023,0.007,1.017
04:04.8,0,0.023,0.006,1.017
04:05.0,0,0.023,0.006,1.017
04:05.2,0,0.023,0.007,1.016
04:05.4,0,0.023,0.006,1.016
04:05.6,0,0.023,0.006,1.016
04:05.8,0,0.023,0.006,1.016
04:06.0,0,0.023,0.006,1.016
04:06.2,0,0.023,0.007,1.016
04:06.4,0,0.023,0.006,1.016
04:06.6,0,0.022,0.007,1.016
04:06.8,0,0.022,0.007,1.016
04:07.0,0,0.022,0.007,1.017
04:07.2,0,0.022,0.007,1.017
04:07.5,0,0.03,0.007,1.017
04:07.7,0,0.023,0.007,1.017
04:07.9,0,0.023,0.007,1.016
04:08.1,0,0.023,0.007,1.016
04:08.3,0,0.023,0.007,1.017
04:08.5,0,0.023,0.007,1.016
04:08.7,0,0.023,0.007,1.016
04:08.9,0,0.023,0.007,1.016
04:09.1,0,0.023,0.007,1.016
04:09.3,0,0.023,0.007,1.015
04:09.5,0,0.022,0.007,1.016
04:09.7,0,0.022,0.007,1.016
04:09.9,0,0.022,0.006,1.016
04:10.1,0,0.022,0.007,1.017
04:10.3,0,0.023,0.007,1.017
04:10.5,0,0.023,0.007,1.017
04:10.7,1,0.023,0.007,1.017
04:10.9,1,0.023,0.007,1.017
04:11.1,1,0.023,0.007,1.017
04:11.3,1,0.023,0.006,1.016
04:11.5,1,0.023,0.006,1.016
04:11.7,1,0.023,0.006,1.017
04:11.9,0,0.022,0.006,1.016
04:12.1,0,0.023,0.006,1.016
04:12.3,0,0.023,0.007,1.017
04:12.6,0,0.023,0.007,1.016
04:12.8,0,0.023,0.007,1.016
04:13.0,0,0.023,0.007,1.016
04:13.2,0,0.023,0.006,1.016
04:13.4,0,0.022,0.006,1.016
04:13.6,0,0.022,0.006,1.016
04:13.8,0,0.023,0.006,1.017
04:14.0,0,0.022,0.006,1.016
04:14.2,0,0.023,0.007,1.017
04:14.4,0,0.023,0.007,1.017
04:14.6,0,0.023,0.007,1.016
04:14.8,0,0.023,0.007,1.017
04:15.0,0,0.023,0.007,1.017
04:15.2,0,0.023,0.006,1.016
04:15.4,1,0.023,0.007,1.017
04:15.6,1,0.023,0.007,1.017
04:15.8,1,0.022,0.007,1.017
04:16.0,1,0.022,0.007,1.017
04:16.2,1,0.022,0.008,1.017
04:16.4,0,0.023,0.008,1.017
04:16.6,0,0.023,0.007,1.017
04:16.8,0,0.023,0.007,1.018
04:17.0,0,0.023,0.007,1.018
04:17.2,0,0.023,0.007,1.017
04:17.4,0,0.023,0.007,1.017
04:17.6,0,0.023,0.007,1.017
04:17.8,0,0.023,0.006,1.016
04:18.0,0,0.023,0.007,1.016
04:18.2,0,0.023,0.007,1.017
04:18.4,0,0.023,0.007,1.017
04:18.6,0,0.023,0.007,1.017
04:18.9,0,0.023,0.007,1.017
04:19.1,0,0.022,0.007,1.017
04:19.3,0,0.023,0.007,1.017
04:19.5,0,0.023,0.007,1.017
04:19.7,0,0.023,0.006,1.017
04:19.9,0,0.023,0.007,1.017
04:20.1,0,0.023,0.007,1.017
04:20.3,0,0.023,0.007,1.017
04:20.5,0,0.023,0.007,1.018
04:20.7,0,0.023,0.007,1.017
04:20.9,0,0.023,0.008,1.017
04:21.1,0,0.023,0.008,1.017
04:21.3,0,0.023,0.007,1.016
04:21.5,0,0.023,0.007,1.015
04:21.7,0,0.023,0.007,1.015
04:21.9,0,0.022,0.007,1.016
04:22.1,0,0.022,0.007,1.016
04:22.3,1,0.023,0.007,1.016
04:22.5,1,0.023,0.007,1.017
04:22.7,1,0.022,0.007,1.018
04:22.9,1,0.022,0.007,1.018
04:23.1,1,0.022,0.007,1.018
04:23.3,0,0.022,0.007,1.019
04:23.5,0,0.022,0.007,1.017
04:23.7,0,0.022,0.007,1.017
04:23.9,0,0.023,0.007,1.016
04:24.1,0,0.023,0.007,1.016
04:24.3,0,0.023,0.006,1.015
04:24.5,0,0.023,0.007,1.016
04:24.7,0,0.023,0.007,1.016
04:24.9,0,0.023,0.007,1.015
04:25.1,0,0.023,0.007,1.016
04:25.3,0,0.023,0.007,1.016
04:25.5,0,0.023,0.007,1.016
04:25.8,0,0.023,0.007,1.017
04:26.0,0,0.022,0.007,1.016
04:26.2,0,0.022,0.007,1.016
04:26.4,0,0.022,0.007,1.017
04:26.6,0,0.022,0.007,1.016
04:26.8,0,0.023,0.007,1.016
04:27.0,1,0.022,0.006,1.017
04:27.2,1,0.023,0.007,1.017
04:27.4,1,0.023,0.006,1.016
04:27.6,1,0.023,0.006,1.017
04:27.8,1,0.023,0.007,1.017
04:28.0,0,0.023,0.007,1.016
04:28.2,0,0.023,0.007,1.017
04:28.4,0,0.023,0.007,1.018
04:28.6,0,0.023,0.007,1.017
04:28.8,0,0.023,0.007,1.017
04:29.0,0,0.023,0.007,1.017
04:29.2,0,0.023,0.007,1.017
04:29.4,0,0.023,0.007,1.016
04:29.6,0,0.023,0.007,1.016
04:29.8,0,0.023,0.007,1.016
04:30.0,0,0.023,0.007,1.016
04:30.2,0,0.023,0.006,1.016
04:30.4,0,0.023,0.006,1.017
04:30.6,0,0.023,0.006,1.017
04:30.8,0,0.023,0.006,1.017
04:31.0,0,0.023,0.006,1.017
04:31.2,0,0.023,0.006,1.017
04:31.4,1,0.023,0.006,1.017
04:31.6,1,0.023,0.007,1.017
04:31.8,1,0.023,0.006,1.017
04:32.0,1,0.023,0.007,1.017
04:32.3,1,0.023,0.007,1.016
04:32.5,0,0.023,0.006,1.016
04:32.7,0,0.023,0.007,1.017
04:32.9,0,0.023,0.007,1.017
04:33.1,0,0.023,0.007,1.017
04:33.3,0,0.023,0.007,1.017
04:33.5,0,0.023,0.007,1.017
04:33.7,0,0.023,0.007,1.017
04:33.9,0,0.023,0.007,1.017
04:34.1,0,0.023,0.007,1.017
04:34.3,0,0.023,0.007,1.017
04:34.5,0,0.023,0.007,1.017
04:34.7,0,0.023,0.007,1.017
04:34.9,0,0.023,0.007,1.017
04:35.1,0,0.023,0.007,1.016
04:35.3,0,0.023,0.007,1.017
04:35.5,0,0.023,0.007,1.017
04:35.7,0,0.023,0.007,1.017
04:36.0,0,0.023,0.007,1.017
04:36.1,0,0.023,0.007,1.017
04:36.3,0,0.023,0.007,1.017
04:36.5,0,0.023,0.007,1.017
04:36.7,0,0.023,0.006,1.017
04:36.9,0,0.023,0.007,1.017
04:37.1,0,0.023,0.006,1.016
04:37.3,0,0.023,0.006,1.016
04:37.5,0,0.023,0.006,1.016
04:37.7,0,0.023,0.007,1.017
04:37.9,0,0.023,0.006,1.016
04:38.1,0,0.023,0.007,1.018
04:38.3,0,0.023,0.007,1.017
04:38.5,0,0.023,0.006,1.017
04:38.7,0,0.023,0.006,1.017
04:38.9,0,0.022,0.006,1.017
04:39.2,0,0.023,0.006,1.017
04:39.4,0,0.023,0.007,1.016
04:39.6,0,0.023,0.007,1.016
04:39.8,0,0.022,0.007,1.017
04:40.0,0,0.022,0.007,1.016
04:40.2,0,0.022,0.007,1.016
04:40.4,0,0.022,0.006,1.016
04:40.6,0,0.022,0.007,1.016
04:40.8,0,0.022,0.007,1.016
04:41.0,0,0.023,0.007,1.016
04:41.2,0,0.022,0.006,1.017
04:41.4,0,0.023,0.007,1.017
04:41.6,0,0.023,0.006,1.017
04:41.8,0,0.023,0.006,1.017
04:42.0,0,0.023,0.006,1.017
04:42.2,0,0.023,0.007,1.017
04:42.4,0,0.023,0.007,1.016
04:42.6,0,0.023,0.007,1.016
04:42.8,0,0.023,0.007,1.016
04:43.0,0,0.023,0.007,1.016
04:43.2,0,0.023,0.006,1.017
04:43.4,0,0.023,0.006,1.017
04:43.6,0,0.023,0.006,1.017
04:43.8,0,0.023,0.007,1.017
04:44.0,0,0.023,0.007,1.017
04:44.2,0,0.022,0.006,1.017
04:44.4,0,0.022,0.006,1.017
04:44.6,0,0.023,0.007,1.017
04:44.8,0,0.022,0.006,1.016
04:45.0,0,0.022,0.006,1.017
04:45.2,0,0.023,0.007,1.017
04:45.4,0,0.023,0.007,1.017
04:45.6,0,0.023,0.007,1.017
04:45.8,0,0.023,0.008,1.017
04:46.0,0,0.023,0.007,1.017
04:46.2,0,0.023,0.008,1.017
04:46.5,0,0.023,0.007,1.018
04:46.7,0,0.023,0.007,1.017
04:46.9,0,0.023,0.007,1.017
04:47.1,0,0.023,0.007,1.017
04:47.3,0,0.023,0.007,1.017
04:47.5,0,0.023,0.007,1.016
04:47.7,0,0.023,0.007,1.016
04:47.9,0,0.022,0.006,1.017
04:48.1,0,0.022,0.006,1.017
04:48.3,0,0.022,0.006,1.017
04:48.5,0,0.022,0.007,1.017
04:48.7,0,0.022,0.007,1.017
04:48.9,0,0.023,0.007,1.016
04:49.1,0,0.023,0.007,1.016
04:49.3,0,0.023,0.007,1.017
04:49.5,0,0.023,0.007,1.017
04:49.7,0,0.023,0.007,1.016
04:49.9,1,0.023,0.006,1.016
04:50.1,1,0.023,0.006,1.016
04:50.3,1,0.023,0.006,1.016
04:50.5,1,0.023,0.007,1.017
04:50.7,1,0.023,0.007,1.017
04:50.9,1,0.023,0.007,1.016
04:51.1,0,0.022,0.007,1.016
04:51.3,0,0.022,0.007,1.016
04:51.5,0,0.023,0.006,1.015
04:51.7,0,0.023,0.007,1.016
04:51.9,0,0.023,0.008,1.016
04:52.1,0,0.022,0.007,1.016
04:52.3,0,0.023,0.007,1.016
04:52.5,0,0.022,0.007,1.017
04:52.7,0,0.022,0.007,1.016
04:52.9,0,0.022,0.006,1.016
04:53.1,0,0.023,0.007,1.017
04:53.3,0,0.023,0.007,1.016
04:53.6,0,0.023,0.007,1.016
04:53.8,0,0.023,0.007,1.016
04:54.0,0,0.023,0.006,1.016
04:54.2,0,0.023,0.006,1.016
04:54.4,0,0.023,0.006,1.016
04:54.6,1,0.023,0.006,1.016
04:54.8,1,0.022,0.006,1.016
04:55.0,1,0.023,0.007,1.017
04:55.2,1,0.023,0.007,1.017
04:55.4,1,0.023,0.007,1.017
04:55.6,0,0.023,0.007,1.017
04:55.8,0,0.023,0.007,1.017
04:56.0,0,0.023,0.006,1.016
04:56.2,0,0.023,0.007,1.016
04:56.4,0,0.023,0.006,1.016
04:56.6,0,0.022,0.006,1.016
04:56.8,0,0.023,0.007,1.015
04:57.0,0,0.023,0.007,1.016
04:57.2,0,0.022,0.006,1.017
04:57.4,0,0.022,0.007,1.016
04:57.6,0,0.023,0.007,1.016
04:57.8,0,0.022,0.006,1.017
04:58.0,0,0.022,0.007,1.018
04:58.2,0,0.022,0.007,1.017
04:58.4,0,0.023,0.007,1.017
04:58.6,0,0.023,0.007,1.018
04:58.8,0,0.023,0.007,1.017
04:59.0,0,0.023,0.006,1.016
04:59.2,0,0.022,0.006,1.017
04:59.4,0,0.022,0.006,1.016
04:59.6,0,0.022,0.007,1.016
04:59.8,0,0.022,0.007,1.016
05:00.0,0,0.023,0.007,1.017
05:00.2,0,0.023,0.007,1.016
05:00.4,0,0.023,0.007,1.016
05:00.6,0,0.023,0.007,1.017
05:00.8,0,0.022,0.007,1.017
05:01.1,0,0.022,0.006,1.016
05:01.3,0,0.022,0.006,1.017
05:01.5,0,0.023,0.006,1.016
05:01.7,0,0.023,0.006,1.016
05:01.9,0,0.023,0.007,1.016
05:02.1,0,0.023,0.007,1.016
05:02.3,0,0.023,0.007,1.017
05:02.5,0,0.023,0.006,1.017
05:02.7,0,0.023,0.007,1.017
05:02.9,1,0.023,0.006,1.017
05:03.1,1,0.023,0.007,1.018
05:03.3,1,0.022,0.006,1.017
05:03.5,1,0.023,0.007,1.016
05:03.7,1,0.023,0.006,1.016
05:03.9,0,0.023,0.006,1.016
05:04.1,0,0.023,0.006,1.016
05:04.3,0,0.023,0.006,1.016
05:04.5,0,0.023,0.007,1.017
05:04.7,0,0.022,0.006,1.017
05:04.9,0,0.023,0.006,1.017
05:05.1,0,0.023,0.007,1.017
05:05.3,0,0.022,0.007,1.017
05:05.5,0,0.023,0.007,1.016
05:05.7,0,0.023,0.007,1.016
05:05.9,0,0.023,0.006,1.017
05:06.1,0,0.023,0.007,1.016
05:06.3,0,0.023,0.007,1.016
05:06.5,0,0.023,0.006,1.016
05:06.7,0,0.023,0.007,1.017
05:06.9,0,0.023,0.007,1.016
05:07.1,0,0.023,0.007,1.016
05:07.3,0,0.023,0.007,1.016
05:07.5,0,0.023,0.007,1.017
05:07.7,0,0.023,0.007,1.016
05:08.0,0,0.023,0.006,1.016
05:08.2,0,0.023,0.006,1.017
05:08.4,0,0.023,0.007,1.017
05:08.6,0,0.023,0.007,1.017
05:08.8,0,0.023,0.007,1.017
05:09.0,0,0.023,0.007,1.017
05:09.2,0,0.023,0.007,1.017
05:09.4,0,0.022,0.007,1.017
05:09.6,0,0.022,0.007,1.017
05:09.8,0,0.022,0.007,1.017
05:10.0,0,0.022,0.006,1.017
05:10.2,0,0.022,0.006,1.017
05:10.4,0,0.023,0.007,1.017
05:10.6,0,0.023,0.007,1.016
05:10.8,0,0.023,0.007,1.016
05:11.0,0,0.023,0.007,1.017
05:11.2,0,0.023,0.006,1.016
05:11.4,0,0.023,0.006,1.017
05:11.6,0,0.023,0.006,1.018
05:11.8,0,0.023,0.006,1.018
05:12.0,0,0.022,0.006,1.017
05:12.2,0,0.022,0.007,1.017
05:12.4,0,0.023,0.007,1.016
05:12.6,0,0.023,0.007,1.015
05:12.8,0,0.023,0.007,1.015
05:13.0,0,0.023,0.006,1.015
05:13.2,0,0.023,0.006,1.015
05:13.4,0,0.023,0.006,1.016
05:13.6,0,0.023,0.006,1.016
05:13.8,0,0.022,0.006,1.017
05:14.0,0,0.022,0.007,1.017
05:14.2,0,0.022,0.006,1.017
05:14.4,0,0.022,0.006,1.016
05:14.7,0,22,0.006,1.016
05:14.9,0,0.023,0.007,1.016
05:15.1,0,0.023,0.006,1.015
05:15.3,0,0.023,0.007,1.015
05:15.5,0,0.022,0.006,1.016
05:15.7,0,0.022,0.006,1.016
05:15.9,0,0.022,0.006,1.016
05:16.1,0,0.022,0.006,1.016
05:16.3,0,0.022,0.007,1.016
05:16.5,0,0.023,0.007,1.016
05:16.7,0,0.022,0.007,1.016
05:16.9,0,0.023,0.007,1.016
05:17.1,0,0.023,0.007,1.017
05:17.3,0,0.023,0.007,1.017
05:17.5,0,0.023,0.007,1.017
05:17.7,0,0.023,0.007,1.017
05:17.9,0,0.023,0.006,1.017
05:18.1,0,0.023,0.006,1.017
05:18.3,0,0.023,0.006,1.016
05:18.5,0,0.023,0.006,1.017
05:18.7,0,0.023,0.007,1.017
05:18.9,0,0.023,0.007,1.017
05:19.1,0,0.023,0.007,1.017
05:19.3,0,0.023,0.007,1.017
05:19.5,0,0.023,0.007,1.016
05:19.7,0,0.023,0.007,1.016
05:19.9,0,0.023,0.006,1.016
05:20.1,0,0.023,0.006,1.016
05:20.4,0,0.023,0.007,1.017
05:20.6,0,0.023,0.006,1.016
05:20.8,0,0.023,0.006,1.016
05:21.0,0,0.023,0.007,1.017
05:21.2,0,0.023,0.006,1.017
05:21.4,0,0.022,0.006,1.017
05:21.6,0,0.022,0.007,1.017
05:21.8,0,0.022,0.007,1.017
05:22.0,0,0.022,0.006,1.016
05:22.2,0,0.022,0.006,1.017
05:22.4,0,0.022,0.007,1.017
05:22.6,0,0.022,0.006,1.017
05:22.8,0,0.023,0.006,1.016
05:23.0,0,0.023,0.006,1.017
05:23.2,0,0.023,0.007,1.016
05:23.4,0,0.023,0.006,1.015
05:23.6,0,0.023,0.007,1.015
05:23.8,0,0.022,0.007,1.016
05:24.0,0,0.022,0.006,1.016
05:24.2,1,0.023,0.006,1.016
05:24.4,1,0.023,0.007,1.016
05:24.6,1,0.023,0.006,1.016
05:24.8,1,0.023,0.006,1.016
05:25.0,1,0.023,0.007,1.015
05:25.2,1,0.022,0.006,1.015
05:25.4,0,0.022,0.007,1.015
05:25.6,0,0.022,0.007,1.015
05:25.8,0,0.023,0.007,1.014
05:26.0,0,0.022,0.007,1.016
05:26.2,0,0.023,0.007,1.016
05:26.4,0,0.022,0.006,1.017
05:26.6,0,0.023,0.006,1.016
05:26.8,0,0.022,0.006,1.017
05:27.0,0,0.023,0.007,1.017
05:27.2,0,0.023,0.006,1.017
05:27.5,0,0.023,0.006,1.016
05:27.7,0,0.023,0.006,1.017
05:27.9,0,0.023,0.006,1.017
05:28.1,0,0.023,0.006,1.016
05:28.3,0,0.023,0.007,1.016
05:28.5,0,0.023,0.007,1.016
05:28.7,0,0.023,0.007,1.016
05:28.9,0,0.022,0.007,1.016
05:29.1,1,0.022,0.007,1.017
05:29.3,1,0.022,0.007,1.017
05:29.5,1,0.022,0.006,1.017
05:29.7,1,0.022,0.007,1.018
05:29.9,1,0.022,0.007,1.018
05:30.1,1,0.022,0.007,1.018
05:30.3,0,0.022,0.007,1.017
05:30.5,0,0.023,0.007,1.016
05:30.7,0,0.023,0.008,1.016
05:30.9,0,0.023,0.007,1.015
05:31.1,0,0.023,0.007,1.015
05:31.3,0,0.023,0.007,1.016
05:31.5,0,0.023,0.006,1.016
05:31.7,0,0.023,0.006,1.016
05:31.9,0,0.022,0.007,1.017
05:32.1,0,0.022,0.006,1.016
05:32.3,0,0.022,0.007,1.016
05:32.5,0,0.022,0.007,1.017
05:32.7,0,0.023,0.008,1.016
05:32.9,0,0.023,0.007,1.015
05:33.1,0,0.023,0.007,1.016
05:33.3,0,0.023,0.007,1.016
05:33.5,0,0.023,0.007,1.015
05:33.7,1,0.023,0.007,1.016
05:33.9,1,0.023,0.007,1.017
05:34.2,1,0.023,0.007,1.017
05:34.4,1,0.023,0.006,1.016
05:34.6,1,0.023,0.006,1.016
05:34.8,0,0.022,0.007,1.016
05:35.0,0,0.022,0.006,1.016
05:35.2,0,0.023,0.007,1.016
05:35.4,0,0.023,0.007,1.017
05:35.6,0,0.023,0.007,1.016
05:35.8,0,0.023,0.007,1.016
05:36.0,0,0.023,0.007,1.017
05:36.2,0,0.023,0.007,1.017
05:36.4,0,0.023,0.007,1.016
05:36.6,0,0.023,0.007,1.017
05:36.8,0,0.023,0.007,1.017
05:37.0,0,0.023,0.007,1.017
05:37.2,0,0.023,0.007,1.017
05:37.4,0,0.023,0.007,1.017
05:37.6,0,0.023,0.007,1.017
05:37.8,0,0.023,0.007,1.017
05:38.0,0,0.023,0.007,1.017
05:38.2,0,0.022,0.007,1.016
05:38.4,0,0.022,0.007,1.016
05:38.6,0,0.022,0.007,1.016
05:38.8,0,0.022,0.007,1.016
05:39.0,0,0.022,0.006,1.016
05:39.2,0,0.022,0.006,1.016
05:39.4,0,0.022,0.007,1.016
05:39.6,0,0.022,0.007,1.017
05:39.8,0,0.022,0.006,1.016
05:40.0,0,0.023,0.007,1.015
05:40.2,0,0.023,0.007,1.016
05:40.5,0,0.023,0.007,1.016
05:40.7,0,0.023,0.007,1.015
05:40.9,0,0.023,0.008,1.016
05:41.1,1,0.023,0.007,1.017
05:41.3,1,0.023,0.007,1.017
05:41.5,1,0.023,0.008,1.018
05:41.7,1,0.023,0.007,1.019
05:41.9,1,0.023,0.007,1.019
05:42.1,1,0.023,0.007,1.019
05:42.3,0,0.023,0.007,1.019
05:42.5,0,0.023,0.007,1.018
05:42.7,0,0.023,0.007,1.018
05:42.9,0,0.023,0.007,1.017
05:43.1,0,0.022,0.007,1.018
05:43.3,0,0.023,0.007,1.016
05:43.5,0,0.023,0.006,1.017
05:43.7,0,0.023,0.007,1.016
05:43.9,0,0.023,0.006,1.015
05:44.1,0,0.022,0.006,1.016
05:44.3,0,0.022,0.007,1.017
05:44.5,0,0.022,0.007,1.016
05:44.7,0,0.022,0.007,1.016
05:44.9,0,0.023,0.007,1.016
05:45.1,0,0.023,0.007,1.016
05:45.3,0,0.023,0.007,1.016
05:45.5,1,0.023,0.007,1.016
05:45.7,1,0.023,0.007,1.015
05:45.9,1,0.023,0.007,1.016
05:46.1,1,0.023,0.007,1.015
05:46.3,1,0.023,0.007,1.015
05:46.5,1,0.023,0.007,1.015
05:46.7,0,0.022,0.007,1.016
05:46.9,0,0.022,0.007,1.017
05:47.2,0,0.023,0.008,1.017
05:47.4,0,0.023,0.007,1.017
05:47.6,0,0.023,0.007,1.017
05:47.8,0,0.023,0.008,1.017
05:48.0,0,0.023,0.007,1.016
05:48.2,0,0.022,0.007,1.016
05:48.4,0,0.022,0.007,1.016
05:48.6,0,0.022,0.007,1.016
05:48.8,0,0.023,0.007,1.016
05:49.0,0,0.023,0.007,1.016
05:49.2,0,0.022,0.007,1.016
05:49.4,0,0.023,0.007,1.017
05:49.6,0,0.023,0.007,1.017
05:49.8,0,0.023,0.006,1.017
05:50.0,0,0.023,0.007,1.017
05:50.2,0,0.023,0.007,1.017
05:50.4,0,0.023,0.007,1.016
05:50.6,0,0.023,0.007,1.016
05:50.8,0,0.023,0.007,1.016
05:51.0,0,0.023,0.007,1.017
05:51.2,0,0.023,0.006,1.016
05:51.4,0,0.023,0.006,1.016
05:51.6,0,0.023,0.007,1.016
05:51.8,0,0.023,0.006,1.016
05:52.0,0,0.023,0.006,1.016
05:52.2,0,0.022,0.007,1.016
05:52.4,0,0.022,0.006,1.017
05:52.6,0,0.022,0.006,1.017
05:52.8,0,0.022,0.007,1.017
05:53.0,0,0.022,0.006,1.018
05:53.2,0,0.022,0.006,1.017
05:53.4,0,0.022,0.007,1.017
05:53.6,0,0.022,0.007,1.017
05:53.8,0,0.022,0.007,1.016
05:54.0,0,0.022,0.007,1.016
05:54.2,0,0.023,0.007,1.016
05:54.4,0,0.022,0.006,1.016
05:54.7,0,0.022,0.006,1.016
05:54.9,0,0.022,0.006,1.016
05:55.1,0,0.022,0.006,1.016
05:55.3,0,0.022,0.006,1.016
05:55.5,0,0.023,0.006,1.016
05:55.7,0,0.023,0.007,1.016
05:55.9,0,0.023,0.007,1.016
05:56.1,0,0.023,0.007,1.016
05:56.3,0,0.023,0.007,1.016
05:56.5,0,0.022,0.007,1.016
05:56.7,0,0.023,0.007,1.016
05:56.9,0,0.023,0.006,1.016
05:57.1,0,0.023,0.006,1.016
05:57.3,0,0.023,0.006,1.016
05:57.5,0,0.023,0.006,1.015
05:57.7,0,0.023,0.006,1.016
05:57.9,0,0.023,0.006,1.016
05:58.1,0,0.023,0.006,1.016
05:58.3,0,0.023,0.007,1.016
05:58.5,0,0.023,0.007,1.017
05:58.7,0,0.023,0.007,1.016
05:58.9,0,0.023,0.007,1.016
05:59.1,0,0.023,0.007,1.016
05:59.3,0,0.023,0.007,1.015
05:59.5,0,0.023,0.007,1.015
05:59.7,0,0.023,0.007,1.015
05:59.9,0,0.022,0.006,1.015
06:00.1,0,0.022,0.007,1.015
06:00.3,0,0.022,0.006,1.015
06:00.5,0,0.023,0.007,1.016
06:00.7,0,0.023,0.006,1.015
06:00.9,0,0.022,0.006,1.016
06:01.1,0,0.022,0.007,1.016
06:01.3,0,0.022,0.007,1.016
06:01.5,0,0.022,0.007,1.016
06:01.7,0,0.022,0.007,1.017
06:02.0,0,0.022,0.007,1.016
06:02.2,0,0.023,0.007,1.016
06:02.4,0,0.022,0.007,1.017
06:02.6,0,0.023,0.007,1.016
06:02.8,0,0.023,0.007,1.016
06:03.0,0,0.023,0.007,1.016
06:03.2,0,0.023,0.007,1.016
06:03.4,0,0.023,0.007,1.016
06:03.6,0,0.023,0.007,1.016
06:03.8,0,0.023,0.007,1.016
06:04.0,0,0.023,0.007,1.016
06:04.2,0,0.023,0.006,1.015
06:04.4,0,0.02,0.004,1.025
06:04.6,1,0.02,0.005,1.025
06:04.8,1,0.021,0.005,1.024
06:05.0,1,0.021,0.004,1.023
06:05.2,1,0.021,0.005,1.024
06:05.4,1,0.024,0.008,1.014
06:05.6,0,0.023,0.007,1.014
06:05.8,0,0.022,0.007,1.015
06:06.0,0,0.022,0.007,1.017
06:06.2,0,0.022,0.007,1.016
06:06.4,0,0.022,0.007,1.016
06:06.6,0,0.022,0.007,1.016
06:06.8,0,0.022,0.007,1.016
06:07.0,0,0.023,0.007,1.016
06:07.2,0,0.023,0.007,1.016
06:07.4,0,0.023,0.007,1.015
06:07.6,0,0.022,0.007,1.016
06:07.8,0,0.022,0.007,1.016
06:08.0,0,0.022,0.007,1.016
06:08.2,0,0.022,0.007,1.016
06:08.4,0,0.022,0.007,1.017
06:08.6,0,0.022,0.007,1.017
06:08.8,0,0.022,0.007,1.016
06:09.1,0,0.022,0.006,1.016
06:09.2,0,0.022,0.006,1.016
06:09.5,1,0.023,0.006,1.016
06:09.7,1,0.022,0.004,1.008
06:09.9,1,0.023,0.005,1.008
06:10.1,1,0.023,0.006,1.011
06:10.3,1,0.023,0.005,1.01
06:10.5,1,0.023,0.005,1.009
06:10.7,0,0.023,0.008,1.017
06:10.9,0,0.022,0.007,1.017
06:11.1,0,0.023,0.006,1.015
06:11.3,0,0.023,0.008,1.015
06:11.5,0,0.023,0.008,1.017
06:11.7,0,0.023,0.008,1.016
06:11.9,0,0.023,0.008,1.016
06:12.1,0,0.023,0.007,1.016
06:12.3,0,0.022,0.006,1.017
06:12.5,0,0.022,0.006,1.016
06:12.7,0,0.022,0.006,1.016
06:12.9,0,0.022,0.006,1.017
06:13.1,0,0.022,0.006,1.016
06:13.3,0,0.022,0.006,1.016
06:13.5,0,0.022,0.006,1.016
06:13.7,0,0.022,0.006,1.016
06:13.9,0,0.022,0.006,1.015
06:14.1,0,0.022,0.006,1.015
06:14.3,0,0.022,0.006,1.015
06:14.5,1,0.022,0.006,1.016
06:14.7,1,0.022,0.006,1.017
06:14.9,1,0.022,0.006,1.016
06:15.1,1,0.022,0.006,1.016
06:15.3,1,0.022,0.006,1.016
06:15.5,1,0.022,0.006,1.016
06:15.7,0,0.023,0.006,1.016
06:15.9,0,0.023,0.006,1.016
06:16.1,0,0.023,0.006,1.016
06:16.3,0,0.023,0.006,1.016
06:16.6,0,0.023,0.005,1.016
06:16.8,0,0.023,0.006,1.016
06:17.0,0,0.023,0.006,1.016
06:17.2,0,0.023,0.006,1.017
06:17.4,0,0.023,0.006,1.017
06:17.6,0,0.023,0.006,1.016
06:17.8,0,0.023,0.006,1.016
06:18.0,0,0.023,0.007,1.016
06:18.2,0,0.023,0.006,1.016
06:18.4,0,0.022,0.006,1.016
06:18.6,0,0.022,0.006,1.016
06:18.8,0,0.022,0.007,1.016
06:19.0,0,0.022,0.006,1.016
06:19.2,0,0.023,0.006,1.016
06:19.4,0,0.023,0.007,1.017
06:19.6,0,0.023,0.007,1.017
06:19.8,0,0.023,0.007,1.018
06:20.0,0,0.022,0.007,1.018
06:20.2,0,0.023,0.007,1.018
06:20.4,0,0.023,0.007,1.018
06:20.6,1,0.023,0.006,1.018
06:20.8,1,0.023,0.007,1.018
06:21.0,1,0.023,0.007,1.017
06:21.2,1,0.023,0.007,1.016
06:21.4,1,0.023,0.007,1.017
06:21.6,0,0.023,0.007,1.017
06:21.8,0,0.023,0.006,1.015
06:22.0,0,0.023,0.007,1.015
06:22.2,0,0.023,0.007,1.017
06:22.4,0,0.023,0.007,1.016
06:22.6,0,0.023,0.006,1.016
06:22.8,0,0.023,0.007,1.017
06:23.0,0,0.023,0.006,1.017
06:23.2,0,0.023,0.007,1.016
06:23.5,0,0.023,0.007,1.016
06:23.7,0,0.023,0.007,1.017
06:23.9,0,0.023,0.006,1.016
06:24.1,0,0.023,0.006,1.016
06:24.3,0,0.022,0.006,1.017
06:24.5,0,0.022,0.006,1.016
06:24.7,0,0.022,0.006,1.016
06:24.9,0,0.022,0.006,1.016
06:25.1,0,0.022,0.007,1.017
06:25.3,1,0.022,0.006,1.016
06:25.5,1,0.022,0.006,1.016
06:25.7,1,0.023,0.006,1.017
06:25.9,1,0.023,0.006,1.016
06:26.1,1,0.023,0.006,1.016
06:26.3,1,0.023,0.007,1.016
06:26.5,0,0.023,0.007,1.017
06:26.7,0,0.023,0.007,1.016
06:26.9,0,0.023,0.007,1.016
06:27.1,0,0.023,0.007,1.016
06:27.3,0,0.023,0.007,1.016
06:27.5,0,0.023,0.007,1.016
06:27.7,0,0.023,0.006,1.016
06:27.9,0,0.023,0.006,1.015
06:28.1,0,0.023,0.006,1.015
06:28.3,0,0.023,0.006,1.016
06:28.5,0,0.023,0.006,1.015
06:28.7,0,0.023,0.006,1.016
06:28.9,0,0.023,0.007,1.016
06:29.1,0,0.023,0.007,1.016
06:29.3,0,0.023,0.006,1.015
06:29.5,0,0.023,0.007,1.015
06:29.7,0,0.023,0.007,1.016
06:29.9,0,0.023,0.007,1.015
06:30.1,1,0.023,0.006,1.015
06:30.3,1,0.023,0.007,1.015
06:30.5,1,0.023,0.007,1.015
06:30.8,1,0.022,0.006,1.015
06:31.0,1,0.022,0.006,1.016
06:31.2,0,0.023,0.007,1.016
06:31.4,0,0.023,0.007,1.016
06:31.6,0,0.022,0.007,1.016
06:31.8,0,0.023,0.007,1.017
06:32.0,0,0.022,0.007,1.017
06:32.2,0,0.023,0.007,1.017
06:32.4,0,0.023,0.007,1.017
06:32.6,0,0.023,0.006,1.017
06:32.8,0,0.023,0.006,1.017
06:33.0,0,0.023,0.007,1.017
06:33.2,0,0.023,0.007,1.016
06:33.4,0,0.023,0.007,1.016
06:33.6,0,0.023,0.007,1.016
06:33.8,0,0.023,0.007,1.016
06:34.0,0,0.023,0.007,1.015
06:34.2,0,0.023,0.007,1.016
06:34.4,0,0.023,0.007,1.016
06:34.6,0,0.023,0.007,1.017
06:34.8,0,0.023,0.007,1.017
06:35.0,0,0.023,0.007,1.016
06:35.2,0,0.022,0.006,1.016
06:35.4,0,0.023,0.007,1.016
06:35.6,0,0.022,0.007,1.016
06:35.8,0,0.022,0.006,1.016
06:36.0,1,0.022,0.007,1.017
06:36.2,1,0.023,0.007,1.017
06:36.4,1,0.022,0.006,1.016
06:36.6,1,0.023,0.007,1.017
06:36.8,1,0.023,0.008,1.017
06:37.0,1,0.023,0.007,1.016
06:37.2,0,0.023,0.007,1.016
06:37.4,0,0.023,0.007,1.017
06:37.6,0,0.023,0.007,1.016
06:37.8,0,0.023,0.007,1.016
06:38.1,0,0.023,0.007,1.016
06:38.3,0,0.023,0.007,1.016
06:38.5,0,0.023,0.007,1.016
06:38.7,0,0.023,0.007,1.016
06:38.9,0,0.023,0.007,1.016
06:39.1,0,0.023,0.006,1.016
06:39.3,0,0.023,0.006,1.016
06:39.5,0,0.023,0.007,1.016
06:39.7,0,0.023,0.007,1.016
06:39.9,0,0.023,0.007,1.016
06:40.1,0,0.023,0.007,1.017
06:40.3,0,0.023,0.007,1.017
06:40.5,0,0.023,0.007,1.016
06:40.7,0,0.023,0.007,1.017
06:40.9,0,0.023,0.006,1.017
06:41.1,0,0.022,0.006,1.017
06:41.3,0,0.023,0.007,1.017
06:41.5,0,0.023,0.007,1.016
06:41.7,1,0.023,0.006,1.016
06:41.9,1,0.023,0.007,1.016
06:42.1,1,0.023,0.007,1.016
06:42.3,1,0.023,0.006,1.016
06:42.5,1,0.023,0.007,1.017
06:42.7,1,0.022,0.006,1.016
06:42.9,0,0.023,0.006,1.017
06:43.1,0,0.023,0.007,1.018
06:43.3,0,0.023,0.006,1.018
06:43.5,0,0.023,0.006,1.017
06:43.7,0,0.023,0.006,1.018
06:43.9,0,0.022,0.006,1.018
06:44.1,0,0.022,0.005,1.017
06:44.3,0,0.022,0.006,1.017
06:44.5,0,0.022,0.006,1.017
06:44.8,0,0.023,0.007,1.016
06:45.0,0,0.023,0.007,1.016
06:45.2,0,0.023,0.008,1.016
06:45.4,0,0.023,0.008,1.017
06:45.6,0,0.023,0.008,1.017
06:45.8,0,0.023,0.008,1.018
06:46.0,0,0.023,0.007,1.017
06:46.2,0,0.023,0.007,1.017
06:46.4,0,0.023,0.007,1.017
06:46.6,0,0.023,0.007,1.017
06:46.8,0,0.023,0.007,1.016
06:47.0,0,0.023,0.007,1.017
06:47.2,0,0.023,0.007,1.016
06:47.4,0,0.023,0.008,1.015
06:47.6,0,0.023,0.007,1.015
06:47.8,0,0.023,0.007,1.016
06:48.0,0,0.023,0.008,1.015
06:48.2,0,0.023,0.006,1.014
06:48.4,0,0.022,0.005,1.016
06:48.6,0,0.023,0.006,1.016
06:48.8,1,0.022,0.005,1.014
06:49.0,1,0.022,0.004,1.015
06:49.2,1,0.022,0.005,1.015
06:49.4,1,0.023,0.006,1.015
06:49.6,1,0.022,0.006,1.015
06:49.8,0,0.023,0.007,1.016
06:50.0,0,0.023,0.007,1.016
06:50.2,0,0.023,0.007,1.016
06:50.4,0,0.023,0.007,1.016
06:50.6,0,0.023,0.007,1.016
06:50.8,0,0.023,0.007,1.016
06:51.0,0,0.023,0.007,1.016
06:51.2,0,0.023,0.007,1.016
06:51.4,0,0.023,0.007,1.016
06:51.6,0,0.023,0.007,1.016
06:51.8,0,0.023,0.007,1.016
06:52.1,0,0.023,0.007,1.017
06:52.3,0,0.023,0.007,1.017
06:52.5,0,0.023,0.007,1.017
06:52.7,0,0.023,0.008,1.018
06:52.9,0,0.023,0.007,1.019
06:53.1,0,0.023,0.006,1.017
06:53.3,0,0.023,0.007,1.017
06:53.5,0,0.022,0.007,1.017
06:53.7,0,0.022,0.006,1.016
06:53.9,0,0.023,0.007,1.015
06:54.1,0,0.022,0.007,1.015
06:54.3,0,0.022,0.006,1.015
06:54.5,0,0.022,0.007,1.015
06:54.7,0,0.022,0.007,1.015
06:54.9,0,0.023,0.007,1.016
06:55.1,0,0.023,0.008,1.017
06:55.3,0,0.023,0.009,1.018
06:55.5,0,0.023,0.008,1.018
06:55.7,0,0.024,0.009,1.018
06:55.9,0,0.023,0.008,1.018
06:56.1,0,0.023,0.007,1.018
06:56.3,0,0.023,0.007,1.016
06:56.5,0,0.023,0.006,1.016
06:56.7,0,0.023,0.006,1.015
06:56.9,0,0.023,0.007,1.017
06:57.1,0,0.022,0.006,1.016
06:57.3,0,0.023,0.007,1.016
06:57.5,0,0.022,0.007,1.017
06:57.7,0,0.022,0.007,1.017
06:57.9,0,0.022,0.006,1.017
06:58.1,0,0.023,0.007,1.016
06:58.3,0,0.023,0.007,1.016
06:58.5,0,0.023,0.006,1.017
06:58.7,0,0.023,0.006,1.016
06:58.9,0,0.023,0.007,1.016
06:59.1,0,0.023,0.007,1.017
06:59.3,0,0.023,0.007,1.016
06:59.5,0,0.023,0.006,1.016
06:59.8,0,0.023,0.007,1.016
07:00.0,0,0.023,0.007,1.016
07:00.2,0,0.023,0.007,1.016
07:00.4,0,0.023,0.007,1.016
07:00.6,0,0.023,0.007,1.016
07:00.8,0,0.023,0.007,1.016
07:01.0,0,0.023,0.007,1.015
07:01.2,0,0.023,0.007,1.016
07:01.4,0,0.023,0.007,1.016
07:01.6,0,0.023,0.007,1.016
07:01.8,0,0.023,0.007,1.016
07:02.0,0,0.023,0.006,1.015
07:02.2,0,0.023,0.006,1.015
07:02.4,0,0.023,0.007,1.014
07:02.6,0,0.023,0.007,1.015
07:02.8,0,0.023,0.007,1.014
07:03.0,0,0.023,0.007,1.015
07:03.2,0,0.023,0.007,1.016
07:03.4,0,0.022,0.006,1.016
07:03.6,0,0.022,0.007,1.016
07:03.8,0,0.022,0.007,1.016
07:04.0,0,0.022,0.007,1.016
07:04.2,0,0.022,0.007,1.016
07:04.4,0,0.023,0.007,1.016
07:04.6,0,0.023,0.007,1.016
07:04.8,0,0.023,0.007,1.016
07:05.0,0,0.023,0.007,1.016
07:05.2,0,0.023,0.007,1.016
07:05.4,0,0.023,0.006,1.016
07:05.6,0,0.023,0.006,1.016
07:05.8,0,0.023,0.006,1.015
07:06.0,0,0.023,0.006,1.016
07:06.2,0,0.023,0.007,1.016
07:06.4,0,0.023,0.007,1.015
07:06.7,0,0.023,0.007,1.015
07:06.9,0,0.023,0.007,1.015
07:07.1,0,0.023,0.007,1.015
07:07.3,0,0.025,0.008,1.01
07:07.5,0,0.024,0.006,1.008
07:07.7,1,0.024,0.006,1.01
07:07.9,1,0.024,0.007,1.011
07:08.1,1,0.023,0.005,1.01
07:08.3,1,0.021,0.005,1.015
07:08.5,1,0.021,0.006,1.017
07:08.7,1,0.022,0.006,1.015
07:08.9,0,0.022,0.006,1.014
07:09.1,0,0.022,0.007,1.015
07:09.3,0,0.022,0.006,1.016
07:09.5,0,0.022,0.006,1.016
07:09.7,0,0.022,0.007,1.016
07:09.9,0,0.022,0.007,1.016
07:10.1,0,0.022,0.007,1.016
07:10.3,0,0.023,0.008,1.017
07:10.5,0,0.023,0.008,1.017
07:10.7,0,0.023,0.008,1.017
07:10.9,0,0.023,0.008,1.017
07:11.1,0,0.023,0.008,1.017
07:11.3,0,0.023,0.008,1.017
07:11.5,0,0.022,0.008,1.017
07:11.7,0,0.023,0.007,1.016
07:11.9,0,0.023,0.007,1.016
07:12.1,0,0.023,0.007,1.016
07:12.3,0,0.023,0.007,1.016
07:12.5,0,0.022,0.007,1.015
07:12.7,0,0.022,0.007,1.015
07:12.9,0,0.022,0.007,1.016
07:13.1,0,0.022,0.007,1.016
07:13.3,0,0.023,0.007,1.016
07:13.6,0,0.023,0.008,1.016
07:13.8,0,0.023,0.008,1.017
07:14.0,0,0.023,0.008,1.017
07:14.2,0,0.023,0.007,1.017
07:14.4,0,0.023,0.008,1.016
07:14.6,0,0.022,0.007,1.017
07:14.8,0,0.023,0.007,1.016
07:15.0,0,0.023,0.007,1.016
07:15.2,0,0.022,0.007,1.016
07:15.4,0,0.023,0.007,1.017
07:15.6,0,0.023,0.006,1.017
07:15.8,0,0.023,0.006,1.016
07:16.0,0,0.023,0.006,1.016
07:16.2,0,0.023,0.007,1.016
07:16.4,0,0.023,0.007,1.016
07:16.6,0,0.023,0.007,1.015
07:16.8,0,0.023,0.007,1.016
07:17.0,0,0.023,0.007,1.016
07:17.2,0,0.022,0.007,1.016
07:17.4,0,0.022,0.007,1.016
07:17.6,0,0.022,0.007,1.016
07:17.8,0,0.022,0.007,1.016
07:18.0,0,0.022,0.007,1.016
07:18.2,0,0.022,0.007,1.016
07:18.4,0,0.022,0.007,1.016
07:18.6,0,0.022,0.007,1.016
07:18.8,0,0.022,0.007,1.016
07:19.0,0,0.022,0.007,1.017
07:19.2,0,0.022,0.007,1.017
07:19.4,0,0.022,0.007,1.016
07:19.6,0,0.022,0.007,1.016
07:19.8,0,0.022,0.007,1.016
07:20.0,0,0.022,0.007,1.015
07:20.2,0,0.022,0.007,1.015
07:20.4,0,0.022,0.007,1.015
07:20.6,0,0.023,0.007,1.016
07:20.8,0,0.023,0.007,1.016
07:21.1,0,0.023,0.007,1.016
07:21.3,0,0.023,0.007,1.017
07:21.5,0,0.023,0.007,1.017
07:21.7,0,0.023,0.006,1.017
07:21.9,0,0.023,0.007,1.016
07:22.1,0,0.022,0.007,1.016
07:22.3,0,0.022,0.007,1.016
07:22.5,0,0.023,0.007,1.016
07:22.7,0,0.023,0.007,1.017
07:22.9,0,0.023,0.007,1.016
07:23.1,0,0.023,0.007,1.016
07:23.3,0,0.023,0.007,1.016
07:23.5,0,0.023,0.007,1.015
07:23.7,0,0.023,0.007,1.015
07:23.9,0,0.023,0.007,1.016
07:24.1,0,0.023,0.007,1.016
07:24.3,1,0.023,0.007,1.016
07:24.5,1,0.023,0.007,1.016
07:24.7,1,0.023,0.007,1.016
07:24.9,1,0.022,0.006,1.017
07:25.1,1,0.023,0.006,1.016
07:25.3,1,0.022,0.006,1.017
07:25.5,0,0.022,0.006,1.017
07:25.7,0,0.022,0.006,1.017
07:25.9,0,0.023,0.007,1.016
07:26.1,0,0.022,0.007,1.017
07:26.3,0,0.023,0.007,1.017
07:26.5,0,0.023,0.007,1.016
07:26.7,0,0.022,0.006,1.016
07:26.9,0,0.022,0.006,1.017
07:27.1,0,0.023,0.006,1.016
07:27.3,0,0.023,0.007,1.016
07:27.5,0,0.023,0.007,1.016
07:27.7,0,0.023,0.007,1.016
07:27.9,0,0.023,0.008,1.016
07:28.1,0,0.023,0.007,1.016
07:28.4,0,0.023,0.007,1.016
07:28.6,0,0.023,0.008,1.016
07:28.8,0,0.023,0.007,1.016
07:29.0,0,0.023,0.007,1.016
07:29.2,1,0.023,0.008,1.017
07:29.4,1,0.023,0.008,1.016
07:29.6,1,0.023,0.008,1.016
07:29.8,1,0.023,0.008,1.017
07:30.0,1,0.023,0.008,1.016
07:30.2,1,0.023,0.007,1.016
07:30.4,0,0.023,0.007,1.016
07:30.6,0,0.022,0.007,1.016
07:30.8,0,0.023,0.007,1.016
07:31.0,0,0.023,0.008,1.016
07:31.2,0,0.023,0.008,1.016
07:31.4,0,0.023,0.007,1.016
07:31.6,0,0.023,0.007,1.016
07:31.8,0,0.023,0.007,1.016
07:32.0,0,0.023,0.007,1.016
07:32.2,0,0.023,0.007,1.016
07:32.4,0,0.023,0.008,1.016
07:32.6,0,0.024,0.007,1.016
07:32.8,0,0.023,0.007,1.016
07:33.0,0,0.023,0.007,1.016
07:33.2,0,0.023,0.007,1.016
07:33.4,0,0.023,0.006,1.015
07:33.6,0,0.023,0.007,1.015
07:33.8,0,0.023,0.007,1.015
07:34.0,0,0.023,0.007,1.015
07:34.2,0,0.023,0.006,1.014
07:34.4,1,0.023,0.007,1.014
07:34.6,1,0.023,0.006,1.014
07:34.9,1,0.023,0.006,1.014
07:35.1,1,0.023,0.006,1.015
07:35.3,1,0.023,0.007,1.016
07:35.5,0,0.022,0.006,1.016
07:35.7,0,0.023,0.007,1.017
07:35.9,0,0.023,0.007,1.017
07:36.1,0,0.023,0.007,1.017
07:36.3,0,0.023,0.007,1.016
07:36.5,0,0.023,0.007,1.016
07:36.7,0,0.023,0.007,1.016
07:36.9,0,0.023,0.007,1.015
07:37.1,0,0.023,0.007,1.016
07:37.3,0,0.023,0.007,1.016
07:37.5,0,0.023,0.007,1.015
07:37.7,0,0.023,0.007,1.016
07:37.9,0,0.022,0.007,1.015
07:38.1,0,0.023,0.007,1.015
07:38.3,0,0.023,0.007,1.015
07:38.5,0,0.023,0.006,1.015
07:38.7,0,0.023,0.007,1.016
07:38.9,1,0.023,0.007,1.016
07:39.1,1,0.023,0.007,1.015
07:39.3,1,0.023,0.007,1.016
07:39.5,1,0.023,0.007,1.016
07:39.7,1,0.023,0.007,1.015
07:39.9,1,0.023,0.007,1.016
07:40.1,0,0.023,0.007,1.017
07:40.3,0,0.023,0.007,1.017
07:40.5,0,0.023,0.007,1.017
07:40.7,0,0.023,0.007,1.017
07:40.9,0,0.023,0.007,1.017
07:41.1,0,0.023,0.006,1.017
07:41.4,0,0.023,0.006,1.017
07:41.6,0,0.023,0.006,1.017
07:41.8,0,0.023,0.006,1.017
07:42.0,0,0.023,0.006,1.016
07:42.2,0,0.023,0.007,1.016
07:42.4,0,0.023,0.007,1.017
07:42.6,0,0.023,0.007,1.016
07:42.8,0,0.023,0.006,1.016
07:43.0,0,0.023,0.006,1.016
07:43.2,0,0.024,0.006,1.015
07:43.4,0,0.023,0.007,1.016
07:43.6,0,0.023,0.006,1.016
07:43.8,0,0.023,0.006,1.017
07:44.0,0,0.023,0.007,1.016
07:44.2,0,0.022,0.006,1.017
07:44.4,0,0.022,0.006,1.017
07:44.6,0,0.023,0.007,1.017
07:44.8,0,0.023,0.007,1.017
07:45.0,0,0.023,0.007,1.017
07:45.2,0,0.023,0.007,1.017
07:45.4,0,0.023,0.007,1.017
07:45.6,0,0.022,0.006,1.016
07:45.8,1,0.022,0.005,1.016
07:46.0,1,0.023,0.006,1.015
07:46.2,1,0.023,0.006,1.016
07:46.4,1,0.023,0.006,1.015
07:46.6,1,0.024,0.007,1.016
07:46.8,0,0.024,0.007,1.017
07:47.0,0,0.023,0.007,1.016
07:47.2,0,0.023,0.007,1.015
07:47.4,0,0.023,0.007,1.017
07:47.6,0,0.023,0.007,1.016
07:47.8,0,0.022,0.007,1.018
07:48.0,0,0.022,0.008,1.02
07:48.3,0,0.022,0.007,1.02
07:48.5,0,0.022,0.008,1.019
07:48.7,0,0.022,0.008,1.02
07:48.9,0,0.022,0.007,1.018
07:49.1,0,0.022,0.007,1.017
07:49.3,0,0.023,0.007,1.017
07:49.5,0,0.023,0.007,1.017
07:49.7,0,0.023,0.007,1.017
07:49.9,0,0.023,0.007,1.016
07:50.1,0,0.023,0.007,1.016
07:50.3,0,0.023,0.007,1.016
07:50.5,0,0.023,0.007,1.016
07:50.7,0,0.023,0.007,1.016
07:50.9,0,0.022,0.007,1.016
07:51.1,0,0.022,0.007,1.016
07:51.3,0,0.022,0.007,1.016
07:51.5,0,0.022,0.007,1.016
07:51.7,0,0.022,0.007,1.017
07:51.9,0,0.023,0.007,1.016
07:52.1,0,0.023,0.007,1.017
07:52.3,0,0.023,0.007,1.017
07:52.5,0,0.023,0.007,1.017
07:52.7,0,0.023,0.007,1.016
07:52.9,0,0.023,0.007,1.016
07:53.1,0,0.023,0.007,1.016
07:53.3,0,0.023,0.007,1.016
07:53.5,0,0.022,0.007,1.016
07:53.7,0,0.022,0.007,1.016
07:53.9,0,0.022,0.007,1.016
07:54.1,0,0.022,0.007,1.016
07:54.3,0,0.022,0.007,1.017
07:54.5,0,0.022,0.007,1.016
07:54.7,0,0.022,0.007,1.016
07:54.9,0,0.022,0.007,1.016
07:55.1,0,0.022,0.007,1.016
07:55.4,0,0.022,0.007,1.016
07:55.6,0,0.022,0.007,1.016
07:55.8,0,0.022,0.007,1.016
07:56.0,0,0.022,0.007,1.016
07:56.2,0,0.022,0.007,1.016
07:56.4,0,0.022,0.007,1.016
07:56.6,0,0.022,0.007,1.016
07:56.8,0,0.022,0.007,1.015
07:57.0,0,0.022,0.007,1.015
07:57.2,0,0.022,0.006,1.016
07:57.4,0,0.022,0.006,1.016
07:57.6,0,0.022,0.007,1.016
07:57.8,0,0.022,0.007,1.016
07:58.0,0,0.022,0.007,1.016
07:58.2,0,0.022,0.007,1.017
07:58.4,0,0.023,0.007,1.016
07:58.6,0,0.022,0.007,1.016
07:58.8,0,0.022,0.007,1.017
07:59.0,0,0.023,0.007,1.017
07:59.2,0,0.023,0.007,1.017
07:59.4,0,0.022,0.007,1.017
07:59.6,0,0.022,0.007,1.017
07:59.8,0,0.022,0.007,1.016
08:00.0,0,0.023,0.007,1.016
08:00.2,0,0.022,0.007,1.016
08:00.4,0,0.023,0.007,1.016
08:00.6,0,0.022,0.007,1.016
08:00.8,0,0.023,0.007,1.016
08:01.0,0,0.022,0.007,1.016
08:01.2,0,0.022,0.007,1.016
08:01.4,0,0.022,0.007,1.016
08:01.6,0,0.022,0.007,1.016
08:01.8,0,0.022,0.007,1.016
08:02.0,0,0.022,0.006,1.016
08:02.2,0,0.022,0.006,1.017
08:02.5,0,0.023,0.007,1.017
08:02.7,0,0.022,0.006,1.017
08:02.9,0,0.022,0.006,1.017
08:03.1,0,0.022,0.007,1.016
08:03.3,0,0.022,0.007,1.016
08:03.5,0,0.022,0.007,1.015
08:03.7,0,0.022,0.007,1.016
08:03.9,0,0.022,0.007,1.016
08:04.1,0,0.022,0.007,1.017
08:04.3,0,0.022,0.007,1.016
08:04.5,0,0.022,0.007,1.015
08:04.7,0,0.022,0.008,1.015
08:04.9,0,0.022,0.007,1.012
08:05.1,0,0.023,0.006,1.011
08:05.3,0,0.023,0.007,1.013
08:05.5,0,0.022,0.007,1.013
08:05.7,0,0.023,0.006,1.014
08:05.9,0,0.023,0.007,1.017
08:06.1,0,0.022,0.007,1.017
08:06.3,0,0.023,0.007,1.015
08:06.5,0,0.022,0.006,1.015
08:06.7,0,0.022,0.006,1.016
08:06.9,0,0.022,0.006,1.015
08:07.1,0,0.023,0.006,1.015
08:07.3,0,0.022,0.006,1.016
08:07.5,0,0.022,0.005,1.015
08:07.7,0,0.022,0.005,1.017
08:07.9,0,0.022,0.006,1.017
08:08.1,0,0.021,0.005,1.017
08:08.3,0,0.021,0.005,1.017
08:08.5,0,0.022,0.007,1.017
08:08.7,0,0.022,0.007,1.015
08:08.9,0,0.022,0.006,1.016
08:09.1,0,0.022,0.007,1.016
08:09.4,0,0.022,0.007,1.016
08:09.6,0,0.023,0.007,1.016
08:09.8,0,0.023,0.007,1.016
08:10.0,0,0.022,0.007,1.016
08:10.2,0,0.022,0.007,1.016
08:10.4,0,0.022,0.007,1.016
08:10.6,0,0.022,0.007,1.016
08:10.8,0,0.022,0.007,1.016
08:11.0,0,0.022,0.007,1.017
08:11.2,0,0.022,0.006,1.015
08:11.4,0,0.022,0.007,1.015
08:11.6,0,0.022,0.006,1.016
08:11.8,0,0.022,0.006,1.016
08:12.0,0,0.022,0.006,1.015
08:12.2,0,0.022,0.006,1.017
08:12.4,0,0.022,0.006,1.017
08:12.6,0,0.022,0.006,1.015
08:12.8,0,0.022,0.006,1.015
08:13.0,0,0.022,0.007,1.016
08:13.2,0,0.023,0.007,1.016
08:13.4,0,0.023,0.007,1.017
08:13.6,0,0.023,0.007,1.018
08:13.8,0,0.023,0.007,1.018
08:14.0,0,0.023,0.007,1.018
08:14.2,0,0.023,0.007,1.018
08:14.4,0,0.023,0.006,1.017
08:14.6,0,0.023,0.007,1.017
08:14.8,0,0.023,0.007,1.016
08:15.0,0,0.023,0.007,1.016
08:15.2,0,0.022,0.006,1.016
08:15.4,0,0.023,0.007,1.016
08:15.6,0,0.022,0.006,1.016
08:15.8,0,0.022,0.006,1.017
08:16.0,0,0.023,0.006,1.016
08:16.2,0,0.023,0.006,1.016
08:16.4,0,0.022,0.006,1.016
08:16.6,0,0.023,0.007,1.015
08:16.8,0,0.023,0.007,1.015
08:17.0,0,0.023,0.007,1.016
08:17.3,0,0.022,0.007,1.016
08:17.5,0,0.023,0.007,1.016
08:17.7,0,0.022,0.007,1.016
08:17.9,0,0.022,0.007,1.017
08:18.1,0,0.022,0.007,1.017
08:18.3,0,0.023,0.007,1.017
08:18.5,0,0.022,0.006,1.017
08:18.7,0,0.022,0.007,1.017
08:18.9,0,0.022,0.007,1.017
08:19.1,0,0.022,0.007,1.017
08:19.3,0,0.022,0.007,1.017
08:19.5,0,0.022,0.007,1.017
08:19.7,0,0.022,0.007,1.016
08:19.9,0,0.022,0.007,1.016
08:20.1,0,0.023,0.007,1.016
08:20.3,0,0.023,0.007,1.016
08:20.5,0,0.023,0.007,1.016
08:20.7,0,0.023,0.007,1.016
08:20.9,0,0.023,0.007,1.016
08:21.1,0,0.023,0.006,1.016
08:21.3,0,0.023,0.006,1.016
08:21.5,0,0.023,0.006,1.016
08:21.7,0,0.023,0.006,1.016
08:21.9,0,0.023,0.006,1.015
08:22.1,0,0.023,0.007,1.014
08:22.3,0,0.023,0.007,1.015
08:22.5,0,0.023,0.007,1.014
08:22.7,0,0.023,0.006,1.014
08:22.9,0,0.023,0.006,1.014
08:23.1,0,0.023,0.007,1.015
08:23.3,0,0.023,0.006,1.016
08:23.5,0,0.023,0.006,1.015
08:23.7,0,0.023,0.007,1.016
08:23.9,0,0.023,0.007,1.017
08:24.1,0,0.023,0.006,1.016
08:24.3,0,0.023,0.007,1.016
08:24.5,0,0.023,0.006,1.016
08:24.7,0,0.023,0.007,1.017
08:25.0,0,0.023,0.007,1.017
08:25.2,0,0.023,0.007,1.016
08:25.4,0,0.023,0.007,1.016
08:25.6,0,0.023,0.007,1.016
08:25.8,0,0.023,0.006,1.016
08:26.0,0,0.023,0.006,1.016
08:26.2,0,0.023,0.007,1.016
08:26.4,0,0.023,0.006,1.016
08:26.6,0,0.023,0.006,1.016
08:26.8,0,0.022,0.006,1.016
08:27.0,0,0.022,0.006,1.017
08:27.2,0,0.022,0.006,1.018
08:27.4,0,0.022,0.007,1.018
08:27.6,0,0.022,0.006,1.018
08:27.8,0,0.022,0.006,1.018
08:28.0,0,0.023,0.006,1.017
08:28.2,0,0.023,0.007,1.016
08:28.4,0,0.022,0.006,1.016
08:28.6,0,0.022,0.007,1.017
08:28.8,0,0.022,0.007,1.016
08:29.0,0,0.022,0.006,1.016
08:29.2,0,0.023,0.007,1.017
08:29.4,0,0.022,0.006,1.016
08:29.6,0,0.023,0.006,1.015
08:29.8,0,0.023,0.007,1.016
08:30.0,0,0.023,0.007,1.015
08:30.2,0,0.023,0.006,1.016
08:30.4,0,0.023,0.007,1.016
08:30.6,0,0.023,0.007,1.017
08:30.8,0,0.023,0.007,1.017
08:31.0,0,0.023,0.007,1.017
08:31.2,0,0.023,0.007,1.016
08:31.4,1,0.023,0.006,1.016
08:31.6,1,0.023,0.007,1.016
08:31.8,1,0.023,0.007,1.016
08:32.0,1,0.023,0.006,1.016
08:32.2,1,0.023,0.007,1.016
08:32.5,0,0.023,0.007,1.016
08:32.7,0,0.023,0.007,1.016
08:32.9,0,0.023,0.007,1.016
08:33.1,0,0.023,0.007,1.016
08:33.3,0,0.023,0.007,1.016
08:33.5,0,0.023,0.007,1.017
08:33.7,0,0.023,0.007,1.017
08:33.9,0,0.023,0.006,1.016
08:34.1,0,0.023,0.007,1.017
08:34.3,0,0.023,0.006,1.017
08:34.5,0,0.023,0.006,1.016
08:34.7,0,0.022,0.007,1.017
08:34.9,0,0.022,0.007,1.017
08:35.1,0,0.023,0.007,1.017
08:35.3,0,0.023,0.007,1.017
08:35.5,0,0.023,0.007,1.017
08:35.7,0,0.023,0.007,1.017
08:35.9,0,0.023,0.007,1.017
08:36.1,0,0.023,0.007,1.017
08:36.3,0,0.023,0.007,1.017
08:36.5,0,0.023,0.008,1.017
08:36.7,0,0.023,0.007,1.016
08:36.9,0,0.023,0.007,1.017
08:37.1,0,0.023,0.007,1.018
08:37.3,0,0.023,0.007,1.017
08:37.5,0,0.023,0.006,1.016
08:37.7,0,0.022,0.006,1.018
08:37.9,0,0.023,0.006,1.017
08:38.1,0,0.023,0.006,1.016
08:38.3,0,0.023,0.006,1.017
08:38.5,0,0.023,0.007,1.017
08:38.7,0,0.023,0.006,1.017
08:39.0,0,0.023,0.006,1.017
08:39.2,0,0.023,0.006,1.017
08:39.4,0,0.023,0.006,1.016
08:39.6,0,0.023,0.006,1.016
08:39.8,0,0.023,0.006,1.016
08:40.0,0,0.023,0.006,1.016
08:40.2,0,0.023,0.006,1.016
08:40.4,0,0.023,0.007,1.016
08:40.6,0,0.023,0.006,1.016
08:40.8,0,0.023,0.007,1.016
08:41.0,0,0.023,0.007,1.015
08:41.2,0,0.023,0.007,1.015
08:41.4,0,0.023,0.007,1.016
08:41.6,0,0.023,0.007,1.016
08:41.8,0,0.023,0.006,1.016
08:42.0,0,0.023,0.006,1.017
08:42.2,0,0.022,0.006,1.017
08:42.4,0,0.023,0.006,1.017
08:42.6,0,0.023,0.007,1.017
08:42.8,0,0.022,0.007,1.017
08:43.0,0,0.023,0.007,1.016
08:43.2,0,0.023,0.007,1.016
08:43.4,0,0.023,0.007,1.016
08:43.6,0,0.023,0.007,1.016
08:43.8,0,0.023,0.007,1.016
08:44.0,0,0.023,0.006,1.016
08:44.2,0,0.023,0.006,1.016
08:44.4,0,0.023,0.006,1.016
08:44.6,0,0.023,0.006,1.015
08:44.8,0,0.023,0.006,1.015
08:45.0,1,0.023,0.006,1.015
08:45.2,1,0.023,0.006,1.015
08:45.4,1,0.023,0.006,1.016
08:45.7,1,0.023,0.007,1.016
08:45.9,1,0.023,0.006,1.016
08:46.1,1,0.023,0.007,1.016
08:46.3,0,0.023,0.007,1.016
08:46.5,0,0.023,0.007,1.016
08:46.7,0,0.023,0.006,1.016
08:46.9,0,0.023,0.007,1.016
08:47.1,0,0.023,0.006,1.016
08:47.3,0,0.023,0.006,1.016
08:47.5,0,0.023,0.007,1.017
08:47.7,0,0.023,0.006,1.017
08:47.9,0,0.023,0.006,1.017
08:48.1,0,0.023,0.007,1.017
08:48.3,0,0.023,0.007,1.016
08:48.5,0,0.023,0.006,1.016
08:48.7,0,0.023,0.007,1.016
08:48.9,0,0.023,0.007,1.015
08:49.1,0,0.023,0.006,1.014
08:49.3,0,0.023,0.006,1.014
08:49.5,1,0.023,0.007,1.015
08:49.7,1,0.023,0.006,1.015
08:49.9,1,0.023,0.006,1.016
08:50.1,1,0.023,0.007,1.017
08:50.3,1,0.023,0.007,1.017
08:50.5,1,0.023,0.007,1.017
08:50.7,0,0.023,0.007,1.017
08:50.9,0,0.023,0.007,1.017
08:51.1,0,0.023,0.007,1.017
08:51.3,0,0.023,0.007,1.017
08:51.5,0,0.023,0.006,1.017
08:51.7,0,0.023,0.006,1.017
08:51.9,0,0.023,0.007,1.017
08:52.1,0,0.023,0.007,1.017
08:52.3,0,0.023,0.007,1.018
08:52.5,0,0.023,0.008,1.017
08:52.7,0,0.023,0.008,1.018
08:52.9,0,0.023,0.007,1.017
08:53.2,0,0.023,0.007,1.017
08:53.4,0,0.023,0.006,1.016
08:53.6,0,0.022,0.006,1.016
08:53.8,0,0.023,0.006,1.015
08:54.0,0,0.023,0.006,1.016
08:54.2,0,0.023,0.006,1.016
08:54.4,0,0.023,0.007,1.016
08:54.6,0,0.023,0.007,1.016
08:54.8,0,0.023,0.007,1.016
08:55.0,0,0.023,0.007,1.016
08:55.2,0,0.023,0.007,1.015
08:55.4,0,0.023,0.006,1.016
08:55.6,0,0.022,0.007,1.016
08:55.8,0,0.022,0.007,1.016
08:56.0,0,0.022,0.007,1.016
08:56.2,0,0.023,0.007,1.016
08:56.4,0,0.023,0.007,1.016
08:56.6,0,0.023,0.007,1.017
08:56.8,0,0.023,0.006,1.017
08:57.0,0,0.023,0.006,1.017
08:57.2,0,0.022,0.006,1.016
08:57.4,0,0.023,0.006,1.017
08:57.6,0,0.023,0.006,1.017
08:57.8,0,0.023,0.006,1.016
08:58.0,0,0.023,0.006,1.017
08:58.2,0,0.023,0.006,1.016
08:58.4,0,0.023,0.006,1.017
08:58.6,0,0.023,0.007,1.017
08:58.8,0,0.023,0.007,1.017
08:59.0,0,0.023,0.007,1.017
08:59.2,0,0.023,0.007,1.018
08:59.4,0,0.023,0.007,1.017
08:59.6,0,0.023,0.006,1.016
08:59.8,0,0.023,0.007,1.016
09:00.0,0,0.023,0.007,1.016
09:00.2,0,0.023,0.007,1.016
09:00.4,0,0.023,0.007,1.016
09:00.6,0,0.023,0.007,1.016
09:00.9,0,0.023,0.007,1.016
09:01.1,0,0.023,0.007,1.016
09:01.3,0,0.023,0.007,1.016
09:01.5,0,0.022,0.007,1.016
09:01.7,0,0.023,0.007,1.016
09:01.9,0,0.022,0.006,1.016
09:02.1,0,0.022,0.006,1.016
09:02.3,0,0.022,0.006,1.016
09:02.5,0,0.022,0.005,1.016
09:02.7,0,0.023,0.006,1.017
09:02.9,0,0.023,0.007,1.016
09:03.1,0,0.023,0.007,1.016
09:03.3,0,0.023,0.007,1.017
09:03.5,1,0.023,0.007,1.017
09:03.7,1,0.023,0.007,1.017
09:03.9,1,0.023,0.007,1.017
09:04.1,1,0.023,0.006,1.016
09:04.3,1,0.023,0.007,1.016
09:04.5,1,0.023,0.006,1.015
09:04.7,0,0.023,0.006,1.016
09:04.9,0,0.023,0.006,1.016
09:05.1,0,0.023,0.006,1.017
09:05.3,0,0.023,0.006,1.016
09:05.5,0,0.023,0.006,1.016
09:05.7,0,0.023,0.007,1.017
09:05.9,0,0.022,0.006,1.017
09:06.1,0,0.023,0.006,1.016
09:06.3,0,0.022,0.006,1.016
09:06.5,0,0.022,0.006,1.017
09:06.7,0,0.022,0.006,1.016
09:06.9,0,0.022,0.006,1.016
09:07.1,0,0.022,0.007,1.016
09:07.3,0,0.022,0.007,1.016
09:07.5,0,0.022,0.007,1.016
09:07.7,0,0.022,0.007,1.016
09:07.9,0,0.022,0.006,1.016
09:08.1,0,0.023,0.006,1.016
09:08.4,0,0.023,0.006,1.016
09:08.6,0,0.023,0.006,1.016
09:08.8,0,0.023,0.006,1.016
09:09.0,0,0.023,0.007,1.016
09:09.2,0,0.023,0.006,1.016
09:09.4,0,0.023,0.007,1.016
09:09.6,0,0.023,0.007,1.016
09:09.8,0,0.023,0.007,1.016
09:10.0,0,0.023,0.007,1.017
09:10.2,0,0.023,0.007,1.016
09:10.4,0,0.023,0.007,1.016
09:10.6,0,0.023,0.006,1.016
09:10.8,0,0.023,0.006,1.016
09:11.0,0,0.023,0.006,1.016
09:11.2,0,0.023,0.006,1.016
09:11.4,0,0.023,0.006,1.016
09:11.6,0,0.023,0.007,1.016
09:11.8,0,0.023,0.006,1.015
09:12.0,0,0.023,0.007,1.015
09:12.2,0,0.023,0.007,1.015
09:12.4,0,0.022,0.006,1.016
09:12.6,0,0.022,0.007,1.016
09:12.8,0,0.023,0.007,1.016
09:13.0,0,0.023,0.007,1.016
09:13.2,0,0.023,0.007,1.016
09:13.4,0,0.024,0.007,1.016
09:13.6,0,0.023,0.007,1.016
09:13.8,0,0.023,0.007,1.016
09:14.0,0,0.023,0.007,1.016
09:14.2,0,0.023,0.007,1.016
09:14.4,0,0.023,0.007,1.017
09:14.6,0,0.023,0.007,1.016
09:14.8,0,0.023,0.007,1.017
09:15.0,0,0.023,0.007,1.016
09:15.2,0,0.023,0.007,1.016
09:15.4,0,0.023,0.007,1.016
09:15.6,0,0.022,0.007,1.016
09:15.8,0,0.022,0.006,1.016
09:16.1,0,0.022,0.006,1.016
09:16.3,0,0.022,0.007,1.016
09:16.5,0,0.022,0.006,1.015
09:16.7,0,0.023,0.006,1.016
09:16.9,0,0.023,0.006,1.016
09:17.1,0,0.023,0.006,1.016
09:17.3,0,0.023,0.006,1.016
09:17.5,0,0.023,0.006,1.016
09:17.7,0,0.023,0.006,1.016
09:17.9,0,0.023,0.007,1.016
09:18.1,0,0.022,0.006,1.016
09:18.3,0,0.023,0.007,1.016
09:18.5,0,0.022,0.006,1.016
09:18.7,0,0.023,0.007,1.016
09:18.9,0,0.023,0.007,1.016
09:19.1,0,0.023,0.007,1.016
09:19.3,0,0.023,0.006,1.016
09:19.5,0,0.021,0.003,1.013
09:19.7,0,0.022,0.003,1.008
09:19.9,0,0.023,0.004,1.007
09:20.1,0,0.022,0.004,1.008
09:20.3,0,0.022,0.004,1.008
09:20.5,0,0.025,0.007,1.01
09:20.7,0,0.023,0.007,1.015
09:20.9,0,0.022,0.007,1.017
09:21.1,0,0.022,0.007,1.016
09:21.3,0,0.022,0.007,1.017
09:21.5,0,0.022,0.008,1.019
09:21.7,0,0.023,0.007,1.018
09:21.9,0,0.023,0.006,1.017
09:22.1,0,0.023,0.007,1.017
09:22.3,0,0.023,0.006,1.016
09:22.5,0,0.023,0.006,1.015
09:22.7,0,0.023,0.007,1.015
09:22.9,0,0.023,0.007,1.016
09:23.1,0,0.023,0.007,1.016
09:23.4,0,0.023,0.007,1.016
09:23.6,0,0.023,0.007,1.016
09:23.8,0,0.022,0.007,1.017
09:24.0,0,0.023,0.007,1.017
09:24.2,0,0.023,0.006,1.016
09:24.4,0,0.022,0.006,1.017
09:24.6,0,0.022,0.006,1.017
09:24.8,0,0.022,0.006,1.016
09:25.0,0,0.022,0.005,1.016
09:25.2,0,0.022,0.007,1.017
09:25.4,0,0.022,0.007,1.016
09:25.6,0,0.022,0.007,1.016
09:25.8,0,0.023,0.007,1.017
09:26.0,0,0.022,0.006,1.017
09:26.2,0,0.022,0.006,1.016
09:26.4,0,0.022,0.007,1.016
09:26.6,0,0.022,0.006,1.016
09:26.8,0,0.022,0.006,1.016
09:27.0,0,0.023,0.007,1.016
09:27.2,0,0.023,0.007,1.016
09:27.4,0,0.023,0.006,1.016
09:27.6,0,0.023,0.006,1.016
09:27.8,0,0.023,0.007,1.016
09:28.0,0,0.023,0.007,1.016
09:28.2,0,0.023,0.006,1.016
09:28.4,0,0.023,0.006,1.016
09:28.6,0,0.023,0.007,1.016
09:28.8,0,0.022,0.006,1.017
09:29.0,0,0.022,0.006,1.016
09:29.2,0,0.023,0.007,1.017
09:29.4,0,0.023,0.007,1.016
09:29.6,0,0.023,0.007,1.017
09:29.8,0,0.023,0.007,1.016
09:30.0,0,0.023,0.006,1.016
09:30.2,0,0.023,0.006,1.016
09:30.4,0,0.023,0.006,1.016
09:30.6,0,0.022,0.005,1.015
09:30.9,0,0.023,0.006,1.015
09:31.1,0,0.023,0.006,1.015
09:31.3,0,0.023,0.007,1.016
09:31.5,0,0.023,0.006,1.016
09:31.7,0,0.023,0.006,1.016
09:31.9,0,0.023,0.006,1.017
09:32.1,0,0.023,0.007,1.016
09:32.3,0,0.023,0.006,1.016
09:32.5,0,0.023,0.006,1.016
09:32.7,0,0.023,0.007,1.017
09:32.9,0,0.023,0.007,1.017
09:33.1,0,0.023,0.006,1.017
09:33.3,0,0.022,0.007,1.017
09:33.5,0,0.022,0.007,1.017
09:33.7,0,0.022,0.007,1.016
09:33.9,0,0.022,0.007,1.016
09:34.1,0,0.022,0.007,1.015
09:34.3,0,0.023,0.007,1.015
09:34.5,0,0.022,0.006,1.016
09:34.7,0,0.023,0.006,1.016
09:34.9,0,0.023,0.006,1.016
09:35.1,0,0.023,0.007,1.016
09:35.3,0,0.023,0.007,1.016
09:35.5,0,0.023,0.007,1.016
09:35.7,0,0.023,0.007,1.016
09:35.9,0,0.023,0.006,1.016
09:36.1,0,0.023,0.006,1.016
09:36.3,0,0.022,0.006,1.016
09:36.5,0,0.022,0.006,1.016
09:36.7,0,0.022,0.006,1.016
09:36.9,0,0.022,0.006,1.016
09:37.1,0,0.022,0.006,1.015
09:37.3,0,0.023,0.006,1.016
09:37.5,0,0.023,0.007,1.016
09:37.7,0,0.023,0.006,1.016
09:38.0,0,0.023,0.007,1.016
09:38.2,1,0.023,0.007,1.017
09:38.4,1,0.023,0.006,1.016
09:38.6,1,0.022,0.007,1.016
09:38.8,1,0.023,0.007,1.017
09:39.0,1,0.022,0.006,1.016
09:39.2,0,0.022,0.006,1.016
09:39.4,0,0.022,0.006,1.017
09:39.6,0,0.022,0.006,1.016
09:39.8,0,0.022,0.006,1.016
09:40.0,0,0.022,0.006,1.016
09:40.2,0,0.022,0.006,1.016
09:40.4,0,0.022,0.007,1.017
09:40.6,0,0.022,0.006,1.016
09:40.8,0,0.022,0.007,1.016
09:41.0,0,0.023,0.007,1.016
09:41.2,0,0.023,0.007,1.016
09:41.4,0,0.023,0.007,1.015
09:41.6,0,0.023,0.007,1.016
09:41.8,0,0.023,0.006,1.016
09:42.0,0,0.023,0.006,1.016
09:42.2,0,0.023,0.007,1.016
09:42.4,0,0.023,0.006,1.016
09:42.6,0,0.023,0.006,1.016
09:42.8,0,0.023,0.007,1.017
09:43.0,0,0.023,0.007,1.016
09:43.2,0,0.023,0.007,1.016
09:43.4,0,0.023,0.006,1.016
09:43.6,0,0.023,0.007,1.016
09:43.8,0,0.023,0.007,1.016
09:44.0,0,0.023,0.007,1.016
09:44.2,1,0.023,0.007,1.016
09:44.4,1,0.023,0.007,1.017
09:44.6,1,0.023,0.007,1.017
09:44.8,1,0.023,0.007,1.017
09:45.0,1,0.023,0.007,1.017
09:45.2,1,0.023,0.007,1.017
09:45.4,0,0.023,0.007,1.017
09:45.7,0,0.023,0.007,1.016
09:45.9,0,0.023,0.007,1.016
09:46.1,0,0.023,0.007,1.016
09:46.3,0,0.023,0.007,1.016
09:46.5,0,0.023,0.007,1.016
09:46.7,0,0.023,0.007,1.016
09:46.9,0,0.023,0.007,1.017
09:47.1,0,0.023,0.007,1.017
09:47.3,0,0.023,0.007,1.018
09:47.5,0,0.023,0.007,1.021
09:47.7,0,0.023,0.007,1.021
09:47.9,0,0.023,0.007,1.02
09:48.1,0,0.023,0.007,1.021
09:48.3,0,0.022,0.007,1.02
09:48.5,0,0.023,0.007,1.016
09:48.7,0,0.023,0.007,1.016
09:48.9,0,0.023,0.008,1.017
09:49.1,0,0.023,0.007,1.016
09:49.3,0,0.023,0.007,1.015
09:49.5,0,0.023,0.007,1.017
09:49.7,0,0.022,0.006,1.018
09:49.9,0,0.023,0.006,1.016
09:50.1,0,0.023,0.006,1.017
09:50.3,0,0.022,0.006,1.019
09:50.5,0,0.023,0.006,1.017
09:50.7,0,0.023,0.006,1.016
09:50.9,0,0.023,0.007,1.017
09:51.1,0,0.023,0.006,1.017
09:51.3,0,0.023,0.007,1.016
09:51.5,0,0.023,0.006,1.016
09:51.7,0,0.022,0.007,1.017
09:51.9,0,0.022,0.007,1.017
09:52.1,0,0.022,0.007,1.016
09:52.4,0,0.023,0.007,1.017
09:52.6,1,0.023,0.007,1.016
09:52.8,1,0.023,0.007,1.016
09:53.0,1,0.023,0.007,1.016
09:53.2,1,0.023,0.007,1.017
09:53.4,1,0.023,0.007,1.017
09:53.6,1,0.023,0.007,1.017
09:53.8,0,0.023,0.007,1.016
09:54.0,0,0.023,0.007,1.017
09:54.2,0,0.023,0.007,1.017
09:54.4,0,0.023,0.007,1.017
09:54.6,0,0.023,0.007,1.017
09:54.8,0,0.023,0.007,1.017
09:55.0,0,0.023,0.006,1.016
09:55.2,0,0.023,0.006,1.016
09:55.4,0,0.023,0.006,1.016
09:55.6,0,0.023,0.006,1.015
09:55.8,0,0.023,0.006,1.015
09:56.0,0,0.023,0.006,1.015
09:56.2,0,0.023,0.007,1.016
09:56.4,0,0.023,0.006,1.016
09:56.6,0,0.023,0.007,1.016
09:56.8,0,0.023,0.007,1.016
09:57.0,0,0.022,0.006,1.016
09:57.2,0,0.022,0.007,1.016
09:57.4,0,0.023,0.007,1.017
09:57.6,1,0.023,0.007,1.016
09:57.8,1,0.023,0.007,1.016
09:58.0,1,0.023,0.007,1.017
09:58.2,1,0.023,0.006,1.016
09:58.4,1,0.023,0.006,1.016
09:58.6,1,0.023,0.007,1.016
09:58.8,0,0.023,0.007,1.016
09:59.1,0,0.023,0.006,1.016
09:59.3,0,0.023,0.007,1.016
09:59.5,0,0.023,0.007,1.016
09:59.7,0,0.023,0.007,1.015
09:59.9,0,0.023,0.007,1.015
10:00.1,0,0.023,0.007,1.015
10:00.3,0,0.023,0.007,1.015
10:00.5,0,0.023,0.007,1.015
10:00.7,0,0.023,0.007,1.016
10:00.9,0,0.023,0.007,1.016
10:01.1,0,0.023,0.007,1.016
10:01.3,0,0.023,0.006,1.017
10:01.5,0,0.023,0.007,1.017
10:01.7,0,0.023,0.006,1.016
10:01.9,0,0.023,0.006,1.017
10:02.1,0,0.023,0.006,1.017
10:02.3,0,0.023,0.006,1.016
10:02.5,0,0.023,0.006,1.016
10:02.7,0,0.023,0.006,1.017
10:02.9,0,0.023,0.006,1.016
10:03.1,0,0.023,0.006,1.016
10:03.4,0,0.023,0.006,1.016
10:03.6,0,0.023,0.006,1.016
10:03.8,1,0.023,0.006,1.016
10:04.0,1,0.023,0.007,1.016
10:04.2,1,0.023,0.006,1.015
10:04.4,1,0.023,0.006,1.015
10:04.6,1,0.023,0.006,1.016
10:04.8,0,0.023,0.006,1.016
10:05.0,0,0.023,0.006,1.016
10:05.2,0,0.023,0.007,1.017
10:05.4,0,0.023,0.007,1.017
10:05.6,0,0.023,0.007,1.016
10:05.8,0,0.023,0.007,1.016
10:06.0,0,0.022,0.007,1.016
10:06.2,0,0.023,0.007,1.015
10:06.4,0,0.023,0.007,1.015
10:06.6,0,0.023,0.007,1.015
10:06.8,0,0.023,0.007,1.015
10:07.0,0,0.023,0.007,1.015
10:07.2,0,0.023,0.007,1.015
10:07.4,0,0.023,0.006,1.015
10:07.6,0,0.023,0.006,1.015
10:07.8,0,0.023,0.007,1.017
10:08.0,0,0.023,0.007,1.017
10:08.2,0,0.023,0.007,1.016
10:08.4,0,0.023,0.007,1.017
10:08.6,1,0.023,0.007,1.017
10:08.8,1,0.023,0.007,1.016
10:09.0,1,0.023,0.007,1.016
10:09.2,1,0.023,0.007,1.017
10:09.4,1,0.023,0.006,1.016
10:09.6,1,0.023,0.006,1.015
10:09.8,0,0.023,0.007,1.016
10:10.1,0,0.023,0.006,1.015
10:10.3,0,0.023,0.006,1.015
10:10.5,0,0.023,0.006,1.015
10:10.7,0,0.022,0.006,1.015
10:10.9,0,0.022,0.006,1.015
10:11.1,0,0.022,0.006,1.016
10:11.3,0,0.022,0.006,1.015
10:11.5,0,0.022,0.006,1.017
10:11.7,0,0.023,0.007,1.019
10:11.9,0,0.023,0.007,1.018
10:12.1,0,0.023,0.007,1.018
10:12.3,0,0.023,0.007,1.019
10:12.5,0,0.023,0.007,1.018
10:12.7,0,0.023,0.006,1.017
10:12.9,0,0.023,0.007,1.017
10:13.1,0,0.023,0.006,1.017
10:13.3,0,0.023,0.006,1.016
10:13.5,0,0.023,0.007,1.017
10:13.7,0,0.023,0.007,1.017
10:13.9,0,0.023,0.007,1.017
10:14.1,0,0.023,0.007,1.017
10:14.3,0,0.023,0.007,1.017
10:14.5,0,0.023,0.007,1.016
10:14.7,0,0.023,0.007,1.016
10:14.9,0,0.023,0.007,1.016
10:15.1,0,0.023,0.007,1.015
10:15.3,0,0.023,0.007,1.016
10:15.5,0,0.023,0.007,1.016
10:15.7,0,0.023,0.007,1.016
10:15.9,0,0.023,0.007,1.016
10:16.1,1,0.023,0.007,1.016
10:16.3,1,0.023,0.007,1.016
10:16.6,1,0.023,0.007,1.017
10:16.8,1,0.023,0.007,1.016
10:17.0,1,0.023,0.007,1.016
10:17.2,1,0.023,0.007,1.017
10:17.4,0,0.023,0.007,1.016
10:17.6,0,0.023,0.006,1.016
10:17.8,0,0.023,0.007,1.016
10:18.0,0,0.023,0.006,1.016
10:18.2,0,0.023,0.006,1.016
10:18.4,0,0.023,0.006,1.016
10:18.6,0,0.023,0.006,1.016
10:18.8,0,0.023,0.007,1.016
10:19.0,0,0.022,0.005,1.015
10:19.2,0,0.022,0.005,1.014
10:19.4,0,0.023,0.005,1.015
10:19.6,0,0.022,0.005,1.015
10:19.8,0,0.022,0.005,1.015
10:20.0,0,0.023,0.008,1.016
10:20.2,0,0.023,0.007,1.016
10:20.4,0,0.022,0.007,1.016
10:20.6,1,0.022,0.007,1.015
10:20.8,1,0.022,0.007,1.016
10:21.0,1,0.023,0.006,1.016
10:21.2,1,0.022,0.006,1.017
10:21.4,1,0.022,0.006,1.016
10:21.6,1,0.023,0.006,1.016
10:21.8,0,0.022,0.006,1.016
10:22.0,0,0.022,0.006,1.017
10:22.2,0,0.023,0.006,1.016
10:22.4,0,0.023,0.007,1.016
10:22.6,0,0.023,0.008,1.017
10:22.8,0,0.023,0.007,1.017
10:23.0,0,0.023,0.007,1.016
10:23.2,0,0.023,0.007,1.016
10:23.4,0,0.023,0.007,1.016
10:23.6,0,0.022,0.006,1.016
10:23.9,0,0.023,0.006,1.016
10:24.1,0,0.023,0.007,1.016
10:24.3,0,0.023,0.007,1.017
10:24.5,0,0.023,0.007,1.017
10:24.7,0,0.023,0.007,1.017
10:24.9,0,0.023,0.007,1.017
10:25.1,0,0.023,0.007,1.017
10:25.3,0,0.023,0.007,1.017
10:25.5,0,0.023,0.007,1.016
10:25.7,0,0.023,0.006,1.015
10:25.9,0,0.023,0.007,1.016
10:26.1,0,0.023,0.006,1.014
10:26.3,0,0.023,0.006,1.015
10:26.5,0,0.023,0.007,1.016
10:26.7,0,0.023,0.006,1.016
10:26.9,0,0.023,0.006,1.015
10:27.1,0,0.024,0.008,1.017
10:27.3,0,0.023,0.007,1.016
10:27.5,1,0.023,0.006,1.017
10:27.7,1,0.023,0.007,1.017
10:27.9,1,0.023,0.007,1.017
10:28.1,1,0.023,0.006,1.016
10:28.3,1,0.023,0.007,1.017
10:28.5,1,0.023,0.007,1.016
10:28.7,0,0.023,0.007,1.016
10:28.9,0,0.023,0.007,1.016
10:29.1,0,0.023,0.007,1.016
10:29.3,0,0.023,0.007,1.016
10:29.5,0,0.023,0.006,1.016
10:29.7,0,0.023,0.006,1.016
10:29.9,0,0.022,0.006,1.016
10:30.1,0,0.023,0.006,1.016
10:30.3,0,0.023,0.007,1.016
10:30.6,0,0.023,0.007,1.016
10:30.8,0,0.023,0.008,1.016
10:31.0,0,0.023,0.008,1.015
10:31.2,0,0.023,0.008,1.016
10:31.4,0,0.023,0.007,1.017
10:31.6,0,0.023,0.007,1.016
10:31.8,0,0.023,0.007,1.017
10:32.0,0,0.023,0.008,1.018
10:32.2,0,0.023,0.007,1.017
10:32.4,0,0.023,0.008,1.017
10:32.6,0,0.023,0.008,1.018
10:32.8,0,0.023,0.007,1.016
10:33.0,0,0.023,0.007,1.016
10:33.2,0,0.023,0.008,1.017
10:33.4,0,0.022,0.007,1.016
10:33.6,0,0.023,0.007,1.016
10:33.8,0,0.023,0.007,1.017
10:34.0,1,0.023,0.007,1.016
10:34.2,1,0.022,0.006,1.015
10:34.4,1,0.023,0.007,1.016
10:34.6,1,0.023,0.007,1.016
10:34.8,1,0.022,0.007,1.016
10:35.0,1,0.023,0.006,1.016
10:35.2,0,0.023,0.007,1.017
10:35.4,0,0.023,0.006,1.016
10:35.6,0,0.023,0.007,1.016
10:35.8,0,0.023,0.007,1.016
10:36.0,0,0.023,0.007,1.017
10:36.2,0,0.023,0.006,1.016
10:36.4,0,0.022,0.007,1.017
10:36.6,0,0.022,0.007,1.017
10:36.8,0,0.023,0.007,1.017
10:37.0,0,0.023,0.007,1.016
10:37.2,0,0.023,0.007,1.017
10:37.4,0,0.023,0.007,1.016
10:37.7,0,0.023,0.006,1.015
10:37.9,0,0.023,0.006,1.016
10:38.1,0,0.023,0.006,1.016
10:38.3,0,0.023,0.006,1.015
10:38.5,1,0.023,0.006,1.016
10:38.7,1,0.023,0.007,1.016
10:38.9,1,0.023,0.006,1.016
10:39.1,1,0.023,0.007,1.016
10:39.3,1,0.023,0.006,1.016
10:39.5,1,0.023,0.006,1.016
10:39.7,0,0.023,0.006,1.016
10:39.9,0,0.02,0.006,1.016
10:40.1,0,0.023,0.006,1.016
10:40.3,0,0.023,0.006,1.016
10:40.5,0,0.023,0.006,1.016
10:40.7,0,0.023,0.006,1.016
10:40.9,0,0.023,0.007,1.016
10:41.1,0,0.023,0.007,1.016
10:41.3,0,0.023,0.007,1.016
10:41.6,0,0.023,0.007,1.016
10:41.8,0,0.023,0.007,1.017
10:42.0,0,0.023,0.007,1.017
10:42.2,0,0.023,0.007,1.017
10:42.4,0,0.023,0.006,1.017
10:42.6,0,0.023,0.006,1.016
10:42.8,0,0.023,0.006,1.016
10:43.0,0,0.023,0.007,1.016
10:43.2,0,0.023,0.007,1.017
10:43.4,0,0.023,0.007,1.017
10:43.6,0,0.022,0.007,1.017
10:43.8,0,0.023,0.007,1.017
10:44.0,0,0.023,0.007,1.017
10:44.2,0,0.023,0.007,1.017
10:44.4,0,0.022,0.007,1.017
10:44.6,0,0.023,0.007,1.017
10:44.8,0,0.022,0.006,1.017
10:45.0,0,0.023,0.007,1.016
10:45.2,0,0.023,0.007,1.017
10:45.4,0,0.023,0.007,1.017
10:45.6,0,0.022,0.007,1.017
10:45.8,0,0.022,0.008,1.018
10:46.0,0,0.022,0.007,1.017
10:46.2,1,0.022,0.006,1.017
10:46.4,1,0.022,0.007,1.017
10:46.6,1,0.023,0.007,1.017
10:46.8,1,0.022,0.007,1.017
10:47.0,1,0.022,0.007,1.017
10:47.2,1,0.022,0.007,1.017
10:47.4,0,0.023,0.006,1.017
10:47.6,0,0.022,0.006,1.017
10:47.8,0,0.023,0.006,1.017
10:48.0,0,0.023,0.006,1.017
10:48.3,0,0.023,0.007,1.017
10:48.5,0,0.023,0.007,1.017
10:48.7,0,0.023,0.007,1.018
10:48.9,0,0.023,0.008,1.017
10:49.1,0,0.023,0.008,1.017
10:49.3,0,0.023,0.008,1.018
10:49.5,0,0.023,0.008,1.017
10:49.7,0,0.023,0.008,1.017
10:49.9,0,0.023,0.007,1.017
10:50.1,0,0.023,0.007,1.016
10:50.3,0,0.023,0.007,1.016
10:50.5,0,0.023,0.007,1.016
10:50.7,0,0.023,0.007,1.015
10:50.9,0,0.023,0.007,1.015
10:51.1,0,0.023,0.007,1.016
10:51.3,0,0.023,0.007,1.016
10:51.5,0,0.023,0.007,1.016
10:51.7,0,0.023,0.007,1.016
10:51.9,1,0.023,0.007,1.016
10:52.1,1,0.023,0.007,1.017
10:52.3,1,0.023,0.007,1.017
10:52.5,1,0.023,0.007,1.017
10:52.7,1,0.023,0.007,1.017
10:52.9,1,0.023,0.007,1.017
10:53.1,0,0.023,0.007,1.017
10:53.3,0,0.023,0.007,1.017
10:53.5,0,0.023,0.007,1.017
10:53.7,0,0.023,0.007,1.017
10:53.9,0,0.022,0.007,1.017
10:54.1,0,0.023,0.008,1.017
10:54.3,0,0.023,0.007,1.016
10:54.5,0,0.023,0.008,1.016
10:54.8,0,0.023,0.007,1.016
10:55.0,0,0.023,0.007,1.016
10:55.2,0,0.023,0.007,1.016
10:55.4,0,0.023,0.007,1.016
10:55.6,0,0.023,0.007,1.016
10:55.8,0,0.023,0.007,1.016
10:56.0,0,0.023,0.008,1.016
10:56.2,0,0.023,0.008,1.016
10:56.4,0,0.023,0.007,1.016
10:56.6,0,0.023,0.007,1.016
10:56.8,0,0.023,0.007,1.016
10:57.0,0,0.023,0.007,1.016
10:57.2,0,0.023,0.007,1.016
10:57.4,0,0.023,0.007,1.016
10:57.6,0,0.023,0.007,1.016
10:57.8,0,0.023,0.007,1.016
10:58.0,0,0.023,0.007,1.016
10:58.2,0,0.023,0.007,1.017
10:58.4,0,0.023,0.007,1.017
10:58.6,0,0.023,0.007,1.017
10:58.8,0,0.023,0.007,1.016
10:59.0,0,0.023,0.007,1.016
10:59.2,0,0.023,0.008,1.016
10:59.4,0,0.023,0.007,1.016
10:59.6,0,0.023,0.007,1.016
10:59.8,0,0.023,0.007,1.016
11:00.0,0,0.023,0.007,1.016
11:00.2,0,0.023,0.007,1.016
11:00.4,0,0.023,0.008,1.016
11:00.6,0,0.023,0.007,1.016
11:00.8,0,0.023,0.008,1.016
11:01.0,0,0.023,0.008,1.016
11:01.2,0,0.023,0.008,1.016
11:01.4,0,0.023,0.007,1.016
11:01.6,0,0.023,0.007,1.015
11:01.9,0,0.023,0.006,1.015
11:02.1,0,0.023,0.007,1.016
11:02.3,0,0.022,0.006,1.016
11:02.5,0,0.022,0.007,1.017
11:02.7,0,0.022,0.007,1.017
11:02.9,0,0.023,0.007,1.017
11:03.1,0,0.023,0.007,1.016
11:03.3,0,0.023,0.007,1.017
11:03.5,0,0.023,0.007,1.016
11:03.7,0,0.023,0.007,1.016
11:03.9,0,0.023,0.007,1.017
11:04.1,0,0.023,0.007,1.016
11:04.3,0,0.023,0.007,1.016
11:04.5,0,0.023,0.007,1.016
11:04.7,0,0.022,0.007,1.016
11:04.9,0,0.023,0.007,1.016
11:05.1,0,0.022,0.007,1.016
11:05.3,0,0.023,0.007,1.016
11:05.5,0,0.023,0.007,1.016
11:05.7,0,0.023,0.007,1.015
11:05.9,0,0.023,0.007,1.015
11:06.1,0,0.023,0.007,1.015
11:06.3,0,0.022,0.006,1.015
11:06.5,0,0.023,0.006,1.015
11:06.7,0,0.023,0.006,1.016
11:06.9,0,0.023,0.006,1.016
11:07.1,0,0.023,0.006,1.016
11:07.3,0,0.023,0.007,1.017
11:07.5,0,0.023,0.007,1.016
11:07.7,0,0.023,0.006,1.016
11:07.9,0,0.023,0.006,1.016
11:08.1,0,0.022,0.006,1.016
11:08.4,0,0.022,0.006,1.017
11:08.6,0,0.023,0.007,1.017
11:08.8,0,0.023,0.007,1.017
11:09.0,0,0.023,0.007,1.017
11:09.2,0,0.023,0.008,1.018
11:09.4,0,0.023,0.008,1.018
11:09.6,0,0.022,0.007,1.017
11:09.8,0,0.022,0.008,1.017
11:10.0,0,0.022,0.007,1.016
11:10.2,0,0.023,0.008,1.017
11:10.4,0,0.023,0.008,1.016
11:10.6,0,0.023,0.008,1.017
11:10.8,0,0.023,0.008,1.017
11:11.0,0,0.023,0.008,1.017
11:11.2,0,0.023,0.007,1.017
11:11.4,0,0.023,0.008,1.017
11:11.6,0,0.023,0.008,1.017
11:11.8,0,0.023,0.008,1.017
11:12.0,0,0.023,0.008,1.017
11:12.2,0,0.023,0.007,1.017
11:12.4,0,0.023,0.008,1.017
11:12.6,0,0.023,0.008,1.017
11:12.8,0,0.023,0.007,1.017
11:13.0,0,0.023,0.008,1.017
11:13.2,0,0.023,0.008,1.017
11:13.4,0,0.023,0.007,1.017
11:13.6,0,0.023,0.007,1.017
11:13.8,0,0.023,0.008,1.017
11:14.0,0,0.023,0.007,1.016
11:14.2,0,0.023,0.008,1.016
11:14.4,0,0.023,0.008,1.016
11:14.6,0,0.023,0.008,1.016
11:14.8,0,0.023,0.007,1.016
11:15.0,0,0.023,0.007,1.016
11:15.3,0,0.023,0.007,1.016
11:15.5,0,0.023,0.007,1.016
11:15.7,0,0.023,0.007,1.016
11:15.9,0,0.023,0.008,1.016
11:16.1,0,0.023,0.008,1.016
11:16.3,0,0.023,0.007,1.016
11:16.5,0,0.023,0.008,1.016
11:16.7,0,0.022,0.007,1.016
11:16.9,0,0.022,0.007,1.015
11:17.1,0,0.022,0.007,1.016
11:17.3,0,0.023,0.008,1.016
11:17.5,0,0.023,0.008,1.016
11:17.7,0,0.023,0.008,1.016
11:17.9,0,0.023,0.007,1.016
11:18.1,0,0.022,0.007,1.016
11:18.3,0,0.023,0.007,1.016
11:18.5,0,0.023,0.007,1.016
11:18.7,0,0.023,0.007,1.016
11:18.9,0,0.023,0.007,1.016
11:19.1,0,0.023,0.007,1.016
11:19.3,0,0.023,0.007,1.017
11:19.5,0,0.023,0.008,1.017
11:19.7,0,0.022,0.007,1.017
11:19.9,0,0.023,0.008,1.017
11:20.1,0,0.022,0.008,1.017
11:20.3,0,0.023,0.007,1.016
11:20.5,0,0.023,0.007,1.016
11:20.7,0,0.023,0.007,1.016
11:20.9,0,0.023,0.007,1.016
11:21.1,0,0.023,0.007,1.016
11:21.3,0,0.023,0.008,1.017
11:21.5,0,0.023,0.007,1.017
11:21.7,0,0.023,0.008,1.016
11:21.9,0,0.023,0.008,1.016
11:22.1,0,0.023,0.008,1.016
11:22.4,0,0.023,0.008,1.016
11:22.6,0,0.023,0.008,1.016
11:22.8,0,0.023,0.008,1.017
11:23.0,0,0.023,0.008,1.016
11:23.2,0,0.023,0.007,1.016
11:23.4,0,0.023,0.008,1.017
11:23.6,0,0.023,0.008,1.016
11:23.8,0,0.023,0.007,1.016
11:24.0,0,0.023,0.007,1.017
11:24.2,0,0.023,0.008,1.017
11:24.4,0,0.023,0.007,1.016
11:24.6,0,0.023,0.008,1.017
11:24.8,0,0.023,0.008,1.017
11:25.0,0,0.023,0.008,1.016
11:25.2,0,0.023,0.008,1.016
11:25.4,0,0.023,0.008,1.016
11:25.6,0,0.023,0.008,1.016
11:25.8,0,0.023,0.007,1.015
11:26.0,0,0.023,0.007,1.016
11:26.2,0,0.023,0.007,1.016
11:26.4,0,0.023,0.007,1.015
11:26.6,0,0.023,0.007,1.015
11:26.8,0,0.023,0.008,1.015
11:27.0,0,0.023,0.008,1.015
11:27.2,0,0.023,0.008,1.016
11:27.4,0,0.023,0.008,1.016
11:27.6,0,0.023,0.008,1.016
11:27.8,0,0.022,0.008,1.016
11:28.0,0,0.022,0.008,1.016
11:28.2,0,0.022,0.008,1.017
11:28.4,0,0.022,0.008,1.017
11:28.6,0,0.022,0.008,1.017
11:28.9,0,0.022,0.008,1.017
11:29.1,0,0.022,0.007,1.016
11:29.3,0,0.023,0.008,1.016
11:29.5,0,0.023,0.008,1.016
11:29.7,0,0.023,0.007,1.016
11:29.9,0,0.023,0.008,1.016
11:30.1,0,0.023,0.008,1.016
11:30.3,0,0.023,0.008,1.016
11:30.5,0,0.023,0.008,1.016
11:30.7,0,0.023,0.008,1.017
11:30.9,0,0.023,0.008,1.017
11:31.1,0,0.023,0.008,1.016
11:31.3,0,0.023,0.008,1.016
11:31.5,0,0.023,0.008,1.016
11:31.7,0,0.023,0.008,1.016
11:31.9,0,0.023,0.008,1.016
11:32.1,0,0.023,0.008,1.016
11:32.3,0,0.023,0.008,1.016
11:32.5,0,0.023,0.008,1.016
11:32.7,0,0.023,0.008,1.016
11:32.9,0,0.023,0.007,1.014
11:33.1,0,0.023,0.007,1.015
11:33.3,0,0.023,0.007,1.015
11:33.5,0,0.023,0.007,1.015
11:33.7,0,0.023,0.007,1.013
11:33.9,0,0.022,0.005,1.013
11:34.1,0,0.022,0.007,1.013
11:34.3,0,0.022,0.006,1.013
11:34.5,0,0.022,0.005,1.013
11:34.7,0,0.022,0.006,1.015
11:34.9,0,0.023,0.008,1.017
11:35.1,0,0.023,0.007,1.018
11:35.4,0,0.023,0.008,1.018
11:35.6,0,0.023,0.008,1.018
11:35.8,0,0.023,0.008,1.017
11:36.0,0,0.023,0.008,1.018
11:36.2,0,0.022,0.008,1.017
11:36.4,0,0.022,0.008,1.017
11:36.6,0,0.023,0.007,1.017
11:36.8,0,0.023,0.007,1.017
11:37.0,0,0.023,0.008,1.017
11:37.2,0,0.022,0.007,1.016
11:37.4,0,0.022,0.007,1.016
11:37.6,0,0.022,0.008,1.016
11:37.8,0,0.022,0.007,1.016
11:38.0,0,0.022,0.007,1.016
11:38.2,0,0.023,0.008,1.017
11:38.4,0,0.023,0.008,1.017
11:38.6,0,0.023,0.007,1.016
11:38.8,0,0.023,0.007,1.017
11:39.0,0,0.023,0.008,1.017
11:39.2,0,0.023,0.007,1.017
11:39.4,0,0.023,0.007,1.017
11:39.6,0,0.023,0.007,1.017
11:39.8,0,0.023,0.008,1.017
11:40.0,0,0.023,0.007,1.016
11:40.2,0,0.023,0.007,1.016
11:40.4,0,0.023,0.007,1.016
11:40.6,0,0.023,0.008,1.015
11:40.8,0,0.023,0.008,1.021
11:41.0,0,0.023,0.008,1.023
11:41.2,0,0.023,0.009,1.022
11:41.4,0,0.023,0.008,1.022
11:41.6,0,0.023,0.008,1.023
11:41.8,0,0.023,0.008,1.017
11:42.0,0,0.023,0.008,1.015
11:42.2,0,0.023,0.007,1.016
11:42.4,0,0.023,0.007,1.016
11:42.7,0,0.023,0.007,1.015
11:42.9,0,0.023,0.007,1.016
11:43.1,0,0.023,0.008,1.016
11:43.3,0,0.023,0.007,1.016
11:43.5,0,0.023,0.008,1.016
11:43.7,0,0.023,0.008,1.016
11:43.9,0,0.023,0.008,1.016
11:44.1,0,0.023,0.008,1.016
11:44.3,0,0.023,0.008,1.017
11:44.5,0,0.023,0.008,1.016
11:44.7,0,0.023,0.008,1.017
11:44.9,0,0.023,0.008,1.017
11:45.1,0,0.023,0.008,1.017
11:45.3,0,0.023,0.008,1.017
11:45.5,0,0.023,0.007,1.017
11:45.7,0,0.023,0.007,1.017
11:45.9,0,0.023,0.007,1.017
11:46.1,0,0.023,0.008,1.016
11:46.3,0,0.023,0.007,1.016
11:46.5,0,0.023,0.008,1.016
11:46.7,0,0.023,0.007,1.016
11:46.9,0,0.023,0.008,1.016
11:47.1,0,0.023,0.008,1.016
11:47.3,0,0.023,0.007,1.016
11:47.5,0,0.023,0.007,1.016
11:47.7,0,0.023,0.007,1.016
11:47.9,0,0.023,0.007,1.016
11:48.1,0,0.023,0.007,1.016
11:48.3,0,0.022,0.007,1.016
11:48.5,0,0.023,0.007,1.016
11:48.7,0,0.023,0.007,1.016
11:48.9,0,0.023,0.007,1.016
11:49.1,0,0.023,0.007,1.016
11:49.3,0,0.023,0.007,1.016
11:49.5,0,0.023,0.007,1.016
11:49.8,0,0.023,0.008,1.016
11:50.0,0,0.023,0.008,1.016
11:50.2,0,0.023,0.007,1.016
11:50.4,0,0.023,0.008,1.016
11:50.6,0,0.023,0.008,1.016
11:50.8,0,0.023,0.008,1.016
11:51.0,0,0.023,0.008,1.016
11:51.2,0,0.023,0.008,1.016
11:51.4,0,0.023,0.008,1.016
11:51.6,0,0.023,0.007,1.016
11:51.8,0,0.023,0.008,1.016
11:52.0,0,0.022,0.007,1.016
11:52.2,0,0.022,0.007,1.016
11:52.4,0,0.022,0.007,1.016
11:52.6,0,0.022,0.007,1.016
11:52.8,0,0.022,0.007,1.016
11:53.0,0,0.023,0.007,1.016
11:53.2,0,0.023,0.008,1.016
11:53.4,0,0.023,0.008,1.016
11:53.6,0,0.023,0.008,1.016
11:53.8,0,0.023,0.008,1.016
11:54.0,0,0.023,0.008,1.016
11:54.2,0,0.023,0.008,1.016
11:54.4,0,0.023,0.008,1.016
11:54.6,0,0.023,0.008,1.016
11:54.8,0,0.023,0.007,1.016
11:55.0,0,0.023,0.007,1.016
11:55.2,0,0.023,0.007,1.016
11:55.4,0,0.023,0.007,1.016
11:55.6,0,0.023,0.008,1.016
11:55.8,0,0.023,0.008,1.016
11:56.0,0,0.023,0.008,1.016
11:56.2,0,0.023,0.007,1.016
11:56.4,0,0.023,0.008,1.016
11:56.6,0,0.023,0.007,1.016
11:56.9,0,0.023,0.007,1.017
11:57.1,0,0.023,0.007,1.016
11:57.3,0,0.022,0.008,1.016
11:57.5,0,0.022,0.007,1.016
11:57.7,0,0.022,0.007,1.016
11:57.9,0,0.023,0.008,1.016
11:58.1,0,0.023,0.007,1.016
11:58.3,0,0.023,0.007,1.016
11:58.5,0,0.024,0.008,1.017
11:58.7,0,0.023,0.008,1.016
11:58.9,0,0.023,0.008,1.016
11:59.1,0,0.023,0.009,1.016
11:59.3,0,0.023,0.008,1.016
11:59.5,0,0.022,0.008,1.016
11:59.7,0,0.023,0.008,1.016
11:59.9,0,0.022,0.008,1.016
12:00.1,0,0.022,0.007,1.016
12:00.3,0,0.023,0.008,1.016
12:00.5,0,0.023,0.008,1.016
12:00.7,0,0.023,0.007,1.017
12:00.9,0,0.023,0.007,1.017
12:01.1,0,0.023,0.007,1.017
12:01.3,0,0.023,0.008,1.017
12:01.5,0,0.023,0.008,1.017
12:01.7,0,0.023,0.008,1.016
12:01.9,0,0.023,0.008,1.017
12:02.1,0,0.023,0.008,1.016
12:02.3,0,0.023,0.008,1.016
12:02.5,0,0.023,0.008,1.016
12:02.7,0,0.022,0.007,1.016
12:02.9,0,0.023,0.007,1.015
12:03.1,0,0.023,0.007,1.015
12:03.3,0,0.023,0.008,1.016
12:03.5,0,0.023,0.008,1.016
12:03.7,0,0.023,0.008,1.016
12:03.9,0,0.023,0.008,1.016
12:04.1,0,0.023,0.008,1.016
12:04.3,0,0.023,0.008,1.016
12:04.6,0,0.023,0.008,1.017
12:04.8,0,0.023,0.008,1.016
12:05.0,0,0.023,0.008,1.016
12:05.2,0,0.023,0.008,1.016
12:05.4,0,0.023,0.008,1.016
12:05.6,0,0.023,0.008,1.015
12:05.8,0,0.023,0.008,1.016
12:06.0,0,0.023,0.007,1.016
12:06.2,0,0.023,0.008,1.016
12:06.4,0,0.022,0.008,1.016
12:06.6,0,0.022,0.008,1.016
12:06.8,0,0.023,0.008,1.016
12:07.0,0,0.023,0.008,1.016
12:07.2,0,0.022,0.007,1.016
12:07.4,0,0.022,0.007,1.016
12:07.6,0,0.023,0.007,1.016
12:07.8,0,0.022,0.007,1.016
12:08.0,0,0.022,0.007,1.016
12:08.2,0,0.023,0.007,1.016
12:08.4,0,0.022,0.007,1.016
12:08.6,0,0.022,0.007,1.016
12:08.8,0,0.022,0.007,1.016
12:09.0,0,0.023,0.008,1.016
12:09.2,0,0.023,0.007,1.015
12:09.4,0,0.023,0.008,1.016
12:09.6,0,0.023,0.007,1.016
12:09.8,0,0.023,0.008,1.015
12:10.0,0,0.023,0.007,1.016
12:10.2,0,0.023,0.007,1.016
12:10.4,0,0.023,0.007,1.016
12:10.6,0,0.023,0.008,1.016
12:10.8,0,0.023,0.007,1.016
12:11.0,0,0.023,0.007,1.015
12:11.2,0,0.023,0.007,1.015
12:11.5,0,0.023,0.007,1.015
12:11.7,0,0.023,0.007,1.015
12:11.9,0,0.023,0.007,1.015
12:12.1,0,0.023,0.007,1.015
12:12.3,0,0.023,0.007,1.015
12:12.5,0,0.023,0.007,1.016
12:12.7,0,0.023,0.007,1.016
12:12.9,0,0.023,0.008,1.016
12:13.1,0,0.023,0.009,1.016
12:13.3,0,0.023,0.008,1.017
12:13.5,0,0.023,0.008,1.016
12:13.7,0,0.023,0.008,1.016
12:13.9,0,0.023,0.008,1.016
12:14.1,0,0.022,0.007,1.017
12:14.3,0,0.023,0.007,1.016
12:14.5,0,0.022,0.007,1.016
12:14.7,0,0.023,0.007,1.016
12:14.9,0,0.023,0.008,1.016
12:15.1,0,0.023,0.007,1.016
12:15.3,0,0.023,0.007,1.017
12:15.5,0,0.023,0.008,1.016
12:15.7,0,0.023,0.007,1.017
12:15.9,0,0.023,0.008,1.017
12:16.1,0,0.023,0.008,1.017
12:16.3,0,0.023,0.007,1.016
12:16.5,0,0.023,0.007,1.016
12:16.7,0,0.023,0.008,1.016
12:16.9,0,0.023,0.007,1.016
12:17.1,0,0.023,0.007,1.016
12:17.3,0,0.023,0.008,1.016
12:17.5,0,0.023,0.008,1.016
12:17.8,0,0.023,0.008,1.016
12:18.0,0,0.023,0.008,1.016
12:18.2,0,0.023,0.008,1.016
12:18.4,0,0.023,0.008,1.016
12:18.6,0,0.023,0.008,1.016
12:18.8,0,0.023,0.008,1.016
12:19.0,0,0.023,0.008,1.016
12:19.2,0,0.023,0.008,1.016
12:19.4,0,0.023,0.008,1.016
12:19.6,0,0.023,0.008,1.016
12:19.8,0,0.023,0.008,1.016
12:20.0,0,0.023,0.008,1.015
12:20.2,0,0.022,0.008,1.016
12:20.4,0,0.022,0.007,1.015
12:20.6,0,0.023,0.007,1.014
12:20.8,0,0.022,0.007,1.015
12:21.0,0,0.022,0.007,1.015
12:21.2,0,0.023,0.007,1.014
12:21.4,0,0.023,0.007,1.015
12:21.6,0,0.022,0.007,1.016
12:21.8,0,0.023,0.007,1.015
12:22.0,0,0.023,0.008,1.016
12:22.2,0,0.023,0.007,1.016
12:22.4,0,0.023,0.008,1.016
12:22.6,0,0.022,0.008,1.015
12:22.8,0,0.022,0.007,1.016
12:23.0,0,0.023,0.007,1.015
12:23.2,0,0.023,0.007,1.015
12:23.4,0,0.023,0.007,1.015
12:23.6,0,0.023,0.007,1.015
12:23.8,0,0.023,0.008,1.016
12:24.0,0,0.023,0.008,1.016
12:24.2,0,0.023,0.008,1.016
12:24.5,0,0.023,0.008,1.016
12:24.7,0,0.023,0.008,1.017
12:24.9,0,0.022,0.007,1.016
12:25.1,0,0.023,0.007,1.016
12:25.3,0,0.023,0.007,1.017
12:25.5,0,0.022,0.007,1.016
12:25.7,0,0.023,0.007,1.016
12:25.9,0,0.023,0.007,1.016
12:26.1,0,0.023,0.007,1.016
12:26.3,0,0.022,0.007,1.015
12:26.5,0,0.023,0.008,1.016
12:26.7,0,0.023,0.007,1.016
12:26.9,0,0.023,0.007,1.016
12:27.1,0,0.023,0.007,1.016
12:27.3,0,0.023,0.007,1.016
12:27.5,0,0.023,0.007,1.015
12:27.7,0,0.023,0.007,1.015
12:27.9,0,0.023,0.007,1.015
12:28.1,0,0.023,0.007,1.015
12:28.3,0,0.023,0.007,1.016
12:28.5,0,0.023,0.008,1.016
12:28.7,0,0.023,0.007,1.016
12:28.9,0,0.023,0.008,1.016
12:29.1,0,0.023,0.007,1.016
12:29.3,0,0.023,0.007,1.016
12:29.5,0,0.023,0.007,1.016
12:29.7,0,0.023,0.007,1.016
12:29.9,0,0.022,0.007,1.016
12:30.1,0,0.022,0.007,1.016
12:30.3,0,0.023,0.007,1.016
12:30.5,0,0.023,0.007,1.016
12:30.7,0,0.023,0.007,1.016
12:30.9,0,0.023,0.007,1.016
12:31.1,0,0.023,0.007,1.016
12:31.4,0,0.023,0.007,1.016
12:31.6,0,0.023,0.007,1.016
12:31.8,0,0.023,0.007,1.016
12:32.0,0,0.023,0.007,1.016
12:32.2,0,0.023,0.007,1.016
12:32.4,0,0.023,0.008,1.016
12:32.6,0,0.023,0.008,1.016
12:32.8,0,0.023,0.008,1.016
12:33.0,0,0.023,0.008,1.016
12:33.2,0,0.023,0.008,1.016
12:33.4,0,0.023,0.008,1.016
12:33.6,0,0.023,0.008,1.016
12:33.8,0,0.023,0.008,1.016
12:34.0,0,0.022,0.008,1.016
12:34.2,0,0.023,0.008,1.016
12:34.4,0,0.023,0.008,1.016
12:34.6,0,0.022,0.008,1.016
12:34.8,0,0.022,0.008,1.016
12:35.0,0,0.022,0.007,1.016
12:35.2,0,0.023,0.007,1.016
12:35.4,0,0.022,0.007,1.016
12:35.6,0,0.023,0.007,1.016
12:35.8,0,0.023,0.008,1.016
12:36.0,0,0.023,0.007,1.016
12:36.2,0,0.023,0.007,1.015
12:36.4,0,0.023,0.008,1.016
12:36.6,0,0.023,0.007,1.014
12:36.8,0,0.023,0.007,1.014
12:37.0,0,0.023,0.007,1.015
12:37.2,0,0.023,0.007,1.015
12:37.4,0,0.023,0.007,1.014
12:37.6,0,0.023,0.007,1.015
12:37.8,0,0.023,0.007,1.015
12:38.0,0,0.023,0.007,1.015
12:38.2,0,0.023,0.007,1.015
12:38.5,0,0.023,0.007,1.016
12:38.7,0,0.023,0.007,1.016
12:38.9,0,0.023,0.007,1.016
12:39.1,0,0.023,0.007,1.016
12:39.3,0,0.023,0.007,1.015
12:39.5,0,0.023,0.007,1.014
12:39.7,0,0.023,0.007,1.014
12:39.9,0,0.022,0.007,1.015
12:40.1,0,0.022,0.007,1.015
12:40.3,0,0.022,0.008,1.015
12:40.5,0,0.022,0.007,1.016
12:40.7,0,0.022,0.008,1.016
12:40.9,0,0.023,0.007,1.016
12:41.1,0,0.023,0.007,1.016
12:41.3,0,0.022,0.007,1.016
12:41.5,0,0.023,0.007,1.016
12:41.7,0,0.023,0.007,1.016
12:41.9,0,0.023,0.007,1.016
12:42.1,0,0.023,0.007,1.016
12:42.3,0,0.023,0.007,1.016
12:42.5,0,0.023,0.008,1.017
12:42.7,0,0.023,0.007,1.017
12:42.9,0,0.023,0.007,1.017
12:43.1,0,0.023,0.008,1.017
12:43.3,0,0.023,0.008,1.017
12:43.5,0,0.022,0.007,1.017
12:43.7,0,0.023,0.007,1.017
12:43.9,0,0.023,0.007,1.017
12:44.1,0,0.022,0.007,1.017
12:44.3,0,0.023,0.007,1.017
12:44.5,0,0.023,0.007,1.016
12:44.7,0,0.023,0.007,1.016
12:44.9,0,0.023,0.007,1.016
12:45.1,0,0.023,0.007,1.016
12:45.3,0,0.023,0.006,1.015
12:45.5,0,0.023,0.008,1.016
12:45.8,0,0.023,0.008,1.016
12:46.0,0,0.023,0.007,1.016
12:46.2,0,0.023,0.008,1.016
12:46.4,0,0.023,0.008,1.017
12:46.6,0,0.023,0.007,1.016
12:46.8,0,0.023,0.007,1.015
12:47.0,0,0.023,0.008,1.016
12:47.2,0,0.022,0.007,1.016
12:47.4,0,0.022,0.007,1.015
12:47.6,0,0.022,0.007,1.015
12:47.8,0,0.022,0.007,1.016
12:48.0,0,0.022,0.007,1.016
12:48.2,0,0.023,0.007,1.016
12:48.4,0,0.023,0.008,1.016
12:48.6,1,0.023,0.008,1.016
12:48.8,1,0.023,0.007,1.015
12:49.0,1,0.023,0.008,1.016
12:49.2,1,0.023,0.007,1.016
12:49.4,1,0.023,0.007,1.014
12:49.6,1,0.023,0.008,1.014
12:49.8,0,0.023,0.007,1.014
12:50.0,0,0.023,0.008,1.014
12:50.2,0,0.023,0.008,1.014
12:50.4,0,0.023,0.008,1.016
12:50.6,0,0.023,0.007,1.016
12:50.8,0,0.023,0.008,1.016
12:51.0,0,0.023,0.007,1.016
12:51.2,0,0.023,0.007,1.016
12:51.4,0,0.023,0.007,1.016
12:51.6,0,0.023,0.007,1.016
12:51.8,0,0.023,0.007,1.016
12:52.0,0,0.023,0.007,1.016
12:52.2,0,0.023,0.007,1.016
12:52.4,0,0.023,0.007,1.016
12:52.6,0,0.023,0.007,1.016
12:52.8,0,0.023,0.007,1.016
12:53.0,0,0.023,0.008,1.015
12:53.3,0,0.022,0.007,1.015
12:53.5,0,0.022,0.007,1.015
12:53.7,0,0.023,0.007,1.015
12:53.9,0,0.023,0.007,1.016
12:54.1,0,0.023,0.006,1.016
12:54.3,1,0.023,0.007,1.016
12:54.5,1,0.023,0.007,1.016
12:54.7,1,0.023,0.007,1.016
12:54.9,1,0.023,0.007,1.016
12:55.1,1,0.022,0.008,1.016
12:55.3,1,0.022,0.007,1.016
12:55.5,0,0.023,0.008,1.016
12:55.7,0,0.023,0.008,1.016
12:55.9,0,0.023,0.007,1.016
12:56.1,0,0.023,0.007,1.016
12:56.3,0,0.023,0.008,1.016
12:56.5,0,0.023,0.007,1.016
12:56.7,0,0.023,0.007,1.016
12:56.9,0,0.023,0.007,1.016
12:57.1,0,0.023,0.008,1.016
12:57.3,0,0.022,0.008,1.016
12:57.5,0,0.022,0.008,1.016
12:57.7,0,0.022,0.008,1.016
12:57.9,0,0.023,0.008,1.016
12:58.1,0,0.023,0.007,1.016
12:58.3,0,0.023,0.007,1.016
12:58.5,0,0.023,0.007,1.016
12:58.7,0,0.022,0.007,1.016
12:58.9,0,0.023,0.007,1.016
12:59.1,0,0.023,0.008,1.016
12:59.3,0,0.022,0.008,1.016
12:59.5,1,0.023,0.008,1.016
12:59.7,1,0.023,0.008,1.016
12:59.9,1,0.023,0.007,1.016
13:00.2,1,0.022,0.007,1.016
13:00.4,1,0.023,0.007,1.016
13:00.6,1,0.022,0.007,1.016
13:00.8,0,0.022,0.007,1.016
13:01.0,0,0.022,0.007,1.016
13:01.2,0,0.022,0.007,1.016
13:01.4,0,0.023,0.007,1.017
13:01.6,0,0.023,0.008,1.012
13:01.8,0,0.024,0.007,1.011
13:02.0,0,0.024,0.008,1.012
13:02.2,0,0.023,0.007,1.012
13:02.4,0,0.023,0.007,1.011
13:02.6,0,0.023,0.007,1.016
13:02.8,0,0.022,0.008,1.016
13:03.0,0,0.022,0.008,1.015
13:03.2,0,0.023,0.008,1.016
13:03.4,0,0.023,0.008,1.016
13:03.6,0,0.023,0.008,1.016
13:03.8,0,0.023,0.008,1.016
13:04.0,0,0.023,0.007,1.017
13:04.2,0,0.022,0.008,1.018
13:04.4,0,0.022,0.008,1.017
13:04.6,0,0.022,0.007,1.017
13:04.8,0,0.022,0.007,1.017
13:05.0,0,0.022,0.008,1.017
13:05.2,0,0.023,0.007,1.016
13:05.4,1,0.023,0.008,1.016
13:05.6,1,0.023,0.008,1.016
13:05.8,1,0.023,0.008,1.016
13:06.0,1,0.023,0.008,1.016
13:06.2,1,0.023,0.008,1.016
13:06.4,1,0.023,0.008,1.016
13:06.6,0,0.023,0.008,1.017
13:06.8,0,0.023,0.008,1.017
13:07.0,0,0.022,0.008,1.017
13:07.2,0,0.023,0.008,1.017
13:07.5,0,0.022,0.007,1.017
13:07.7,0,0.023,0.007,1.016
13:07.9,0,0.023,0.007,1.016
13:08.1,0,0.023,0.007,1.016
13:08.3,0,0.023,0.008,1.017
13:08.5,0,0.023,0.008,1.015
13:08.7,0,0.023,0.007,1.015
13:08.9,0,0.023,0.008,1.016
13:09.1,0,0.024,0.008,1.015
13:09.3,0,0.023,0.007,1.014
13:09.5,0,0.023,0.008,1.017
13:09.7,0,0.023,0.008,1.017
13:09.9,0,0.023,0.007,1.016
13:10.1,1,0.023,0.008,1.017
13:10.3,1,0.023,0.008,1.017
13:10.5,1,0.023,0.008,1.016
13:10.7,1,0.023,0.008,1.017
13:10.9,1,0.023,0.008,1.017
13:11.1,1,0.023,0.007,1.016
13:11.3,0,0.023,0.008,1.016
13:11.5,0,0.023,0.008,1.016
13:11.7,0,0.023,0.008,1.016
13:11.9,0,0.023,0.008,1.015
13:12.1,0,0.023,0.008,1.016
13:12.3,0,0.022,0.008,1.016
13:12.5,0,0.023,0.008,1.016
13:12.7,0,0.023,0.007,1.015
13:12.9,0,0.023,0.007,1.016
13:13.1,0,0.022,0.007,1.016
13:13.3,0,0.022,0.007,1.016
13:13.5,0,0.022,0.007,1.016
13:13.7,0,0.022,0.007,1.016
13:13.9,0,0.022,0.008,1.016
13:14.1,0,0.022,0.008,1.016
13:14.3,0,0.022,0.008,1.016
13:14.6,0,0.022,0.007,1.016
13:14.8,0,0.022,0.007,1.016
13:15.0,0,0.023,0.007,1.016
13:15.2,0,0.023,0.007,1.016
13:15.4,0,0.023,0.008,1.017
13:15.6,0,0.02,0.008,1.017
13:15.8,1,0.023,0.008,1.017
13:16.0,1,0.023,0.008,1.017
13:16.2,1,0.023,0.008,1.017
13:16.4,1,0.023,0.008,1.016
13:16.6,1,0.023,0.008,1.016
13:16.8,0,0.023,0.008,1.016
13:17.0,0,0.023,0.008,1.016
13:17.2,0,0.023,0.008,1.016
13:17.4,0,0.023,0.007,1.016
13:17.6,0,0.023,0.008,1.016
13:17.8,0,0.023,0.008,1.016
13:18.0,0,0.023,0.008,1.016
13:18.2,0,0.023,0.007,1.016
13:18.4,0,0.023,0.007,1.016
13:18.7,0,0.023,0.007,1.016
13:18.9,0,0.023,0.008,1.016
13:19.1,0,0.023,0.007,1.016
13:19.3,0,0.023,0.007,1.016
13:19.5,0,0.023,0.007,1.016
13:19.7,0,0.023,0.007,1.016
13:19.9,0,0.023,0.007,1.016
13:20.1,0,0.022,0.007,1.017
13:20.3,0,0.023,0.007,1.017
13:20.5,0,0.022,0.007,1.016
13:20.7,0,0.022,0.008,1.016
13:20.9,0,0.023,0.008,1.017
13:21.1,0,0.023,0.008,1.016
13:21.3,0,0.023,0.008,1.016
13:21.5,0,0.023,0.008,1.016
13:21.7,0,0.023,0.008,1.016
13:21.9,0,0.023,0.008,1.016
13:22.1,0,0.023,0.008,1.016
13:22.3,0,0.023,0.008,1.016
13:22.5,0,0.023,0.007,1.016
13:22.7,0,0.023,0.007,1.016
13:22.9,0,0.022,0.007,1.016
13:23.1,0,0.023,0.008,1.016
13:23.3,0,0.023,0.008,1.016
13:23.5,0,0.023,0.008,1.016
13:23.7,0,0.023,0.008,1.016
13:23.9,0,0.023,0.008,1.016
13:24.1,0,0.023,0.007,1.016
13:24.3,0,0.023,0.008,1.016
13:24.5,0,0.022,0.008,1.017
13:24.7,0,0.022,0.008,1.017
13:24.9,0,0.023,0.008,1.016
13:25.1,0,0.022,0.007,1.017
13:25.4,0,0.022,0.007,1.017
13:25.6,0,0.023,0.008,1.016
13:25.8,0,0.022,0.008,1.016
13:26.0,0,0.022,0.008,1.017
13:26.2,1,0.023,0.008,1.015
13:26.4,1,0.023,0.008,1.015
13:26.6,1,0.023,0.007,1.015
13:26.8,1,0.023,0.007,1.014
13:27.0,1,0.023,0.008,1.015
13:27.2,1,0.023,0.008,1.016
13:27.4,0,0.023,0.008,1.015
13:27.6,0,0.022,0.008,1.015
13:27.8,0,0.022,0.008,1.016
13:28.0,0,0.022,0.007,1.015
13:28.2,0,0.023,0.007,1.014
13:28.4,0,0.022,0.007,1.015
13:28.6,0,0.023,0.008,1.014
13:28.8,0,0.023,0.007,1.014
13:29.0,0,0.022,0.007,1.016
13:29.2,0,0.023,0.008,1.015
13:29.4,0,0.023,0.007,1.015
13:29.6,0,0.022,0.007,1.015
13:29.8,0,0.022,0.007,1.016
13:30.0,0,0.022,0.007,1.015
13:30.2,0,0.022,0.007,1.016
13:30.4,0,0.022,0.007,1.016
13:30.6,0,0.023,0.008,1.016
13:30.8,0,0.022,0.007,1.016
13:31.0,0,0.022,0.008,1.017
13:31.2,0,0.022,0.008,1.017
13:31.4,0,0.022,0.007,1.015
13:31.6,0,0.022,0.007,1.016
13:31.8,0,0.023,0.007,1.016
13:32.0,1,0.023,0.007,1.015
13:32.2,1,0.023,0.007,1.015
13:32.5,1,0.023,0.007,1.017
13:32.7,1,0.023,0.007,1.016
13:32.9,1,0.023,0.007,1.016
13:33.1,0,0.023,0.007,1.015
13:33.3,0,0.023,0.007,1.015
13:33.5,0,0.023,0.007,1.015
13:33.7,0,0.022,0.007,1.015
13:33.9,0,0.022,0.007,1.015
13:34.1,0,0.022,0.007,1.016
13:34.3,0,0.022,0.007,1.016
13:34.5,0,0.023,0.007,1.015
13:34.7,0,0.023,0.008,1.016
13:34.9,0,0.023,0.007,1.015
13:35.1,0,0.023,0.008,1.016
13:35.3,0,0.023,0.008,1.016
13:35.5,0,0.023,0.008,1.016
13:35.7,0,0.023,0.008,1.016
13:35.9,0,0.023,0.008,1.016
13:36.1,0,0.023,0.007,1.016
13:36.3,0,0.023,0.007,1.016
13:36.5,0,0.023,0.007,1.016
13:36.7,0,0.023,0.007,1.016
13:36.9,0,0.022,0.007,1.017
13:37.1,0,0.022,0.007,1.016
13:37.3,0,0.023,0.007,1.017
13:37.5,0,0.023,0.007,1.017
13:37.7,0,0.023,0.007,1.017
13:37.9,0,0.023,0.008,1.016
13:38.1,0,0.023,0.007,1.016
13:38.3,0,0.023,0.008,1.016
13:38.5,0,0.023,0.007,1.016
13:38.7,0,0.023,0.007,1.016
13:38.9,0,0.023,0.007,1.016
13:39.1,0,0.023,0.008,1.016
13:39.3,0,0.023,0.008,1.016
13:39.5,0,0.023,0.008,1.016
13:39.7,0,0.023,0.008,1.016
13:40.0,0,0.023,0.008,1.017
13:40.2,0,0.023,0.007,1.016
13:40.4,0,0.023,0.007,1.017
13:40.6,0,0.023,0.007,1.016
13:40.8,0,0.022,0.007,1.016
13:41.0,0,0.023,0.008,1.016
13:41.2,0,0.023,0.008,1.016
13:41.4,0,0.023,0.008,1.016
13:41.6,0,0.023,0.008,1.016
13:41.8,0,0.023,0.007,1.015
13:42.0,0,0.023,0.008,1.016
13:42.2,0,0.023,0.008,1.016
13:42.4,0,0.023,0.007,1.016
13:42.6,0,0.023,0.008,1.016
13:42.8,0,0.023,0.008,1.016
13:43.0,0,0.023,0.008,1.016
13:43.2,0,0.022,0.007,1.016
13:43.4,0,0.022,0.007,1.016
13:43.6,0,0.023,0.007,1.016
13:43.8,0,0.023,0.007,1.016
13:44.0,0,0.022,0.007,1.016
13:44.2,0,0.023,0.008,1.016
13:44.4,0,0.023,0.007,1.016
13:44.6,0,0.022,0.007,1.016
13:44.8,0,0.022,0.007,1.016
13:45.0,0,0.022,0.007,1.016
13:45.2,0,0.022,0.007,1.016
13:45.4,0,0.022,0.007,1.016
13:45.6,0,0.023,0.008,1.016
13:45.8,0,0.023,0.007,1.016
13:46.0,0,0.023,0.008,1.016
13:46.2,0,0.023,0.008,1.016
13:46.4,0,0.022,0.008,1.017
13:46.6,0,0.023,0.008,1.016
13:46.8,0,0.023,0.008,1.016
13:47.0,0,0.022,0.007,1.016
13:47.2,0,0.022,0.008,1.016
13:47.5,0,0.023,0.008,1.016
13:47.7,0,0.023,0.007,1.017
13:47.9,0,0.023,0.008,1.017
13:48.1,0,0.023,0.008,1.017
13:48.3,0,0.023,0.008,1.017
13:48.5,0,0.023,0.008,1.017
13:48.7,0,0.023,0.008,1.016
13:48.9,0,0.023,0.007,1.015
13:49.1,0,0.023,0.007,1.015
13:49.3,0,0.023,0.007,1.015
13:49.5,0,0.023,0.007,1.015
13:49.7,0,0.023,0.007,1.015
13:49.9,0,0.023,0.008,1.016
13:50.1,0,0.023,0.008,1.016
13:50.3,0,0.023,0.008,1.016
13:50.5,0,0.023,0.007,1.016
13:50.7,0,0.023,0.007,1.016
13:50.9,0,0.022,0.007,1.016
13:51.1,0,0.022,0.007,1.015
13:51.3,0,0.022,0.007,1.015
13:51.5,0,0.023,0.007,1.015
13:51.7,0,0.022,0.007,1.015
13:51.9,0,0.023,0.008,1.015
13:52.1,0,0.023,0.008,1.016
13:52.3,0,0.022,0.007,1.016
13:52.5,0,0.023,0.007,1.016
13:52.7,0,0.023,0.008,1.016
13:52.9,0,0.023,0.007,1.017
13:53.1,0,0.022,0.007,1.017
13:53.3,0,0.023,0.008,1.016
13:53.5,0,0.022,0.007,1.017
13:53.7,0,0.022,0.007,1.017
13:53.9,0,0.022,0.007,1.016
13:54.1,0,0.022,0.007,1.016
13:54.3,0,0.022,0.007,1.016
13:54.5,0,0.023,0.007,1.016
13:54.7,0,0.023,0.007,1.016
13:54.9,0,0.023,0.007,1.015
13:55.1,0,0.023,0.008,1.016
13:55.4,0,0.022,0.007,1.016
13:55.6,0,0.022,0.007,1.016
13:55.8,0,0.022,0.007,1.016
13:56.0,0,0.022,0.007,1.016
13:56.2,0,0.022,0.007,1.016
13:56.4,0,0.023,0.007,1.016
13:56.6,0,0.023,0.007,1.016
13:56.8,0,0.022,0.007,1.016
13:57.0,0,0.022,0.007,1.016
13:57.2,0,0.022,0.007,1.016
13:57.4,0,0.022,0.007,1.016
13:57.6,0,0.022,0.007,1.016
13:57.8,0,0.022,0.007,1.016
13:58.0,1,0.022,0.008,1.017
13:58.2,1,0.022,0.007,1.016
13:58.4,1,0.023,0.007,1.014
13:58.6,1,0.023,0.007,1.014
13:58.8,1,0.023,0.008,1.015
13:59.0,0,0.023,0.008,1.017
13:59.2,0,0.023,0.008,1.019
13:59.4,0,0.022,0.008,1.02
13:59.6,0,0.023,0.008,1.02
13:59.8,0,0.022,0.008,1.019
14:00.0,0,0.022,0.007,1.017
14:00.2,0,0.022,0.007,1.015
14:00.4,0,0.023,0.008,1.015
14:00.6,0,0.022,0.008,1.016
14:00.8,0,0.023,0.008,1.016
14:01.0,0,0.023,0.008,1.016
14:01.2,0,0.022,0.008,1.016
14:01.4,0,0.022,0.008,1.016
14:01.6,0,0.022,0.008,1.017
14:01.8,0,0.022,0.008,1.017
14:02.0,0,0.023,0.008,1.017
14:02.2,0,0.023,0.008,1.017
14:02.4,0,0.023,0.007,1.017
14:02.7,0,0.023,0.007,1.016
14:02.9,0,0.022,0.007,1.016
14:03.1,0,0.022,0.007,1.016
14:03.3,0,0.022,0.007,1.016
14:03.5,0,0.023,0.008,1.016
14:03.7,0,0.023,0.007,1.016
14:03.9,0,0.023,0.007,1.016
14:04.1,0,0.023,0.007,1.016
14:04.3,0,0.023,0.007,1.016
14:04.5,0,0.023,0.007,1.016
14:04.7,0,0.022,0.007,1.016
14:04.9,0,0.022,0.007,1.016
14:05.1,0,0.022,0.007,1.015
14:05.3,0,0.022,0.007,1.015
14:05.5,0,0.022,0.007,1.016
14:05.7,0,0.023,0.008,1.016
14:05.9,1,0.023,0.007,1.016
14:06.1,1,0.023,0.007,1.016
14:06.3,1,0.023,0.007,1.016
14:06.5,1,0.023,0.008,1.015
14:06.7,1,0.023,0.007,1.014
14:06.9,0,0.023,0.007,1.014
14:07.1,0,0.023,0.007,1.014
14:07.3,0,0.023,0.007,1.015
14:07.5,0,0.023,0.006,1.014
14:07.7,0,0.023,0.007,1.015
14:07.9,0,0.023,0.007,1.017
14:08.1,0,0.023,0.007,1.016
14:08.3,0,0.023,0.007,1.016
14:08.5,0,0.023,0.008,1.016
14:08.7,0,0.023,0.007,1.015
14:08.9,0,0.023,0.007,1.015
14:09.1,0,0.023,0.007,1.016
14:09.3,0,0.023,0.007,1.015
14:09.5,0,0.023,0.007,1.015
14:09.7,0,0.023,0.007,1.015
14:10.0,0,0.022,0.007,1.016
14:10.2,0,0.023,0.007,1.015
14:10.4,0,0.023,0.008,1.016
14:10.6,0,0.023,0.007,1.015
14:10.8,0,0.023,0.007,1.015
14:11.0,0,0.023,0.008,1.015
14:11.2,0,0.023,0.007,1.015
14:11.4,0,0.023,0.008,1.015
14:11.6,0,0.023,0.009,1.017
14:11.8,0,0.023,0.008,1.017
14:12.0,0,0.022,0.008,1.016
14:12.2,0,0.023,0.008,1.016
14:12.4,0,0.023,0.008,1.016
14:12.6,0,0.022,0.007,1.015
14:12.8,0,0.023,0.008,1.015
14:13.0,0,0.023,0.008,1.015
14:13.2,0,0.023,0.008,1.015
14:13.4,0,0.023,0.007,1.016
14:13.6,0,0.022,0.007,1.015
14:13.8,0,0.022,0.007,1.015
14:14.0,0,0.022,0.006,1.014
14:14.2,0,0.022,0.007,1.015
14:14.4,0,0.022,0.007,1.014
14:14.6,0,0.023,0.007,1.015
14:14.8,0,0.023,0.007,1.015
14:15.0,0,0.023,0.007,1.016
14:15.2,0,0.023,0.007,1.015
14:15.4,0,0.023,0.008,1.016
14:15.6,0,0.023,0.007,1.015
14:15.8,0,0.023,0.007,1.015
14:16.0,0,0.023,0.007,1.015
14:16.2,0,0.023,0.007,1.015
14:16.4,0,0.022,0.007,1.015
14:16.6,0,0.022,0.007,1.016
14:16.8,0,0.023,0.008,1.016
14:17.0,0,0.023,0.007,1.016
14:17.2,0,0.023,0.007,1.016
14:17.5,0,0.022,0.007,1.016
14:17.7,0,0.022,0.007,1.016
14:17.9,0,0.022,0.007,1.016
14:18.1,0,0.023,0.007,1.016
14:18.3,0,0.023,0.007,1.016
14:18.5,0,0.023,0.007,1.014
14:18.7,0,0.023,0.007,1.013
14:18.9,0,0.023,0.007,1.014
14:19.1,0,0.023,0.007,1.014
14:19.3,0,0.023,0.005,1.011
14:19.5,0,0.023,0.007,1.013
14:19.7,0,0.023,0.007,1.014
14:19.9,0,0.022,0.005,1.012
14:20.1,0,0.022,0.006,1.012
14:20.3,0,0.022,0.007,1.014
14:20.5,0,0.022,0.005,1.014
14:20.7,0,0.022,0.006,1.014
14:20.9,0,0.023,0.008,1.015
14:21.1,0,0.024,0.01,1.019
14:21.3,0,0.024,0.009,1.021
14:21.5,0,0.023,0.009,1.021
14:21.7,0,0.023,0.01,1.023
14:21.9,0,0.023,0.009,1.022
14:22.1,0,0.021,0.006,1.018
14:22.3,0,0.022,0.007,1.018
14:22.5,0,0.023,0.009,1.017
14:22.7,0,0.022,0.006,1.016
14:22.9,0,0.022,0.007,1.016
14:23.1,0,0.022,0.008,1.016
14:23.3,0,0.022,0.007,1.015
14:23.5,0,0.022,0.007,1.014
14:23.7,0,0.022,0.007,1.015
14:23.9,0,0.022,0.007,1.015
14:24.1,0,0.022,0.007,1.016
14:24.3,0,0.022,0.007,1.015
14:24.5,0,0.022,0.007,1.016
14:24.7,0,0.022,0.008,1.016
14:24.9,0,0.022,0.008,1.016
14:25.2,0,0.022,0.008,1.016
14:25.4,0,0.022,0.007,1.015
14:25.6,0,0.022,0.007,1.015
14:25.8,0,0.022,0.007,1.015
14:26.0,0,0.023,0.007,1.015
14:26.2,0,0.022,0.007,1.015
14:26.4,0,0.022,0.007,1.015
14:26.6,0,0.022,0.008,1.015
14:26.8,0,0.022,0.008,1.015
14:27.0,0,0.022,0.008,1.015
14:27.2,0,0.022,0.007,1.015
14:27.4,0,0.022,0.007,1.016
14:27.6,0,0.022,0.007,1.016
14:27.8,0,0.022,0.007,1.015
14:28.0,0,0.023,0.006,1.015
14:28.2,0,0.023,0.007,1.016
14:28.4,0,0.023,0.008,1.016
14:28.6,0,0.022,0.007,1.016
14:28.8,0,0.022,0.007,1.016
14:29.0,0,0.022,0.008,1.016
14:29.2,0,0.022,0.007,1.016
14:29.4,0,0.022,0.007,1.016
14:29.6,0,0.023,0.007,1.016
14:29.8,0,0.023,0.007,1.017
14:30.0,0,0.023,0.007,1.017
14:30.2,0,0.023,0.008,1.017
14:30.4,0,0.022,0.007,1.017
14:30.6,0,0.022,0.008,1.017
14:30.8,0,0.022,0.008,1.016
14:31.0,0,0.023,0.008,1.016
14:31.2,0,0.023,0.007,1.015
14:31.4,0,0.023,0.007,1.016
14:31.6,0,0.022,0.007,1.016
14:31.8,0,0.022,0.007,1.016
14:32.0,0,0.022,0.007,1.015
14:32.2,0,0.022,0.007,1.015
14:32.5,0,0.022,0.007,1.015
14:32.7,0,0.022,0.007,1.015
14:32.9,0,0.023,0.008,1.016
14:33.1,0,0.023,0.008,1.016
14:33.3,0,0.023,0.008,1.016
14:33.5,0,0.025,0.007,1.017
14:33.7,0,0.024,0.009,1.019
14:33.9,0,0.023,0.007,1.019
14:34.1,0,0.024,0.008,1.019
14:34.3,0,0.024,0.008,1.02
14:34.5,0,0.022,0.009,1.019
14:34.7,0,0.022,0.008,1.017
14:34.9,0,0.023,0.008,1.016
14:35.1,0,0.023,0.007,1.017
14:35.3,0,0.023,0.008,1.018
14:35.5,0,0.023,0.008,1.017
14:35.7,1,0.022,0.007,1.017
14:35.9,1,0.022,0.008,1.017
14:36.1,1,0.022,0.008,1.017
14:36.3,1,0.022,0.007,1.016
14:36.5,1,0.022,0.007,1.016
14:36.7,0,0.022,0.007,1.016
14:36.9,0,0.022,0.007,1.016
14:37.1,0,0.022,0.007,1.016
14:37.3,0,0.023,0.008,1.016
14:37.5,0,0.023,0.008,1.015
14:37.7,0,0.023,0.008,1.015
14:37.9,0,0.022,0.008,1.016
14:38.1,0,0.022,0.007,1.015
14:38.3,0,0.022,0.007,1.015
14:38.5,0,0.023,0.008,1.016
14:38.7,0,0.022,0.007,1.016
14:38.9,0,0.023,0.007,1.015
14:39.1,0,0.023,0.007,1.015
14:39.3,0,0.023,0.007,1.016
14:39.5,0,0.022,0.007,1.015
14:39.7,0,0.022,0.007,1.015
14:40.0,0,0.022,0.008,1.015
14:40.2,0,0.022,0.007,1.015
14:40.4,0,0.022,0.007,1.015
14:40.6,0,0.022,0.008,1.015
14:40.8,0,0.022,0.007,1.015
14:41.0,0,0.022,0.007,1.015
14:41.2,0,0.022,0.007,1.015
14:41.4,0,0.022,0.007,1.015
14:41.6,0,0.022,0.007,1.015
14:41.8,0,0.022,0.007,1.016
14:42.0,0,0.023,0.007,1.016
14:42.2,0,0.023,0.007,1.015
14:42.4,0,0.023,0.007,1.015
14:42.6,0,0.023,0.007,1.015
14:42.8,0,0.023,0.007,1.015
14:43.0,0,0.023,0.007,1.016
14:43.2,0,0.023,0.007,1.016
14:43.4,0,0.023,0.007,1.016
14:43.6,0,0.023,0.007,1.016
14:43.8,0,0.023,0.007,1.016
14:44.0,0,0.023,0.008,1.016
14:44.2,0,0.023,0.007,1.016
14:44.4,0,0.022,0.007,1.016
14:44.6,0,0.023,0.007,1.016
14:44.8,0,0.023,0.007,1.016
14:45.0,0,0.022,0.007,1.016
14:45.2,0,0.022,0.007,1.016
14:45.4,0,0.022,0.007,1.016
14:45.6,0,0.022,0.008,1.016
14:45.8,0,0.022,0.007,1.016
14:46.0,0,0.023,0.007,1.016
14:46.2,0,0.023,0.007,1.016
14:46.4,0,0.023,0.007,1.016
14:46.6,0,0.023,0.008,1.016
14:46.8,0,0.023,0.007,1.016
14:47.0,0,0.023,0.007,1.016
14:47.2,0,0.022,0.007,1.017
14:47.5,0,0.022,0.007,1.016
14:47.7,0,0.022,0.007,1.016
14:47.9,0,0.022,0.007,1.016
14:48.1,0,0.022,0.007,1.016
14:48.3,0,0.022,0.007,1.016
14:48.5,0,0.022,0.007,1.016
14:48.7,0,0.023,0.007,1.017
14:48.9,0,0.022,0.007,1.016
14:49.1,0,0.022,0.007,1.016
14:49.3,0,0.023,0.007,1.016
14:49.5,0,0.023,0.007,1.017
14:49.7,0,0.023,0.007,1.015
14:49.9,1,0.022,0.007,1.015
14:50.1,1,0.022,0.007,1.016
14:50.3,1,0.022,0.008,1.016
14:50.5,1,0.022,0.007,1.014
14:50.7,1,0.022,0.007,1.017
14:50.9,0,0.022,0.008,1.017
14:51.1,0,0.022,0.007,1.015
14:51.3,0,0.022,0.007,1.016
14:51.5,0,0.022,0.008,1.016
14:51.7,0,0.022,0.008,1.015
14:51.9,0,0.022,0.007,1.016
14:52.1,0,0.023,0.008,1.017
14:52.3,0,0.023,0.008,1.016
14:52.5,0,0.023,0.008,1.017
14:52.7,0,0.023,0.008,1.017
14:52.9,0,0.023,0.008,1.016
14:53.1,0,0.023,0.008,1.016
14:53.3,0,0.023,0.008,1.016
14:53.5,0,0.023,0.008,1.016
14:53.7,0,0.022,0.007,1.016
14:53.9,0,0.022,0.007,1.016
14:54.1,0,0.022,0.007,1.016
14:54.3,0,0.022,0.007,1.016
14:54.6,0,0.022,0.007,1.016
14:54.8,0,0.022,0.007,1.016
14:55.0,0,0.022,0.007,1.016
14:55.2,1,0.022,0.007,1.016
14:55.4,1,0.022,0.007,1.016
14:55.6,1,0.022,0.007,1.015
14:55.8,1,0.022,0.007,1.015
14:56.0,1,0.022,0.007,1.015
14:56.2,0,0.022,0.007,1.015
14:56.4,0,0.022,0.007,1.015
14:56.6,0,0.023,0.007,1.015
14:56.8,0,0.023,0.008,1.016
14:57.0,0,0.022,0.008,1.015
14:57.2,0,0.022,0.008,1.015
14:57.4,0,0.022,0.008,1.016
14:57.6,0,0.022,0.008,1.016
14:57.8,0,0.022,0.008,1.015
14:58.0,0,0.022,0.008,1.016
14:58.2,0,0.022,0.007,1.016
14:58.4,0,0.022,0.007,1.015
14:58.6,0,0.023,0.007,1.015
14:58.8,0,0.023,0.007,1.015
14:59.0,0,0.023,0.007,1.016
14:59.2,0,0.023,0.007,1.015
14:59.4,0,0.022,0.007,1.015
14:59.6,0,0.022,0.006,1.015
14:59.8,0,0.023,0.007,1.016
15:00.0,0,0.023,0.007,1.016
15:00.2,0,0.023,0.007,1.016
15:00.4,0,0.023,0.007,1.016
15:00.6,0,0.023,0.008,1.016
15:00.8,0,0.022,0.007,1.016
15:01.0,0,0.022,0.007,1.016
15:01.2,0,0.022,0.007,1.016
15:01.5,0,0.022,0.008,1.016
15:01.7,0,0.022,0.007,1.016
15:01.9,0,0.022,0.008,1.016
15:02.1,0,0.023,0.007,1.015
15:02.3,0,0.023,0.007,1.015
15:02.5,0,0.023,0.007,1.015
15:02.7,0,0.022,0.008,1.015
15:02.9,0,0.022,0.007,1.016
15:03.1,0,0.022,0.008,1.016
15:03.3,0,0.022,0.008,1.015
15:03.5,0,0.023,0.008,1.016
15:03.7,0,0.022,0.008,1.016
15:03.9,0,0.022,0.008,1.017
15:04.1,0,0.023,0.008,1.016
15:04.3,0,0.023,0.008,1.017
15:04.5,0,0.022,0.008,1.016
15:04.7,0,0.023,0.008,1.015
15:04.9,0,0.023,0.008,1.015
15:05.1,0,0.022,0.007,1.016
15:05.3,0,0.022,0.008,1.016
15:05.5,0,0.022,0.007,1.016
15:05.7,0,0.022,0.007,1.016
15:05.9,0,0.022,0.007,1.016
15:06.1,0,0.022,0.007,1.016
15:06.3,0,0.022,0.007,1.015
15:06.5,0,0.022,0.007,1.015
15:06.7,0,0.022,0.007,1.015
15:06.9,0,0.022,0.007,1.014
15:07.1,0,0.023,0.007,1.014
15:07.3,1,0.023,0.008,1.014
15:07.5,1,0.023,0.007,1.015
15:07.7,1,0.023,0.007,1.014
15:07.9,1,0.022,0.008,1.015
15:08.1,1,0.022,0.007,1.015
15:08.3,1,0.022,0.007,1.015
15:08.5,0,0.022,0.007,1.015
15:08.7,0,0.022,0.007,1.015
15:09.0,0,0.022,0.007,1.015
15:09.2,0,0.023,0.007,1.015
15:09.4,0,0.022,0.007,1.014
15:09.6,0,0.022,0.007,1.015
15:09.8,0,0.023,0.008,1.015
15:10.0,0,0.023,0.007,1.014
15:10.2,0,0.022,0.007,1.014
15:10.4,0,0.023,0.007,1.015
15:10.6,0,0.023,0.007,1.015
15:10.8,0,0.023,0.007,1.015
15:11.0,0,0.022,0.007,1.015
15:11.2,0,0.022,0.007,1.015
15:11.4,0,0.023,0.007,1.014
15:11.6,0,0.023,0.007,1.014
15:11.8,0,0.022,0.007,1.014
15:12.0,0,0.023,0.007,1.014
15:12.2,0,0.022,0.008,1.015
15:12.4,1,0.022,0.007,1.016
15:12.6,1,0.022,0.007,1.015
15:12.8,1,0.022,0.007,1.015
15:13.0,1,0.022,0.007,1.015
15:13.2,1,0.023,0.007,1.015
15:13.4,1,0.023,0.007,1.015
15:13.6,0,0.023,0.007,1.015
15:13.8,0,0.023,0.007,1.016
15:14.0,0,0.022,0.007,1.015
15:14.2,0,0.022,0.007,1.015
15:14.4,0,0.022,0.007,1.016
15:14.6,0,0.022,0.007,1.016
15:14.8,0,0.022,0.007,1.016
15:15.0,0,0.023,0.008,1.016
15:15.2,0,0.023,0.008,1.017
15:15.4,0,0.023,0.008,1.017
15:15.6,0,0.023,0.008,1.018
15:15.8,0,0.023,0.008,1.018
15:16.0,0,0.023,0.008,1.017
15:16.2,0,0.023,0.007,1.016
15:16.5,0,0.022,0.007,1.016
15:16.7,0,0.022,0.007,1.016
15:16.9,0,0.023,0.007,1.015
15:17.1,0,0.022,0.007,1.015
15:17.3,0,0.022,0.008,1.016
15:17.5,1,0.023,0.008,1.016
15:17.7,1,0.023,0.008,1.017
15:17.9,1,0.023,0.008,1.017
15:18.1,1,0.023,0.009,1.016
15:18.3,1,0.022,0.008,1.017
15:18.5,1,0.022,0.007,1.017
15:18.7,0,0.023,0.008,1.016
15:18.9,0,0.022,0.007,1.016
15:19.1,0,0.022,0.007,1.017
15:19.3,0,0.022,0.007,1.016
15:19.5,0,0.023,0.007,1.016
15:19.7,0,0.023,0.007,1.016
15:19.9,0,0.023,0.008,1.016
15:20.1,0,0.023,0.008,1.016
15:20.3,0,0.023,0.008,1.016
15:20.5,0,0.023,0.008,1.015
15:20.7,0,0.022,0.008,1.016
15:20.9,0,0.023,0.007,1.015
15:21.1,0,0.023,0.008,1.015
15:21.3,0,0.023,0.007,1.015
15:21.5,0,0.023,0.007,1.016
15:21.7,0,0.023,0.007,1.016
15:21.9,1,0.023,0.007,1.016
15:22.1,1,0.023,0.007,1.016
15:22.3,1,0.022,0.007,1.016
15:22.5,1,0.022,0.007,1.016
15:22.7,1,0.022,0.007,1.016
15:22.9,1,0.022,0.007,1.016
15:23.1,0,0.022,0.007,1.016
15:23.3,0,0.022,0.007,1.016
15:23.5,0,0.022,0.007,1.016
15:23.7,0,0.022,0.007,1.016
15:23.9,0,0.022,0.007,1.016
15:24.2,0,0.023,0.007,1.016
15:24.4,0,0.022,0.007,1.017
15:24.6,0,0.022,0.007,1.017
15:24.8,0,0.022,0.007,1.016
15:25.0,0,0.022,0.007,1.016
15:25.2,0,0.022,0.007,1.017
15:25.4,0,0.023,0.008,1.016
15:25.6,0,0.022,0.007,1.016
15:25.8,0,0.022,0.007,1.016
15:26.0,0,0.022,0.007,1.015
15:26.2,0,0.022,0.007,1.016
15:26.4,0,0.022,0.007,1.016
15:26.6,0,0.023,0.008,1.016
15:26.8,0,0.023,0.008,1.016
15:27.0,0,0.023,0.007,1.016
15:27.2,0,0.023,0.007,1.016
15:27.4,0,0.023,0.007,1.015
15:27.6,0,0.023,0.007,1.015
15:27.8,0,0.022,0.007,1.015
15:28.0,0,0.022,0.007,1.016
15:28.2,0,0.022,0.07,1.015
15:28.5,1,0.022,0.007,1.015
15:28.7,1,0.022,0.007,1.016
15:28.9,1,0.022,0.007,1.015
15:29.1,1,0.022,0.007,1.016
15:29.3,1,0.022,0.007,1.016
15:29.5,0,0.022,0.007,1.015
15:29.7,0,0.022,0.007,1.015
15:29.9,0,0.022,0.007,1.016
15:30.1,0,0.022,0.007,1.014
15:30.3,0,0.022,0.007,1.014
15:30.5,0,0.022,0.007,1.014
15:30.7,0,0.022,0.007,1.014
15:30.9,0,0.022,0.007,1.013
15:31.1,0,0.022,0.007,1.014
15:31.3,0,0.023,0.007,1.014
15:31.5,0,0.022,0.008,1.014
15:31.7,0,0.022,0.008,1.015
15:31.9,0,0.022,0.008,1.015
15:32.1,0,0.022,0.008,1.016
15:32.3,0,0.022,0.008,1.016
15:32.5,0,0.022,0.007,1.016
15:32.7,0,0.022,0.007,1.016
15:32.9,0,0.022,0.007,1.016
15:33.1,0,0.022,0.007,1.015
15:33.3,0,0.022,0.007,1.015
15:33.5,0,0.022,0.007,1.015
15:33.7,0,0.022,0.007,1.015
15:33.9,0,0.022,0.007,1.015
15:34.1,0,0.022,0.008,1.015
15:34.3,0,0.022,0.007,1.015
15:34.5,0,0.022,0.007,1.015
15:34.7,0,0.022,0.007,1.015
15:34.9,0,0.022,0.007,1.014
15:35.1,0,0.022,0.007,1.015
15:35.3,0,0.022,0.007,1.015
15:35.5,0,0.022,0.007,1.015
15:35.8,0,0.022,0.007,1.016
15:36.0,0,0.022,0.008,1.016
15:36.2,0,0.022,0.008,1.016
15:36.4,0,0.022,0.008,1.016
15:36.6,0,0.022,0.007,1.015
15:36.8,0,0.022,0.008,1.015
15:37.0,0,0.022,0.007,1.015
15:37.2,0,0.022,0.007,1.015
15:37.4,0,0.022,0.008,1.015
15:37.6,0,0.022,0.008,1.016
15:37.8,0,0.022,0.008,1.016
15:38.0,0,0.022,0.008,1.16
15:38.2,0,0.022,0.008,1.016
15:38.4,0,0.022,0.008,1.016
15:38.6,0,0.022,0.008,1.016
15:38.8,0,0.022,0.007,1.016
15:39.0,0,0.022,0.007,1.016
15:39.2,0,0.022,0.007,1.016
15:39.4,0,0.022,0.007,1.016
15:39.6,0,0.022,0.007,1.016
15:39.8,0,0.022,0.008,1.016
15:40.0,0,0.022,0.008,1.016
15:40.3,0,0.021,0.008,1.018
15:40.5,0,0.022,0.008,1.017
15:40.7,0,0.022,0.008,1.017
15:40.9,0,0.022,0.007,1.017
15:41.1,0,0.022,0.007,1.018
15:41.3,0,0.022,0.007,1.015
15:41.5,1,0.022,0.007,1.016
15:41.7,1,0.022,0.008,1.016
15:41.9,1,0.022,0.008,1.015
15:42.1,1,0.023,0.008,1.015
15:42.3,1,0.023,0.008,1.016
15:42.5,1,0.023,0.008,1.016
15:42.7,0,0.023,0.008,1.016
15:42.9,0,0.022,0.008,1.016
15:43.1,0,0.022,0.008,1.016
15:43.3,0,0.022,0.007,1.016
15:43.5,0,0.022,0.007,1.016
15:43.7,0,0.022,0.007,1.016
15:43.9,0,0.022,0.007,1.016
15:44.1,0,0.022,0.007,1.016
15:44.3,0,0.022,0.007,1.016
15:44.5,0,0.023,0.007,1.016
15:44.7,0,0.025,0.007,1.015
15:44.9,0,0.026,0.007,1.011
15:45.1,0,0.025,0.006,1.011
15:45.3,0,0.025,0.007,1.011
15:45.5,0,0.024,0.007,1.011
15:45.7,0,0.022,0.007,1.013
15:45.9,0,0.021,0.008,1.017
15:46.1,0,0.022,0.007,1.016
15:46.3,0,0.022,0.007,1.015
15:46.5,0,0.022,0.007,1.016
15:46.7,0,0.022,0.007,1.016
15:46.9,0,0.022,0.006,1.015
15:47.1,0,0.022,0.008,1.016
15:47.3,0,0.022,0.008,1.016
15:47.6,0,0.022,0.008,1.016
15:47.8,0,0.022,0.008,1.016
15:48.0,0,0.022,0.009,1.017
15:48.2,0,0.022,0.008,1.016
15:48.4,0,0.022,0.008,1.017
15:48.6,0,0.022,0.008,1.016
15:48.8,0,0.022,0.008,1.016
15:49.0,0,0.022,0.008,1.016
15:49.2,0,0.022,0.008,1.016
15:49.4,0,0.022,0.008,1.015
15:49.6,0,0.022,0.008,1.015
15:49.8,0,0.022,0.008,1.015
15:50.0,0,0.022,0.007,1.015
15:50.2,0,0.022,0.008,1.015
15:50.4,0,0.022,0.008,1.016
15:50.6,0,0.022,0.008,1.016
15:50.8,0,0.022,0.008,1.016
15:51.0,0,0.022,0.008,1.016
15:51.2,0,0.022,0.008,1.016
15:51.4,0,0.022,0.007,1.015
15:51.6,0,0.022,0.007,1.015
15:51.8,0,0.022,0.008,1.016
15:52.0,0,0.022,0.008,1.016
15:52.2,0,0.022,0.008,1.016
15:52.4,0,0.022,0.008,1.016
15:52.6,0,0.022,0.008,1.016
15:52.8,0,0.022,0.008,1.016
15:53.0,0,0.022,0.008,1.016
15:53.2,0,0.022,0.008,1.016
15:53.4,0,0.022,0.008,1.016
15:53.6,0,0.022,0.008,1.016
15:53.8,0,0.022,0.008,1.016
15:54.0,0,0.022,0.007,1.015
15:54.2,0,0.022,0.007,1.016
15:54.4,0,0.022,0.007,1.016
15:54.6,0,0.022,0.007,1.016
15:54.8,0,0.022,0.008,1.016
15:55.0,0,0.022,0.008,1.016
15:55.2,0,0.022,0.008,1.016
15:55.5,0,0.022,0.007,1.016
15:55.7,0,0.022,0.008,1.016
15:55.9,0,0.022,0.008,1.016
15:56.1,0,0.022,0.008,1.016
15:56.3,0,0.022,0.008,1.016
15:56.5,0,0.022,0.008,1.016
15:56.7,0,0.022,0.008,1.016
15:56.9,0,0.022,0.008,1.016
15:57.1,0,0.022,0.008,1.016
15:57.3,0,0.022,0.008,1.016
15:57.5,0,0.022,0.008,1.016
15:57.7,0,0.022,0.008,1.015
15:57.9,0,0.022,0.008,1.015
15:58.1,0,0.023,0.008,1.015
15:58.3,0,0.022,0.008,1.015
15:58.5,0,0.022,0.008,1.015
15:58.7,0,0.022,0.008,1.016
15:58.9,0,0.022,0.008,1.016
15:59.1,0,0.022,0.008,1.016
15:59.3,0,0.022,0.008,1.016
15:59.5,0,0.022,0.008,1.016
15:59.7,1,0.022,0.008,1.016
15:59.9,1,0.022,0.007,1.015
16:00.1,1,0.022,0.007,1.015
16:00.3,1,0.022,0.007,1.015
16:00.5,1,0.022,0.007,1.015
16:00.7,0,0.022,0.007,1.015
16:00.9,0,0.022,0.007,1.015
16:01.1,0,0.022,0.007,1.016
16:01.3,0,0.022,0.007,1.015
16:01.5,0,0.022,0.007,1.015
16:01.7,0,0.022,0.007,1.015
16:01.9,0,0.022,0.007,1.014
16:02.1,0,0.022,0.007,1.014
16:02.3,0,0.022,0.007,1.014
16:02.6,0,0.022,0.007,1.014
16:02.8,0,0.022,0.007,1.014
16:03.0,0,0.022,0.008,1.015
16:03.2,0,0.022,0.007,1.015
16:03.4,0,0.022,0.007,1.015
16:03.6,0,0.022,0.008,1.015
16:03.8,0,0.022,0.008,1.016
16:04.0,0,0.022,0.008,1.016
16:04.2,0,0.022,0.008,1.016
16:04.4,0,0.022,0.008,1.016
16:04.6,0,0.022,0.008,1.016
16:04.8,1,0.022,0.008,1.015
16:05.0,1,0.022,0.008,1.015
16:05.2,1,0.022,0.008,1.015
16:05.4,1,0.022,0.008,1.015
16:05.6,1,0.022,0.008,1.015
16:05.8,0,0.022,0.008,1.015
16:06.0,0,0.022,0.008,1.015
16:06.2,0,0.022,0.008,1.015
16:06.4,0,0.022,0.008,1.016
16:06.6,0,0.022,0.008,1.016
16:06.8,0,0.022,0.008,1.016
16:07.0,0,0.022,0.007,1.016
16:07.2,0,0.022,0.008,1.016
16:07.4,0,0.022,0.007,1.016
16:07.6,0,0.022,0.007,1.016
16:07.8,0,0.022,0.007,1.016
16:08.0,0,0.022,0.007,1.015
16:08.2,0,0.022,0.006,1.016
16:08.4,0,0.022,0.006,1.015
16:08.6,0,0.022,0.006,1.015
16:08.8,0,0.022,0.006,1.015
16:09.0,0,0.022,0.007,1.015
16:09.2,0,0.022,0.008,1.015
16:09.4,0,0.022,0.008,1.015
16:09.6,0,0.022,0.008,1.015
16:09.9,0,0.022,0.008,1.015
16:10.1,0,0.023,0.008,1.016
16:10.3,0,0.022,0.007,1.016
16:10.5,0,0.023,0.007,1.016
16:10.7,0,0.023,0.007,1.016
16:10.9,0,0.023,0.007,1.016
16:11.1,0,0.023,0.007,1.016
16:11.3,0,0.023,0.007,1.016
16:11.5,0,0.023,0.007,1.016
16:11.7,0,0.023,0.007,1.016
16:11.9,0,0.023,0.007,1.016
16:12.1,0,0.023,0.007,1.016
16:12.3,0,0.022,0.007,1.016
16:12.5,0,0.023,0.007,1.016
16:12.7,0,0.022,0.007,1.016
16:12.9,0,0.022,0.008,1.016
16:13.1,0,0.022,0.008,1.015
16:13.3,0,0.023,0.008,1.016
16:13.5,0,0.022,0.008,1.016
16:13.7,0,0.022,0.008,1.017
16:13.9,0,0.022,0.008,1.017
16:14.1,0,0.022,0.008,1.017
16:14.3,0,0.022,0.008,1.016
16:14.5,0,0.022,0.008,1.016
16:14.7,0,0.022,0.008,1.017
16:14.9,0,0.022,0.008,1.017
16:15.1,0,0.022,0.008,1.016
16:15.3,0,0.022,0.008,1.017
16:15.5,1,0.022,0.008,1.017
16:15.7,1,0.022,0.008,1.017
16:15.9,1,0.022,0.008,1.017
16:16.1,1,0.022,0.008,1.017
16:16.3,1,0.022,0.007,1.016
16:16.5,1,0.022,0.008,1.016
16:16.7,0,0.022,0.007,1.015
16:16.9,0,0.022,0.008,1.016
16:17.1,0,0.022,0.008,1.016
16:17.3,0,0.022,0.009,1.016
16:17.5,0,0.022,0.008,1.016
16:17.8,0,0.022,0.008,1.016
16:18.0,0,0.022,0.008,1.016
16:18.2,0,0.022,0.008,1.016
16:18.4,0,0.022,0.007,1.016
16:18.6,0,0.022,0.008,1.016
16:18.8,0,0.022,0.008,1.016
16:19.0,0,0.022,0.008,1.016
16:19.2,0,0.022,0.008,1.016
16:19.4,0,0.022,0.008,1.016
16:19.6,0,0.022,0.008,1.016
16:19.8,0,0.022,0.008,1.016
16:20.0,0,0.022,0.007,1.016
16:20.2,0,0.022,0.008,1.016
16:20.4,0,0.022,0.007,1.015
16:20.6,0,0.022,0.007,1.016
16:20.8,0,0.022,0.007,1.016
16:21.0,0,0.022,0.008,1.016
16:21.2,0,0.022,0.008,1.016
16:21.4,0,0.022,0.008,1.016
16:21.6,0,0.022,0.008,1.016
16:21.8,0,0.022,0.008,1.016
16:22.0,0,0.022,0.007,1.016
16:22.2,0,0.022,0.007,1.016
16:22.4,0,0.022,0.008,1.016
16:22.6,0,0.022,0.007,1.016
16:22.8,0,0.022,0.007,1.015
16:23.0,0,0.022,0.007,1.015
16:23.2,0,0.022,0.007,1.016
16:23.4,0,0.022,0.007,1.016
16:23.6,0,0.022,0.007,1.015
16:23.8,0,0.022,0.008,1.016
16:24.0,0,0.022,0.008,1.016
16:24.2,0,0.023,0.008,1.015
16:24.5,0,0.022,0.008,1.015
16:24.7,0,0.022,0.007,1.015
16:24.9,0,0.022,0.007,1.016
16:25.1,0,0.022,0.007,1.016
16:25.3,0,0.022,0.007,1.016
16:25.5,0,0.022,0.007,1.016
16:25.7,0,0.022,0.008,1.016
16:25.9,0,0.022,0.008,1.016
16:26.1,0,0.022,0.008,1.015
16:26.3,0,0.022,0.008,1.016
16:26.5,0,0.022,0.008,1.016
16:26.7,0,0.022,0.009,1.016
16:26.9,0,0.022,0.008,1.016
16:27.1,0,0.022,0.008,1.016
16:27.3,0,0.022,0.008,1.016
16:27.5,0,0.022,0.008,1.016
16:27.7,0,0.022,0.008,1.016
16:27.9,0,0.022,0.008,1.016
16:28.1,0,0.022,0.008,1.016
16:28.3,0,0.022,0.008,1.016
16:28.5,0,0.022,0.008,1.016
16:28.7,0,0.022,0.008,1.016
16:28.9,0,0.022,0.008,1.016
16:29.1,0,0.022,0.008,1.016
16:29.3,0,0.022,0.008,1.017
16:29.5,0,0.022,0.007,1.016
16:29.7,0,0.022,0.008,1.016
16:29.9,0,0.022,0.008,1.016
16:30.1,0,0.022,0.008,1.016
16:30.3,0,0.022,0.008,1.016
16:30.5,0,0.022,0.008,1.016
16:30.7,0,0.022,0.008,1.016
16:30.9,0,0.022,0.008,1.016
16:31.1,0,0.022,0.008,1.016
16:31.3,0,0.022,0.008,1.016
16:31.5,0,0.022,0.008,1.017
16:31.8,0,0.022,0.008,1.017
16:32.0,0,0.022,0.008,1.017
16:32.2,0,0.022,0.008,1.017
16:32.4,0,0.022,0.008,1.017
16:32.6,0,0.022,0.008,1.017
16:32.8,1,0.022,0.008,1.017
16:33.0,1,0.022,0.008,1.017
16:33.2,1,0.022,0.008,1.017
16:33.4,1,0.022,0.008,1.016
16:33.6,1,0.022,0.008,1.016
16:33.8,1,0.022,0.007,1.016
16:34.0,0,0.022,0.007,1.016
16:34.2,0,0.022,0.007,1.015
16:34.4,0,0.022,0.007,1.015
16:34.6,0,0.022,0.007,1.016
16:34.8,0,0.022,0.007,1.016
16:35.0,0,0.022,0.007,1.016
16:35.2,0,0.022,0.008,1.016
16:35.4,0,0.022,0.008,1.016
16:35.6,0,0.022,0.007,1.016
16:35.8,0,0.022,0.008,1.016
16:36.0,0,0.022,0.008,1.016
16:36.2,0,0.022,0.008,1.016
16:36.4,0,0.022,0.008,1.016
16:36.6,0,0.022,0.007,1.016
16:36.8,0,0.022,0.007,1.016
16:37.0,0,0.022,0.007,1.016
16:37.2,0,0.022,0.007,1.015
16:37.4,0,0.022,0.007,1.016
16:37.6,0,0.023,0.008,1.016
16:37.8,0,0.022,0.008,1.016
16:38.0,0,0.023,0.008,1.016
16:38.2,0,0.022,0.007,1.016
16:38.4,0,0.022,0.008,1.016
16:38.6,0,0.022,0.008,1.017
16:38.8,0,0.022,0.008,1.016
16:39.0,0,0.022,0.008,1.016
16:39.2,0,0.022,0.008,1.017
16:39.5,0,0.022,0.008,1.016
16:39.7,0,0.022,0.008,1.016
16:39.9,0,0.022,0.008,1.016
16:40.1,0,0.022,0.008,1.016
16:40.3,0,0.022,0.008,1.016
16:40.5,0,0.022,0.008,1.016
16:40.7,0,0.022,0.008,1.016
16:40.9,0,0.022,0.007,1.016
16:41.1,0,0.022,0.008,1.016
16:41.3,0,0.022,0.008,1.016
16:41.5,0,0.022,0.008,1.016
16:41.7,0,0.022,0.008,1.016
16:41.9,0,0.022,0.008,1.015
16:42.1,0,0.022,0.008,1.015
16:42.3,0,0.022,0.008,1.015
16:42.5,0,0.022,0.008,1.015
16:42.7,0,0.022,0.008,1.015
16:42.9,0,0.022,0.008,1.015
16:43.1,0,0.022,0.008,1.015
16:43.3,0,0.022,0.008,1.015
16:43.5,0,0.022,0.008,1.015
16:43.7,0,0.022,0.008,1.015
16:43.9,0,0.022,0.008,1.015
16:44.1,0,0.022,0.007,1.015
16:44.3,0,0.022,0.007,1.015
16:44.5,0,0.022,0.007,1.015
16:44.7,0,0.022,0.008,1.016
16:44.9,0,0.022,0.008,1.016
16:45.1,0,0.022,0.008,1.017
16:45.3,0,0.022,0.008,1.017
16:45.5,0,0.022,0.008,1.017
16:45.7,0,0.022,0.008,1.016
16:45.9,0,0.022,0.008,1.016
16:46.1,0,0.022,0.008,1.016
16:46.3,0,0.022,0.008,1.017
16:46.5,0,0.022,0.008,1.017
16:46.8,0,0.022,0.008,1.017
16:47.0,0,0.022,0.008,1.016
16:47.2,0,0.022,0.008,1.017
16:47.4,0,0.022,0.008,1.016
16:47.6,0,0.023,0.007,1.013
16:47.8,0,0.023,0.008,1.015
16:48.0,0,0.023,0.008,1.016
16:48.2,0,0.023,0.007,1.015
16:48.4,0,0.023,0.007,1.014
16:48.6,0,0.022,0.007,1.018
16:48.8,0,0.022,0.008,1.018
16:49.0,0,0.022,0.007,1.016
16:49.2,0,0.022,0.008,1.017
16:49.4,0,0.022,0.008,1.018
16:49.6,0,0.022,0.008,1.018
16:49.8,0,0.022,0.008,1.016
16:50.0,0,0.022,0.008,1.017
16:50.2,0,0.022,0.006,1.017
16:50.4,0,0.021,0.006,1.018
16:50.6,0,0.021,0.006,1.019
16:50.8,0,0.021,0.006,1.019
16:51.0,1,0.021,0.007,1.018
16:51.2,1,0.021,0.008,1.018
16:51.4,1,0.022,0.008,1.016
16:51.6,1,0.022,0.007,1.015
16:51.8,1,0.022,0.007,1.016
16:52.0,0,0.022,0.007,1.016
16:52.2,0,0.022,0.007,1.016
16:52.4,0,0.022,0.008,1.016
16:52.6,0,0.022,0.008,1.016
16:52.8,0,0.022,0.008,1.016
16:53.0,0,0.022,0.008,1.016
16:53.2,0,0.022,0.008,1.016
16:53.4,0,0.022,0.007,1.016
16:53.6,0,0.022,0.008,1.016
16:53.8,0,0.022,0.009,1.016
16:54.0,0,0.022,0.009,1.016
16:54.3,0,0.022,0.008,1.016
16:54.5,0,0.022,0.009,1.016
16:54.7,0,0.022,0.008,1.016
16:54.9,0,0.022,0.007,1.016
16:55.1,0,0.022,0.008,1.016
16:55.3,0,0.022,0.008,1.016
16:55.5,0,0.022,0.007,1.016
16:55.7,0,0.022,0.008,1.016
16:55.9,0,0.022,0.007,1.016
16:56.1,0,0.022,0.007,1.016
16:56.3,0,0.022,0.008,1.016
16:56.5,0,0.022,0.007,1.016
16:56.7,0,0.022,0.008,1.016
16:56.9,0,0.022,0.008,1.016
16:57.1,0,0.022,0.008,1.016
16:57.3,0,0.022,0.008,1.017
16:57.5,0,0.022,0.008,1.016
16:57.7,0,0.022,0.008,1.017
16:57.9,0,0.022,0.008,1.016
16:58.1,0,0.022,0.008,1.016
16:58.3,0,0.022,0.008,1.016
16:58.5,0,0.022,0.008,1.016
16:58.7,0,0.022,0.008,1.015
16:58.9,0,0.022,0.007,1.015
16:59.1,0,0.022,0.008,1.015
16:59.3,0,0.022,0.008,1.015
16:59.5,0,0.022,0.008,1.014
16:59.7,0,0.022,0.008,1.016
16:59.9,0,0.021,0.009,1.022
17:00.1,0,0.021,0.008,1.021
17:00.3,0,0.022,0.008,1.02
17:00.5,0,0.021,0.008,1.02
17:00.7,0,0.021,0.008,1.02
17:00.9,0,0.022,0.007,1.014
17:01.2,0,0.022,0.007,1.014
17:01.4,0,0.022,0.008,1.015
17:01.6,0,0.022,0.007,1.015
17:01.8,0,0.022,0.008,1.016
17:02.0,0,0.022,0.008,1.016
17:02.2,0,0.022,0.008,1.016
17:02.4,0,0.022,0.008,1.016
17:02.6,0,0.022,0.008,1.016
17:02.8,0,0.022,0.008,1.016
17:03.0,0,0.022,0.008,1.016
17:03.2,0,0.022,0.008,1.016
17:03.4,0,0.022,0.008,1.016
17:03.6,0,0.022,0.008,1.017
17:03.8,0,0.022,0.008,1.017
17:04.0,0,0.022,0.008,1.017
17:04.2,0,0.022,0.008,1.017
17:04.4,0,0.022,0.008,1.016
17:04.6,0,0.022,0.008,1.016
17:04.8,0,0.022,0.008,1.016
17:05.0,0,0.022,0.008,1.016
17:05.2,0,0.022,0.008,1.016
17:05.4,0,0.022,0.008,1.016
17:05.6,0,0.022,0.008,1.016
17:05.8,0,0.022,0.008,1.016
17:06.0,0,0.022,0.007,1.016
17:06.2,0,0.022,0.007,1.016
17:06.4,0,0.022,0.008,1.016
17:06.6,0,0.022,0.007,1.016
17:06.8,0,0.022,0.007,1.015
17:07.0,0,0.021,0.007,1.016
17:07.2,0,0.022,0.011,1.019
17:07.4,0,0.022,0.009,1.018
17:07.6,0,0.022,0.009,1.018
17:07.8,0,0.022,0.01,1.018
17:08.0,0,0.022,0.01,1.018
17:08.2,0,0.022,0.006,1.015
17:08.4,0,0.022,0.007,1.016
17:08.6,0,0.022,0.008,1.017
17:08.9,0,0.022,0.007,1.016
17:09.1,0,0.022,0.008,1.016
17:09.3,0,0.022,0.008,1.016
17:09.5,0,0.022,0.008,1.017
17:09.7,0,0.022,0.008,1.017
17:09.9,0,0.022,0.008,1.018
17:10.1,0,0.022,0.008,1.018
17:10.3,0,0.022,0.008,1.018
17:10.5,1,0.022,0.007,1.017
17:10.7,1,0.023,0.008,1.018
17:10.9,1,0.023,0.008,1.017
17:11.1,1,0.023,0.007,1.016
17:11.3,1,0.022,0.008,1.015
17:11.5,1,0.022,0.007,1.016
17:11.7,0,0.022,0.007,1.015
17:12.1,0,0.023,0.008,1.016
17:12.3,0,0.023,0.007,1.016
17:12.5,0,0.022,0.007,1.015
17:12.7,0,0.022,0.008,1.016
17:12.9,0,0.022,0.007,1.016
17:13.2,0,0.022,0.007,1.015
17:13.4,0,0.022,0.007,1.016
17:13.6,0,0.023,0.008,1.015
17:13.8,0,0.023,0.007,1.014
17:14.0,0,0.023,0.007,1.014
17:14.2,0,0.023,0.007,1.014
17:14.4,0,0.023,0.007,1.015
17:14.6,0,0.022,0.007,1.015
17:14.8,0,0.022,0.007,1.016
17:15.0,0,0.022,0.007,1.016
17:15.2,0,0.022,0.007,1.015
17:15.4,0,0.022,0.007,1.016
17:15.6,0,0.022,0.007,1.016
17:15.8,0,0.022,0.007,1.016
17:16.0,0,0.022,0.008,1.016
17:16.2,0,0.022,0.008,1.016
17:16.4,0,0.022,0.008,1.016
17:16.6,0,0.022,0.008,1.016
17:16.8,0,0.022,0.008,1.017
17:17.0,0,0.022,0.007,1.016
17:17.2,0,0.022,0.008,1.017
17:17.4,0,0.022,0.008,1.017
17:17.6,0,0.022,0.008,1.017
17:17.8,0,0.022,0.008,1.016
17:18.0,0,0.023,0.008,1.016
17:18.2,0,0.023,0.008,1.016
17:18.4,0,0.023,0.008,1.016
17:18.6,0,0.023,0.008,1.017
17:18.8,0,0.023,0.007,1.017
17:19.0,0,0.022,0.007,1.017
17:19.2,0,0.022,0.008,1.016
17:19.4,0,0.022,0.007,1.016
17:19.6,0,0.022,0.007,1.016
17:19.8,0,0.022,0.007,1.017
17:20.0,0,0.022,0.007,1.017
17:20.2,0,0.022,0.007,1.017
17:20.4,0,0.022,0.007,1.017
17:20.6,0,0.023,0.008,1.016
17:20.9,0,0.023,0.008,1.016
17:21.1,0,0.022,0.007,1.016
17:21.3,0,0.022,0.007,1.016
17:21.5,0,0.022,0.007,1.015
17:21.7,0,0.022,0.007,1.015
17:21.9,0,0.022,0.007,1.015
17:22.1,0,0.023,0.008,1.015
17:22.3,0,0.023,0.008,1.015
17:22.5,0,0.022,0.008,1.015
17:22.7,0,0.022,0.008,1.021
17:22.9,0,0.022,0.008,1.019
17:23.1,0,0.022,0.007,1.018
17:23.3,0,0.022,0.007,1.018
17:23.5,0,0.022,0.007,1.018
17:23.7,0,0.023,0.007,1.013
17:23.9,0,0.022,0.007,1.015
17:24.1,0,0.022,0.008,1.016
17:24.3,0,0.022,0.008,1.016
17:24.5,0,0.022,0.008,1.016
17:24.7,0,0.022,0.008,1.016
17:24.9,0,0.022,0.008,1.016
17:25.1,0,0.022,0.008,1.016
17:25.3,0,0.022,0.008,1.016
17:25.5,0,0.022,0.008,1.016
17:25.7,0,0.022,0.008,1.016
17:25.9,0,0.022,0.008,1.016
17:26.1,0,0.022,0.008,1.016
17:26.3,0,0.022,0.008,1.016
17:26.5,0,0.021,0.008,1.017
17:26.7,0,0.021,0.008,1.017
17:26.9,0,0.021,0.007,1.016
17:27.1,0,0.021,0.007,1.016
17:27.3,1,0.021,0.007,1.016
17:27.5,1,0.023,0.008,1.016
17:27.7,1,0.022,0.007,1.016
17:27.9,1,0.022,0.008,1.017
17:28.2,1,0.022,0.008,1.017
17:28.4,0,0.022,0.008,1.017
17:28.6,0,0.022,0.008,1.017
17:28.8,0,0.022,0.008,1.016
17:29.0,0,0.022,0.007,1.016
17:29.2,0,0.022,0.007,1.016
17:29.4,0,0.022,0.008,1.016
17:29.6,0,0.023,0.007,1.015
17:29.8,0,0.022,0.007,1.015
17:30.0,0,0.023,0.008,1.015
17:30.2,0,0.024,0.007,1.015
17:30.4,0,0.025,0.005,1.011
17:30.6,0,0.024,0.005,1.01
17:30.8,0,0.024,0.005,1.011
17:31.0,0,0.024,0.005,1.011
17:31.2,0,0.022,0.006,1.011
17:31.4,0,0.021,0.008,1.016
17:31.6,0,0.022,0.008,1.017
17:31.8,1,0.022,0.008,1.017
17:32.0,1,0.022,0.008,1.016
17:32.2,1,0.022,0.008,1.016
17:32.4,1,0.022,0.008,1.016
17:32.6,1,0.022,0.008,1.016
17:32.8,0,0.022,0.008,1.015
17:33.0,0,0.023,0.008,1.015
17:33.2,0,0.023,0.008,1.016
17:33.4,0,0.022,0.008,1.016
17:33.6,0,0.022,0.008,1.016
17:33.8,0,0.022,0.008,1.015
17:34.0,0,0.022,0.008,1.015
17:34.2,0,0.022,0.008,1.016
17:34.4,0,0.022,0.008,1.016
17:34.6,0,0.022,0.008,1.016
17:34.8,0,0.022,0.008,1.017
17:35.0,0,0.022,0.008,1.017
17:35.2,0,0.022,0.007,1.016
17:35.5,0,0.022,0.007,1.016
17:35.7,0,0.022,0.008,1.016
17:35.9,0,0.022,0.007,1.015
17:36.1,0,0.022,0.007,1.015
17:36.3,0,0.022,0.008,1.016
17:36.5,0,0.022,0.008,1.016
17:36.7,0,0.022,0.008,1.016
17:36.9,1,0.022,0.007,1.016
17:37.1,1,0.023,0.008,1.015
17:37.3,1,0.022,0.008,1.017
17:37.5,1,0.022,0.008,1.018
17:37.7,1,0.022,0.008,1.017
17:37.9,1,0.022,0.008,1.016
17:38.1,0,0.022,0.008,1.018
17:38.3,0,0.022,0.008,1.015
17:38.5,0,0.023,0.007,1.014
17:38.7,0,0.023,0.008,1.015
17:38.9,0,0.021,0.007,1.021
17:39.1,0,0.022,0.006,1.02
17:39.3,0,0.022,0.006,1.02
17:39.5,0,0.022,0.007,1.02
17:39.7,0,0.021,0.006,1.02
17:39.9,0,0.023,0.007,1.015
17:40.1,0,0.022,0.008,1.015
17:40.3,0,0.022,0.008,1.016
17:40.5,0,0.023,0.008,1.016
17:40.7,0,0.023,0.008,1.015
17:40.9,0,0.023,0.008,1.015
17:41.1,0,0.022,0.007,1.015
17:41.3,1,0.022,0.008,1.016
17:41.5,1,0.022,0.008,1.017
17:41.7,1,0.022,0.008,1.016
17:41.9,1,0.022,0.008,1.016
17:42.1,1,0.022,0.008,1.016
17:42.3,1,0.022,0.008,1.016
17:42.5,0,0.022,0.007,1.016
17:42.7,0,0.022,0.008,1.016
17:42.9,0,0.022,0.007,1.016
17:43.1,0,0.022,0.007,1.016
17:43.4,0,0.022,0.007,1.015
17:43.6,0,0.022,0.007,1.015
17:43.8,0,0.022,0.007,1.016
17:44.0,0,0.022,0.008,1.016
17:44.2,0,0.022,0.007,1.016
17:44.4,0,0.022,0.007,1.016
17:44.6,0,0.022,0.008,1.015
17:44.8,0,0.022,0.008,1.015
17:45.0,0,0.022,0.007,1.015
17:45.2,0,0.022,0.008,1.016
17:45.4,0,0.022,0.007,1.015
17:45.6,0,0.022,0.007,1.016
17:45.8,1,0.022,0.007,1.016
17:46.0,1,0.022,0.007,1.016
17:46.2,1,0.022,0.008,1.016
17:46.4,1,0.022,0.008,1.016
17:46.6,1,0.022,0.007,1.016
17:46.8,1,0.022,0.008,1.016
17:47.0,0,0.022,0.008,1.017
17:47.2,0,0.022,0.007,1.017
17:47.4,0,0.023,0.008,1.017
17:47.6,0,0.022,0.008,1.017
17:47.8,0,0.022,0.007,1.017
17:48.0,0,0.022,0.007,1.016
17:48.2,0,0.022,0.007,1.015
17:48.4,0,0.022,0.007,1.015
17:48.6,0,0.022,0.007,1.016
17:48.8,0,0.022,0.007,1.016
17:49.0,0,0.022,0.008,1.016
17:49.2,0,0.022,0.007,1.016
17:49.4,0,0.022,0.007,1.016
17:49.6,0,0.022,0.008,1.016
17:49.8,0,0.022,0.008,1.016
17:50.0,0,0.022,0.008,1.016
17:50.2,0,0.022,0.008,1.016
17:50.4,0,0.022,0.008,1.016
17:50.6,0,0.022,0.008,1.016
17:50.9,0,0.022,0.007,1.016
17:51.1,0,0.021,0.007,1.016
17:51.3,0,0.021,0.007,1.016
17:51.5,0,0.021,0.006,1.016
17:51.7,0,0.022,0.007,1.016
17:51.9,0,0.022,0.007,1.016
17:52.1,0,0.022,0.006,1.015
17:52.3,0,0.022,0.007,1.015
17:52.5,0,0.022,0.007,1.016
17:52.7,0,0.021,0.006,1.016
17:52.9,0,0.022,0.007,1.016
17:53.1,0,0.022,0.007,1.016
17:53.3,0,0.022,0.007,1.016
17:53.5,0,0.022,0.008,1.017
17:53.7,0,0.022,0.008,1.016
17:53.9,0,0.022,0.007,1.016
17:54.1,0,0.022,0.008,1.016
17:54.3,0,0.022,0.008,1.016
17:54.5,0,0.022,0.007,1.016
17:54.7,0,0.022,0.008,1.016
17:54.9,0,0.022,0.009,1.017
17:55.1,0,0.022,0.008,1.016
17:55.3,0,0.022,0.008,1.016
17:55.5,0,0.023,0.009,1.016
17:55.7,0,0.023,0.008,1.016
17:55.9,0,0.022,0.008,1.016
17:56.1,0,0.024,0.011,1.019
17:56.3,0,0.023,0.008,1.019
17:56.5,0,0.021,0.011,1.019
17:56.7,0,0.022,0.013,1.021
17:56.9,0,0.022,0.013,1.021
17:57.1,0,0.021,0.009,1.016
17:57.3,0,0.021,0.011,1.015
17:57.5,0,0.022,0.008,1.016
17:57.7,0,0.021,0.005,1.014
17:57.9,0,0.022,0.006,1.014
17:58.2,0,0.022,0.008,1.015
17:58.4,0,0.022,0.008,1.016
17:58.6,0,0.022,0.008,1.016
17:58.8,0,0.022,0.008,1.016
17:59.0,0,0.022,0.007,1.016
17:59.2,0,0.022,0.007,1.015
17:59.4,0,0.022,0.007,1.016
17:59.6,0,0.022,0.007,1.016
17:59.8,0,0.022,0.007,1.016
18:00.0,0,0.022,0.007,1.016
18:00.2,0,0.022,0.007,1.016
18:00.4,0,0.022,0.007,1.016
18:00.6,0,0.022,0.007,1.016
18:00.8,0,0.022,0.007,1.016
18:01.0,0,0.022,0.007,1.016
18:01.2,0,0.022,0.007,1.015
18:01.4,0,0.022,0.007,1.015
18:01.6,0,0.022,0.008,1.016
18:01.8,0,0.022,0.007,1.016
18:02.0,0,0.022,0.007,1.016
18:02.2,0,0.022,0.007,1.016
18:02.4,0,0.022,0.007,1.016
18:02.6,0,0.022,0.007,1.016
18:02.8,0,0.022,0.007,1.016
18:03.0,0,0.022,0.007,1.016
18:03.2,0,0.022,0.007,1.016
18:03.4,0,0.022,0.008,1.016
18:03.6,0,0.022,0.008,1.016
18:03.8,0,0.022,0.007,1.016
18:04.0,0,0.022,0.007,1.016
18:04.2,0,0.022,0.007,1.016
18:04.4,0,0.022,0.007,1.015
18:04.6,0,0.022,0.007,1.015
18:04.8,0,0.022,0.008,1.015
18:05.0,0,0.022,0.007,1.015
18:05.2,0,0.022,0.007,1.015
18:05.4,0,0.022,0.007,1.015
18:05.6,0,0.022,0.008,1.016
18:05.9,0,0.022,0.008,1.016
18:06.1,0,0.022,0.008,1.016
18:06.3,0,0.022,0.008,1.017
18:06.5,0,0.023,0.009,1.017
18:06.7,0,0.022,0.008,1.016
18:06.9,0,0.022,0.008,1.016
18:07.1,0,0.022,0.008,1.016
18:07.3,0,0.022,0.008,1.016
18:07.5,0,0.022,0.008,1.016
18:07.7,0,0.022,0.008,1.016
18:07.9,0,0.022,0.008,1.016
18:08.1,0,0.022,0.008,1.016
18:08.3,0,0.022,0.008,1.016
18:08.5,0,0.022,0.008,1.016
18:08.7,0,0.022,0.008,1.016
18:08.9,0,0.022,0.008,1.016
18:09.1,0,0.022,0.008,1.016
18:09.3,0,0.022,0.008,1.016
18:09.5,0,0.022,0.008,1.016
18:09.7,0,0.022,0.008,1.016
18:09.9,0,0.022,0.007,1.016
18:10.1,0,0.021,0.008,1.016
18:10.3,0,0.022,0.008,1.016
18:10.5,0,0.022,0.008,1.016
18:10.7,0,0.022,0.008,1.016
18:10.9,0,0.022,0.008,1.016
18:11.1,0,0.022,0.008,1.016
18:11.3,0,0.022,0.008,1.016
18:11.5,0,0.022,0.008,1.016
18:11.7,0,0.022,0.008,1.016
18:11.9,0,0.022,0.007,1.016
18:12.1,0,0.022,0.008,1.016
18:12.3,0,0.022,0.008,1.016
18:12.5,0,0.022,0.008,1.016
18:12.8,0,0.022,0.008,1.016
18:13.0,0,0.022,0.008,1.016
18:13.2,0,0.022,0.008,1.015
18:13.4,0,0.022,0.007,1.013
18:13.6,0,0.022,0.008,1.013
18:13.8,0,0.022,0.007,1.014
18:14.0,0,0.022,0.007,1.014
18:14.2,0,0.022,0.007,1.015
18:14.4,0,0.022,0.008,1.017
18:14.6,0,0.022,0.007,1.016
18:14.8,0,0.023,0.008,1.016
18:15.0,0,0.022,0.008,1.016
18:15.2,0,0.022,0.008,1.016
18:15.4,0,0.022,0.008,1.016
18:15.6,0,0.022,0.008,1.016
18:15.8,0,0.022,0.008,1.016
18:16.0,0,0.022,0.008,1.016
18:16.2,0,0.022,0.007,1.016
18:16.4,0,0.022,0.008,1.016
18:16.6,1,0.022,0.008,1.016
18:16.8,1,0.022,0.008,1.016
18:17.0,1,0.022,0.008,1.016
18:17.2,1,0.022,0.008,1.016
18:17.4,1,0.022,0.008,1.016
18:17.6,1,0.022,0.008,1.016
18:17.8,0,0.022,0.008,1.016
18:18.0,0,0.022,0.008,1.016
18:18.2,0,0.022,0.008,1.016
18:18.4,0,0.022,0.008,1.016
18:18.6,0,0.022,0.008,1.016
18:18.8,0,0.022,0.008,1.015
18:19.0,0,0.022,0.007,1.015
18:19.2,0,0.022,0.007,1.015
18:19.4,0,0.022,0.007,1.016
18:19.6,0,0.022,0.007,1.016
18:19.8,0,0.022,0.007,1.016
18:20.0,0,0.022,0.007,1.016
18:20.2,0,0.022,0.007,1.016
18:20.5,0,0.022,0.007,1.016
18:20.7,0,0.022,0.007,1.016
18:20.9,0,0.022,0.007,1.016
18:21.1,0,0.022,0.007,1.016
18:21.3,0,0.022,0.007,1.016
18:21.5,0,0.022,0.007,1.016
18:21.7,0,0.022,0.007,1.016
18:21.9,0,0.022,0.007,1.016
18:22.1,0,0.022,0.008,1.016
18:22.3,0,0.022,0.007,1.016
18:22.5,0,0.022,0.007,1.015
18:22.7,0,0.022,0.007,1.015
18:22.9,0,0.022,0.007,1.015
18:23.1,0,0.022,0.007,1.015
18:23.3,0,0.022,0.007,1.016
18:23.5,0,0.022,0.007,1.016
18:23.7,0,0.022,0.007,1.016
18:23.9,0,0.022,0.007,1.016
18:24.1,0,0.022,0.007,1.015
18:24.3,0,0.022,0.007,1.015
18:24.5,0,0.022,0.008,1.016
18:24.7,0,0.022,0.008,1.015
18:24.9,0,0.022,0.008,1.015
18:25.1,0,0.022,0.008,1.015
18:25.3,0,0.022,0.007,1.015
18:25.5,0,0.022,0.007,1.015
18:25.7,0,0.022,0.007,1.015
18:25.9,0,0.022,0.007,1.015
18:26.1,0,0.021,0.004,1.018
18:26.3,0,0.02,0.005,1.019
18:26.5,0,0.02,0.006,1.02
18:26.7,0,0.02,0.005,1.019
18:26.9,0,0.021,0.005,1.02
18:27.1,0,0.022,0.008,1.016
18:27.3,0,0.022,0.008,1.016
18:27.5,0,0.022,0.007,1.015
18:27.7,0,0.022,0.007,1.016
18:28.0,0,0.022,0.008,1.016
18:28.2,0,0.022,0.007,1.016
18:28.4,0,0.022,0.008,1.016
18:28.6,0,0.022,0.008,1.016
18:28.8,0,0.022,0.008,1.016
18:29.0,0,0.022,0.008,1.016
18:29.2,0,0.022,0.008,1.015
18:29.4,0,0.022,0.008,1.015
18:29.6,0,0.022,0.007,1.015
18:29.8,0,0.022,0.007,1.015
18:30.0,0,0.022,0.007,1.016
18:30.2,0,0.022,0.007,1.016
18:30.4,0,0.022,0.007,1.016
18:30.6,0,0.022,0.008,1.016
18:30.8,0,0.022,0.008,1.016
18:31.0,0,0.022,0.008,1.016
18:31.2,0,0.022,0.008,1.016
18:31.4,0,0.022,0.008,1.016
18:31.6,0,0.022,0.008,1.016
18:31.8,0,0.022,0.008,1.016
18:32.0,0,0.022,0.008,1.016
18:32.2,0,0.022,0.008,1.016
18:32.4,0,0.022,0.008,1.016
18:32.6,0,0.022,0.008,1.016
18:32.8,0,0.022,0.008,1.016
18:33.0,0,0.023,0.008,1.016
18:33.2,0,0.022,0.007,1.016
18:33.4,0,0.022,0.007,1.016
18:33.6,0,0.022,0.007,1.015
18:33.8,0,0.022,0.007,1.015
18:34.0,0,0.022,0.007,1.015
18:34.2,0,0.022,0.008,1.016
18:34.4,0,0.022,0.008,1.017
18:34.6,1,0.022,0.009,1.018
18:34.8,1,0.022,0.008,1.017
18:35.0,1,0.022,0.008,1.017
18:35.2,1,0.022,0.008,1.018
18:35.5,1,0.022,0.008,1.017
18:35.7,1,0.023,0.007,1.016
18:35.9,0,0.023,0.008,1.018
18:36.1,0,0.022,0.008,1.018
18:36.3,0,0.023,0.007,1.016
18:36.5,0,0.023,0.008,1.017
18:36.7,0,0.023,0.007,1.017
18:36.9,0,0.023,0.007,1.017
18:37.1,0,0.023,0.008,1.016
18:37.3,0,0.023,0.008,1.017
18:37.5,0,0.023,0.008,1.017
18:37.7,0,0.023,0.008,1.016
18:37.9,0,0.022,0.008,1.017
18:38.1,0,0.022,0.007,1.017
18:38.3,0,0.022,0.008,1.016
18:38.5,0,0.023,0.008,1.016
18:38.7,0,0.023,0.008,1.016
18:38.9,0,0.023,0.008,1.015
18:39.1,0,0.023,0.008,1.015
18:39.3,0,0.023,0.007,1.015
18:39.5,0,0.023,0.008,1.015
18:39.7,0,0.023,0.007,1.015
18:39.9,0,0.023,0.007,1.016
18:40.1,0,0.023,0.008,1.016
18:40.3,0,0.023,0.008,1.016
18:40.5,0,0.023,0.007,1.016
18:40.7,0,0.023,0.007,1.016
18:40.9,0,0.023,0.007,1.016
18:41.1,0,0.022,0.007,1.016
18:41.3,0,0.022,0.008,1.016
18:41.5,0,0.023,0.008,1.015
18:41.7,0,0.023,0.008,1.015
18:41.9,0,0.022,0.008,1.016
18:42.1,0,0.023,0.008,1.016
18:42.3,0,0.023,0.007,1.014
18:42.5,1,0.023,0.007,1.014
18:42.8,1,0.022,0.007,1.016
18:43.0,1,0.022,0.008,1.015
18:43.2,1,0.022,0.008,1.015
18:43.4,1,0.022,0.008,1.017
18:43.6,0,0.021,0.008,1.017
18:43.8,0,0.022,0.008,1.016
18:44.0,0,0.022,0.008,1.016
18:44.2,0,0.022,0.007,1.016
18:44.4,0,0.022,0.007,1.016
18:44.6,0,0.023,0.008,1.015
18:44.8,0,0.022,0.008,1.017
18:45.0,0,0.022,0.007,1.016
18:45.2,0,0.023,0.008,1.016
18:45.4,0,0.023,0.008,1.016
18:45.6,0,0.022,0.007,1.016
18:45.8,0,0.023,0.007,1.015
18:46.0,0,0.023,0.007,1.015
18:46.2,0,0.022,0.007,1.016
18:46.4,0,0.023,0.007,1.016
18:46.6,0,0.023,0.007,1.016
18:46.8,0,0.023,0.007,1.016
18:47.0,1,0.023,0.007,1.016
18:47.2,1,0.023,0.007,1.016
18:47.4,1,0.022,0.005,1.014
18:47.6,1,0.022,0.006,1.013
18:47.8,1,0.022,0.005,1.013
18:48.0,1,0.022,0.006,1.013
18:48.2,0,0.022,0.006,1.013
18:48.4,0,0.023,0.007,1.014
18:48.6,0,0.023,0.007,1.016
18:48.8,0,0.023,0.008,1.017
18:49.0,0,0.023,0.007,1.016
18:49.2,0,0.023,0.007,1.016
18:49.4,0,0.023,0.007,1.016
18:49.6,0,0.023,0.007,1.016
18:49.8,0,0.022,0.007,1.016
18:50.0,0,0.023,0.007,1.016
18:50.3,0,0.023,0.007,1.016
18:50.5,0,0.022,0.007,1.016
18:50.7,0,0.022,0.007,1.016
18:50.9,0,0.022,0.007,1.016
18:51.1,0,0.022,0.007,1.016
18:51.3,0,0.022,0.007,1.016
18:51.5,0,0.022,0.007,1.016
18:51.7,0,0.022,0.008,1.015
18:51.9,0,0.022,0.007,1.015
18:52.1,0,0.023,0.007,1.016
18:52.3,0,0.023,0.007,1.016
18:52.5,0,0.023,0.007,1.016
18:52.7,0,0.023,0.007,1.016
18:52.9,0,0.023,0.007,1.016
18:53.1,0,0.023,0.007,1.016
18:53.3,0,0.023,0.007,1.016
18:53.5,0,0.023,0.007,1.015
18:53.7,0,0.023,0.007,1.015
18:53.9,0,0.023,0.007,1.016
18:54.1,0,0.022,0.007,1.015
18:54.3,0,0.023,0.006,1.015
18:54.5,0,0.023,0.006,1.015
18:54.7,0,0.023,0.006,1.015
18:54.9,0,0.023,0.006,1.014
18:55.1,0,0.023,0.006,1.014
18:55.3,0,0.022,0.007,1.015
18:55.5,0,0.022,0.007,1.015
18:55.7,0,0.022,0.007,1.015
18:55.9,0,0.023,0.008,1.016
18:56.1,0,0.022,0.008,1.016
18:56.3,0,0.022,0.007,1.017
18:56.5,0,0.022,0.008,1.016
18:56.7,0,0.022,0.007,1.016
18:56.9,0,0.022,0.007,1.016
18:57.1,0,0.022,0.007,1.017
18:57.4,0,0.023,0.008,1.017
18:57.6,0,0.022,0.007,1.016
18:57.8,0,0.022,0.007,1.016
18:58.0,0,0.023,0.007,1.016
18:58.2,0,0.022,0.006,1.016
18:58.4,0,0.022,0.007,1.016
18:58.6,0,0.022,0.008,1.016
18:58.8,0,0.022,0.007,1.016
18:59.0,0,0.022,0.007,1.015
18:59.2,0,0.022,0.007,1.015
18:59.4,0,0.022,0.007,1.015
18:59.6,0,0.023,0.007,1.015
18:59.8,0,0.023,0.007,1.015
19:00.0,0,0.023,0.007,1.016
19:00.2,0,0.023,0.008,1.016
19:00.4,0,0.023,0.008,1.016
19:00.6,0,0.023,0.006,1.016
19:00.8,0,0.023,0.007,1.015
19:01.0,0,0.022,0.006,1.015
19:01.2,0,0.023,0.006,1.016
19:01.4,0,0.023,0.006,1.016
19:01.6,0,0.023,0.006,1.016
19:01.8,0,0.023,0.006,1.016
19:02.0,0,0.023,0.007,1.017
19:02.2,0,0.023,0.007,1.016
19:02.4,0,0.023,0.007,1.016
19:02.6,0,0.023,0.007,1.016
19:02.8,0,0.023,0.007,1.016
19:03.0,0,0.023,0.007,1.016
19:03.2,0,0.023,0.007,1.016
19:03.4,0,0.023,0.007,1.016
19:03.6,0,0.023,0.007,1.016
19:03.8,0,0.023,0.007,1.016
19:04.0,0,0.023,0.007,1.015
19:04.2,1,0.023,0.007,1.015
19:04.4,1,0.023,0.007,1.016
19:04.6,1,0.023,0.007,1.015
19:04.8,1,0.023,0.007,1.016
19:05.1,1,0.023,0.008,1.016
19:05.3,1,0.023,0.008,1.017
19:05.5,0,0.023,0.008,1.017
19:05.7,0,0.023,0.007,1.017
19:05.9,0,0.023,0.007,1.016
19:06.1,0,0.023,0.007,1.016
19:06.3,0,0.023,0.007,1.016
19:06.5,0,0.023,0.007,1.016
19:06.7,0,0.023,0.007,1.016
19:06.9,0,0.023,0.007,1.016
19:07.1,0,0.022,0.008,1.016
19:07.3,0,0.022,0.007,1.016
19:07.5,0,0.022,0.007,1.016
19:07.7,0,0.022,0.007,1.016
19:07.9,0,0.022,0.007,1.016
19:08.1,0,0.022,0.007,1.016
19:08.3,0,0.022,0.007,1.016
19:08.5,0,0.022,0.007,1.016
19:08.7,0,0.022,0.006,1.015
19:08.9,0,0.022,0.007,1.014
19:09.1,0,0.022,0.007,1.015
19:09.3,0,0.023,0.007,1.015
19:09.5,0,0.023,0.008,1.015
19:09.7,0,0.023,0.008,1.016
19:09.9,0,0.023,0.008,1.016
19:10.1,0,0.023,0.008,1.016
19:10.3,0,0.023,0.007,1.016
19:10.5,0,0.023,0.007,1.016
19:10.7,0,0.023,0.007,1.016
19:10.9,0,0.022,0.007,1.016
19:11.1,0,0.022,0.006,1.016
19:11.3,0,0.022,0.007,1.016
19:11.5,0,0.022,0.007,1.016
19:11.7,0,0.023,0.007,1.016
19:11.9,0,0.023,0.007,1.016
19:12.1,0,0.023,0.008,1.016
19:12.4,0,0.023,0.008,1.016
19:12.6,0,0.023,0.007,1.016
19:12.8,0,0.023,0.007,1.016
19:13.0,0,0.023,0.008,1.016
19:13.2,0,0.022,0.007,1.016
19:13.4,0,0.022,0.007,1.016
19:13.6,0,0.022,0.007,1.016
19:13.8,0,0.022,0.006,1.015
19:14.0,0,0.022,0.006,1.015
19:14.2,0,0.023,0.007,1.016
19:14.4,0,0.023,0.006,1.015
19:14.6,0,0.022,0.006,1.015
19:14.8,1,0.022,0.007,1.016
19:15.0,1,0.022,0.007,1.015
19:15.2,1,0.023,0.007,1.015
19:15.4,1,0.022,0.006,1.014
19:15.6,1,0.024,0.006,1.012
19:15.8,1,0.023,0.007,1.015
19:16.0,0,0.023,0.006,1.015
19:16.2,0,0.023,0.006,1.015
19:16.4,0,0.023,0.007,1.016
19:16.6,0,0.021,0.008,1.018
19:16.8,0,0.022,0.006,1.015
19:17.0,0,0.022,0.007,1.016
19:17.2,0,0.021,0.007,1.016
19:17.4,0,0.022,0.006,1.015
19:17.6,0,0.022,0.006,1.014
19:17.8,0,0.022,0.007,1.016
19:18.0,0,0.022,0.006,1.016
19:18.2,0,0.022,0.005,1.015
19:18.4,0,0.022,0.005,1.015
19:18.6,0,0.022,0.005,1.017
19:18.8,0,0.022,0.004,1.015
19:19.0,0,0.022,0.006,1.015
19:19.3,0,0.022,0.007,1.017
19:19.5,0,0.022,0.006,1.017
19:19.7,0,0.022,0.007,1.016
19:19.9,0,0.022,0.007,1.016
19:20.1,0,0.022,0.006,1.016
19:20.3,0,0.022,0.006,1.016
19:20.5,0,0.022,0.006,1.016
19:20.7,0,0.022,0.006,1.016
19:20.9,0,0.022,0.007,1.016
19:21.1,0,0.022,0.007,1.016
19:21.3,0,0.022,0.007,1.017
19:21.5,0,0.022,0.007,1.017
19:21.7,0,0.022,0.007,1.017
19:21.9,0,0.022,0.007,1.017
19:22.1,0,0.022,0.007,1.016
19:22.3,0,0.022,0.006,1.016
19:22.5,0,0.022,0.006,1.016
19:22.7,0,0.022,0.006,1.016
19:22.9,0,0.022,0.006,1.016
19:23.1,0,0.022,0.006,1.016
19:23.3,0,0.022,0.006,1.016
19:23.5,0,0.022,0.007,1.016
19:23.7,0,0.022,0.006,1.016
19:23.9,0,0.022,0.006,1.016
19:24.1,0,0.021,0.006,1.016
19:24.3,0,0.022,0.006,1.016
19:24.5,0,0.022,0.006,1.016
19:24.7,0,0.022,0.006,1.016
19:24.9,0,0.022,0.006,1.016
19:25.1,0,0.021,0.005,1.016
19:25.3,0,0.022,0.006,1.016
19:25.5,0,0.022,0.006,1.016
19:25.7,0,0.022,0.006,1.016
19:25.9,0,0.022,0.006,1.016
19:26.1,0,0.022,0.007,1.016
19:26.4,0,0.022,0.006,1.016
19:26.6,0,0.022,0.006,1.016
19:26.8,0,0.022,0.006,1.016
19:27.0,0,0.022,0.006,1.016
19:27.2,0,0.022,0.006,1.016
19:27.4,0,0.022,0.007,1.016
19:27.6,0,0.022,0.007,1.016
19:27.8,0,0.023,0.008,1.016
19:28.0,0,0.023,0.008,1.015
19:28.2,1,0.023,0.008,1.015
19:28.4,1,0.023,0.008,1.015
19:28.6,1,0.023,0.008,1.015
19:28.8,1,0.023,0.007,1.015
19:29.0,1,0.023,0.007,1.016
19:29.2,0,0.023,0.007,1.016
19:29.4,0,0.023,0.007,1.016
19:29.6,0,0.023,0.007,1.016
19:29.8,0,0.023,0.007,1.016
19:30.0,0,0.023,0.007,1.016
19:30.2,0,0.023,0.007,1.016
19:30.4,0,0.023,0.007,1.016
19:30.6,0,0.022,0.007,1.016
19:30.8,0,0.022,0.007,1.017
19:31.0,0,0.022,0.008,1.017
19:31.2,0,0.023,0.008,1.017
19:31.4,0,0.022,0.007,1.017
19:31.6,0,0.023,0.007,1.017
19:31.8,0,0.023,0.007,1.016
19:32.0,0,0.023,0.007,1.016
19:32.2,0,0.023,0.007,1.016
19:32.4,0,0.023,0.007,1.016
19:32.6,0,0.023,0.007,1.017
19:32.8,0,0.022,0.007,1.017
19:33.0,0,0.022,0.007,1.017
19:33.2,0,0.023,0.007,1.016
19:33.5,0,0.022,0.007,1.016
19:33.7,0,0.023,0.007,1.016
19:33.9,0,0.023,0.007,1.016
19:34.1,0,0.023,0.007,1.016
19:34.3,0,0.023,0.007,1.016
19:34.5,0,0.023,0.007,1.016
19:34.7,0,0.023,0.007,1.016
19:34.9,0,0.022,0.007,1.016
19:35.1,0,0.022,0.007,1.016
19:35.3,0,0.022,0.007,1.016
19:35.5,0,0.022,0.007,1.016
19:35.7,0,0.022,0.007,1.016
19:35.9,0,0.022,0.007,1.017
19:36.1,0,0.022,0.007,1.017
19:36.3,0,0.022,0.007,1.017
19:36.5,0,0.022,0.007,1.016
19:36.7,0,0.022,0.007,1.017
19:36.9,0,0.022,0.007,1.016
19:37.1,0,0.023,0.006,1.015
19:37.3,0,0.023,0.007,1.016
19:37.5,0,0.023,0.007,1.017
19:37.7,0,0.023,0.007,1.017
19:37.9,0,0.023,0.007,1.016
19:38.1,0,0.022,0.007,1.017
19:38.3,0,0.022,0.006,1.017
19:38.5,0,0.022,0.007,1.017
19:38.7,0,0.022,0.006,1.017
19:38.9,0,0.022,0.007,1.017
19:39.1,0,0.023,0.008,1.018
19:39.3,1,0.023,0.008,1.017
19:39.5,1,0.023,0.007,1.016
19:39.7,1,0.023,0.007,1.016
19:39.9,1,0.022,0.007,1.016
19:40.1,1,0.022,0.006,1.016
19:40.3,1,0.022,0.007,1.016
19:40.6,0,0.022,0.007,1.016
19:40.8,0,0.021,0.006,1.017
19:41.0,0,0.022,0.007,1.016
19:41.2,0,0.022,0.007,1.016
19:41.4,0,0.022,0.006,1.016
19:41.6,0,0.022,0.006,1.016
19:41.8,0,0.022,0.007,1.016
19:42.0,0,0.022,0.006,1.015
19:42.2,0,0.022,0.007,1.015
19:42.4,0,0.022,0.006,1.016
19:42.6,0,0.022,0.006,1.015
19:42.8,0,0.023,0.006,1.015
19:43.0,0,0.023,0.006,1.015
19:43.2,0,0.023,0.006,1.015
19:43.4,0,0.023,0.006,1.015
19:43.6,0,0.023,0.006,1.016
19:43.8,0,0.023,0.006,1.016
19:44.0,0,0.023,0.006,1.016
19:44.2,1,0.022,0.006,1.016
19:44.4,1,0.022,0.006,1.016
19:44.6,1,0.023,0.006,1.016
19:44.8,1,0.022,0.007,1.016
19:45.0,1,0.022,0.006,1.016
19:45.2,0,0.022,0.006,1.016
19:45.4,0,0.023,0.007,1.016
19:45.6,0,0.022,0.007,1.016
19:45.8,0,0.023,0.007,1.016
19:46.0,0,0.023,0.007,1.016
19:46.2,0,0.023,0.007,1.017
19:46.4,0,0.022,0.007,1.016
19:46.6,0,0.022,0.007,1.016
19:46.8,0,0.022,0.006,1.016
19:47.0,0,0.022,0.006,1.016
19:47.2,0,0.022,0.006,1.015
19:47.4,0,0.022,0.006,1.015
19:47.6,0,0.022,0.006,1.015
19:47.8,0,0.023,0.006,1.015
19:48.0,0,0.022,0.007,1.016
19:48.3,0,0.022,0.007,1.016
19:48.5,0,0.023,0.007,1.016
19:48.7,0,0.022,0.007,1.016
19:48.9,0,0.022,0.006,1.016
19:49.1,0,0.022,0.006,1.016
19:49.3,0,0.022,0.007,1.016
19:49.5,0,0.022,0.007,1.016
19:49.7,0,0.023,0.007,1.016
19:49.9,0,0.023,0.007,1.016
19:50.1,0,0.023,0.007,1.017
19:50.3,0,0.023,0.007,1.016
19:50.5,0,0.023,0.006,1.015
19:50.7,0,0.022,0.007,1.016
19:50.9,0,0.022,0.007,1.015
19:51.1,0,0.022,0.006,1.015
19:51.3,0,0.022,0.007,1.016
19:51.5,0,0.023,0.007,1.016
19:51.7,0,0.023,0.007,1.015
19:51.9,0,0.023,0.007,1.016
19:52.1,0,0.022,0.007,1.016
19:52.3,0,0.022,0.006,1.016
19:52.5,0,0.022,0.006,1.016
19:52.7,0,0.023,0.006,1.016
19:52.9,0,0.023,0.007,1.017
19:53.1,0,0.023,0.007,1.016
19:53.3,0,0.023,0.007,1.016
19:53.5,0,0.023,0.007,1.016
19:53.7,1,0.023,0.007,1.017
19:53.9,1,0.022,0.007,1.018
19:54.1,1,0.022,0.007,1.017
19:54.3,1,0.022,0.007,1.017
19:54.5,1,0.022,0.007,1.018
19:54.7,1,0.022,0.007,1.016
19:54.9,0,0.022,0.007,1.016
19:55.1,0,0.022,0.006,1.016
19:55.4,0,0.022,0.006,1.015
19:55.6,0,0.022,0.007,1.015
19:55.8,0,0.022,0.007,1.015
19:56.0,0,0.022,0.006,1.015
19:56.2,0,0.022,0.007,1.015
19:56.4,0,0.022,0.006,1.016
19:56.6,0,0.022,0.006,1.016
19:56.8,0,0.022,0.006,1.016
19:57.0,0,0.022,0.007,1.015
19:57.2,0,0.022,0.007,1.016
19:57.4,0,0.022,0.007,1.016
19:57.6,0,0.022,0.007,1.016
19:57.8,0,0.022,0.007,1.016
19:58.0,0,0.022,0.007,1.016
19:58.2,0,0.022,0.007,1.017
19:58.4,0,0.022,0.007,1.016
19:58.6,0,0.022,0.007,1.016
19:58.8,0,0.022,0.007,1.016
19:59.0,0,0.022,0.007,1.016
19:59.2,0,0.022,0.006,1.015
19:59.4,0,0.022,0.007,1.015
19:59.6,0,0.022,0.007,1.016
19:59.8,0,0.022,0.006,1.015
20:00.0,0,0.023,0.007,1.015
20:00.2,0,0.022,0.007,1.015
20:00.4,0,0.022,0.006,1.015
20:00.6,0,0.022,0.007,1.015
20:00.8,0,0.022,0.007,1.016
20:01.0,0,0.022,0.006,1.015
20:01.2,0,0.022,0.007,1.015
20:01.4,0,0.022,0.007,1.016
20:01.6,0,0.022,0.007,1.016
20:01.8,0,0.022,0.007,1.016
20:02.0,0,0.022,0.007,1.016
20:02.2,0,0.022,0.007,1.016
20:02.4,0,0.022,0.007,1.016
20:02.6,0,0.022,0.006,1.016
20:02.8,0,0.022,0.006,1.016
20:03.1,0,0.022,0.006,1.016
20:03.3,0,0.022,0.006,1.016
20:03.5,0,0.022,0.006,1.016
20:03.7,0,0.022,0.007,1.016
20:03.9,0,0.022,0.007,1.016
20:04.1,0,0.023,0.007,1.016
20:04.3,0,0.022,0.007,1.016
20:04.5,0,0.022,0.007,1.016
20:04.7,0,0.022,0.007,1.016
20:04.9,0,0.022,0.007,1.016
20:05.1,0,0.022,0.007,1.016
20:05.3,0,0.022,0.007,1.016
20:05.5,0,0.022,0.007,1.016
20:05.7,0,0.022,0.007,1.016
20:05.9,0,0.022,0.007,1.016
20:06.1,0,0.022,0.007,1.016
20:06.3,0,0.022,0.007,1.016
20:06.5,0,0.022,0.007,1.016
20:06.7,0,0.022,0.007,1.016
20:06.9,0,0.023,0.007,1.016
20:07.1,0,0.023,0.007,1.016
20:07.3,0,0.022,0.007,1.016
20:07.5,0,0.022,0.007,1.016
20:07.7,0,0.022,0.007,1.016
20:07.9,0,0.022,0.007,1.016
20:08.1,0,0.022,0.006,1.015
20:08.3,1,0.022,0.007,1.016
20:08.5,1,0.022,0.007,1.016
20:08.7,1,0.022,0.007,1.016
20:08.9,1,0.022,0.006,1.016
20:09.1,1,0.022,0.007,1.016
20:09.3,0,0.022,0.006,1.016
20:09.5,0,0.022,0.006,1.017
20:09.7,0,0.022,0.006,1.017
20:09.9,0,0.022,0.007,1.017
20:10.1,0,0.022,0.007,1.017
20:10.4,0,0.022,0.007,1.017
20:10.6,0,0.022,0.007,1.016
20:10.8,0,0.023,0.007,1.016
20:11.0,0,0.023,0.007,1.016
20:11.2,0,0.023,0.006,1.015
20:11.4,0,0.023,0.007,1.013
20:11.6,0,0.023,0.007,1.015
20:11.8,0,0.023,0.007,1.015
20:12.0,0,0.023,0.007,1.015
20:12.2,0,0.023,0.007,1.016
20:12.4,0,0.022,0.007,1.018
20:12.6,0,0.023,0.007,1.016
20:12.8,0,0.023,0.007,1.015
20:13.0,0,0.023,0.007,1.016
20:13.2,0,0.023,0.008,1.016
20:13.4,1,0.023,0.007,1.014
20:13.6,1,0.022,0.006,1.014
20:13.8,1,0.022,0.006,1.015
20:14.0,1,0.022,0.006,1.015
20:14.2,1,0.022,0.006,1.015
20:14.4,1,0.022,0.006,1.017
20:14.6,0,0.023,0.008,1.018
20:14.8,0,0.023,0.007,1.017
20:15.0,0,0.023,0.007,1.017
20:15.2,0,0.023,0.007,1.017
20:15.4,0,0.023,0.007,1.016
20:15.6,0,0.023,0.007,1.015
20:15.8,0,0.023,0.007,1.016
20:16.0,0,0.022,0.006,1.016
20:16.2,0,0.022,0.006,1.016
20:16.4,0,0.022,0.007,1.016
20:16.6,0,0.022,0.006,1.016
20:16.8,0,0.022,0.007,1.017
20:17.0,0,0.022,0.008,1.016
20:17.2,0,0.023,0.007,1.016
20:17.4,0,0.023,0.007,1.016
20:17.6,0,0.023,0.007,1.016
20:17.9,0,0.023,0.007,1.015
20:18.1,0,0.023,0.007,1.016
20:18.3,0,0.023,0.007,1.016
20:18.5,0,0.023,0.007,1.016
20:18.7,0,0.022,0.007,1.016
20:18.9,0,0.022,0.007,1.016
20:19.1,0,0.022,0.007,1.016
20:19.3,0,0.022,0.007,1.017
20:19.5,0,0.022,0.007,1.017
20:19.7,0,0.022,0.006,1.016
20:19.9,0,0.023,0.006,1.016
20:20.1,0,0.023,0.006,1.016
20:20.3,0,0.022,0.007,1.016
20:20.5,0,0.022,0.006,1.016
20:20.7,0,0.022,0.007,1.016
20:20.9,0,0.023,0.007,1.016
20:21.1,0,0.023,0.007,1.016
20:21.3,0,0.023,0.007,1.016
20:21.5,0,0.023,0.007,1.016
20:21.7,0,0.022,0.007,1.016
20:21.9,0,0.022,0.007,1.016
20:22.1,0,0.023,0.007,1.016
20:22.3,0,0.023,0.007,1.016
20:22.5,0,0.023,0.007,1.016
20:22.7,0,0.023,0.006,1.016
20:22.9,0,0.023,0.007,1.016
20:23.1,0,0.023,0.007,1.017
20:23.3,0,0.023,0.007,1.017
20:23.5,0,0.023,0.007,1.016
20:23.7,0,0.023,0.007,1.016
20:23.9,0,0.023,0.007,1.017
20:24.1,0,0.023,0.007,1.017
20:24.3,0,0.023,0.006,1.016
20:24.5,0,0.023,0.006,1.017
20:24.7,0,0.023,0.007,1.017
20:25.0,0,0.022,0.006,1.016
20:25.2,0,0.022,0.006,1.016
20:25.4,0,0.022,0.007,1.016
20:25.6,0,0.022,0.007,1.016
20:25.8,0,0.022,0.007,1.016
20:26.0,0,0.023,0.007,1.016
20:26.2,0,0.022,0.007,1.016
20:26.4,0,0.022,0.007,1.016
20:26.6,0,0.022,0.007,1.016
20:26.8,0,0.022,0.007,1.016
20:27.0,0,0.023,0.007,1.016
20:27.2,0,0.023,0.007,1.016
20:27.4,0,0.023,0.007,1.017
20:27.6,0,0.023,0.007,1.016
20:27.8,0,0.023,0.007,1.016
20:28.0,0,0.022,0.007,1.016
20:28.2,0,0.022,0.007,1.016
20:28.4,0,0.023,0.007,1.016
20:28.6,0,0.023,0.007,1.016
20:28.8,0,0.023,0.007,1.016
20:29.0,0,0.023,0.007,1.016
20:29.2,0,0.023,0.007,1.016
20:29.4,0,0.023,0.006,1.016
20:29.6,0,0.022,0.006,1.016
20:29.8,0,0.023,0.006,1.016
20:30.0,0,0.023,0.007,1.016
20:30.2,0,0.023,0.007,1.016
20:30.4,0,0.023,0.007,1.016
20:30.6,0,0.023,0.007,1.016
20:30.8,0,0.023,0.007,1.017
20:31.0,0,0.023,0.007,1.017
20:31.2,0,0.022,0.007,1.017
20:31.4,0,0.022,0.007,1.016
20:31.6,0,0.023,0.007,1.016
20:31.8,0,0.022,0.007,1.016
20:32.0,0,0.022,0.007,1.016
20:32.2,0,0.022,0.007,1.015
20:32.5,0,0.023,0.007,1.015
20:32.7,0,0.023,0.007,1.015
20:32.9,0,0.023,0.007,1.016
20:33.1,0,0.023,0.007,1.016
20:33.3,0,0.023,0.007,1.016
20:33.5,0,0.023,0.007,1.016
20:33.7,0,0.023,0.006,1.016
20:33.9,0,0.023,0.006,1.016
20:34.1,0,0.022,0.006,1.016
20:34.3,0,0.023,0.006,1.016
20:34.5,0,0.023,0.006,1.016
20:34.7,0,0.022,0.007,1.016
20:34.9,0,0.023,0.007,1.016
20:35.1,0,0.023,0.007,1.016
20:35.3,0,0.023,0.007,1.016
20:35.5,0,0.023,0.007,1.016
20:35.7,0,0.023,0.007,1.016
20:35.9,0,0.023,0.007,1.016
20:36.1,0,0.022,0.006,1.016
20:36.3,1,0.022,0.006,1.015
20:36.5,1,0.022,0.006,1.016
20:36.7,1,0.022,0.006,1.016
20:36.9,1,0.022,0.006,1.016
20:37.1,1,0.022,0.007,1.015
20:37.3,0,0.023,0.007,1.016
20:37.5,0,0.023,0.007,1.016
20:37.7,0,0.023,0.007,1.015
20:37.9,0,0.023,0.007,1.016
20:38.1,0,0.022,0.007,1.016
20:38.3,0,0.022,0.006,1.016
20:38.5,0,0.023,0.006,1.016
20:38.7,0,0.022,0.006,1.016
20:38.9,0,0.023,0.006,1.016
20:39.1,0,0.023,0.007,1.015
20:39.3,0,0.023,0.007,1.016
20:39.5,0,0.022,0.007,1.016
20:39.7,0,0.023,0.007,1.016
20:40.0,0,0.022,0.007,1.016
20:40.2,0,0.022,0.007,1.016
20:40.4,0,0.022,0.007,1.016
20:40.6,0,0.022,0.007,1.016
20:40.8,0,0.023,0.007,1.016
20:41.0,0,0.023,0.007,1.016
20:41.2,0,0.023,0.007,1.016
20:41.4,0,0.023,0.007,1.016
20:41.6,0,0.023,0.007,1.016
20:41.8,0,0.023,0.006,1.016
20:42.0,0,0.023,0.006,1.016
20:42.2,0,0.023,0.007,1.016
20:42.4,0,0.023,0.006,1.016
20:42.6,0,0.023,0.007,1.016
20:42.8,0,0.023,0.007,1.016
20:43.0,0,0.023,0.007,1.016
20:43.2,0,0.023,0.007,1.016
20:43.4,0,0.023,0.007,1.017
20:43.6,0,0.023,0.007,1.016
20:43.8,0,0.023,0.007,1.016
20:44.0,0,0.023,0.007,1.016
20:44.2,0,0.022,0.007,1.016
20:44.4,0,0.022,0.007,1.016
20:44.6,0,0.022,0.007,1.016
20:44.8,0,0.022,0.007,1.016
20:45.0,0,0.022,0.006,1.015
20:45.2,0,0.023,0.007,1.015
20:45.4,0,0.023,0.007,1.015
20:45.6,0,0.023,0.007,1.015
20:45.8,0,0.023,0.007,1.015
20:46.0,0,0.022,0.007,1.015
20:46.2,0,0.022,0.007,1.016
20:46.4,0,0.022,0.007,1.016
20:46.6,0,0.022,0.007,1.016
20:46.8,0,0.022,0.007,1.016
20:47.0,0,0.023,0.007,1.016
20:47.3,0,0.023,0.007,1.016
20:47.5,0,0.023,0.007,1.016
20:47.7,0,0.023,0.007,1.016
20:47.9,0,0.023,0.007,1.016
20:48.1,0,0.023,0.007,1.016
20:48.3,0,0.023,0.007,1.016
20:48.5,0,0.023,0.006,1.016
20:48.7,0,0.023,0.007,1.016
20:48.9,0,0.023,0.007,1.016
20:49.1,0,0.023,0.007,1.016
20:49.3,0,0.023,0.007,1.016
20:49.5,0,0.023,0.007,1.016
20:49.7,0,0.023,0.07,1.016
20:49.9,0,0.023,0.007,1.016
20:50.1,0,0.023,0.007,1.016
20:50.3,0,0.023,0.007,1.016
20:50.5,0,0.023,0.007,1.016
20:50.7,0,0.023,0.007,1.016
20:50.9,0,0.022,0.006,1.015
20:51.1,0,0.022,0.006,1.015
20:51.3,0,0.023,0.007,1.016
20:51.6,0,0.022,0.006,1.015
20:51.8,0,0.022,0.006,1.015
20:52.0,0,0.023,0.007,1.015
20:52.2,0,0.023,0.007,1.015
20:52.4,0,0.023,0.006,1.014
20:52.6,0,0.023,0.007,1.015
20:52.8,0,0.023,0.006,1.014
20:53.0,0,0.023,0.006,1.015
20:53.2,1,0.023,0.006,1.015
20:53.4,1,0.023,0.007,1.016
20:53.6,1,0.023,0.007,1.016
20:53.8,1,0.022,0.006,1.016
20:54.0,1,0.022,0.007,1.017
20:54.2,1,0.023,0.007,1.016
20:54.4,0,0.022,0.007,1.016
20:54.6,0,0.022,0.007,1.016
20:54.8,0,0.022,0.007,1.016
20:55.0,0,0.022,0.007,1.015
20:55.2,0,0.022,0.006,1.016
20:55.4,0,0.022,0.007,1.016
20:55.6,0,0.022,0.007,1.016
20:55.8,0,0.022,0.007,1.016
20:56.0,0,0.022,0.007,1.016
20:56.2,0,0.023,0.008,1.011
20:56.4,0,0.023,0.008,1.012
20:56.6,0,0.023,0.007,1.012
20:56.8,0,0.023,0.007,1.011
20:57.0,0,0.024,0.007,1.012
20:57.2,0,0.023,0.007,1.017
20:57.4,0,0.023,0.006,1.016
20:57.6,0,0.023,0.007,1.016
20:57.8,1,0.023,0.007,1.017
20:58.0,1,0.023,0.006,1.016
20:58.2,1,0.023,0.007,1.016
20:58.4,1,0.023,0.007,1.016
20:58.7,1,0.022,0.006,1.016
20:58.9,0,0.023,0.006,1.016
20:59.1,0,0.022,0.006,1.015
20:59.3,0,0.022,0.006,1.015
20:59.5,0,0.022,0.007,1.015
20:59.7,0,0.023,0.007,1.015
20:59.9,0,0.023,0.008,1.016
21:00.1,0,0.023,0.008,1.016
21:00.3,0,0.023,0.007,1.016
21:00.5,0,0.023,0.007,1.016
21:00.7,0,0.023,0.008,1.016
21:00.9,0,0.022,0.007,1.016
21:01.1,0,0.022,0.007,1.016
21:01.3,0,0.022,0.007,1.016
21:01.5,0,0.022,0.007,1.016
21:01.7,0,0.022,0.006,1.015
21:01.9,0,0.022,0.007,1.015
21:02.1,0,0.022,0.007,1.015
21:02.3,0,0.022,0.007,1.015
21:02.5,0,0.023,0.007,1.015
21:02.7,0,0.023,0.007,1.016
21:02.9,0,0.023,0.006,1.016
21:03.1,0,0.023,0.007,1.016
21:03.3,0,0.023,0.007,1.017
21:03.5,0,0.023,0.007,1.017
21:03.7,0,0.023,0.007,1.017
21:03.9,0,0.023,0.007,1.017
21:04.1,0,0.022,0.007,1.017
21:04.3,0,0.023,0.007,1.016
21:04.5,0,0.023,0.007,1.017
21:04.7,0,0.022,0.006,1.017
21:04.9,0,0.022,0.006,1.016
21:05.1,0,0.023,0.007,1.016
21:05.3,0,0.022,0.007,1.016
21:05.5,0,0.023,0.007,1.016
21:05.7,0,0.023,0.007,1.016
21:05.9,0,0.023,0.008,1.017
21:06.2,0,0.022,0.007,1.017
21:06.4,0,0.023,0.006,1.016
21:06.6,0,0.023,0.007,1.016
21:06.8,0,0.023,0.006,1.016
21:07.0,0,0.023,0.006,1.015
21:07.2,0,0.023,0.007,1.016
21:07.4,0,0.022,0.007,1.016
21:07.6,0,0.022,0.006,1.016
21:07.8,0,0.022,0.007,1.016
21:08.0,0,0.022,0.006,1.016
21:08.2,0,0.022,0.006,1.016
21:08.4,0,0.023,0.007,1.016
21:08.6,0,0.023,0.007,1.015
21:08.8,0,0.023,0.007,1.016
21:09.0,0,0.023,0.008,1.016
21:09.2,0,0.023,0.007,1.016
21:09.4,0,0.023,0.007,1.015
21:09.6,0,0.023,0.007,1.015
21:09.8,0,0.023,0.007,1.015
21:10.0,0,0.023,0.007,1.016
21:10.2,0,0.023,0.007,1.016
21:10.4,0,0.023,0.007,1.016
21:10.6,0,0.022,0.007,1.016
21:10.8,0,0.022,0.007,1.016
21:11.0,0,0.022,0.007,1.016
21:11.2,0,0.022,0.007,1.016
21:11.4,0,0.022,0.006,1.016
21:11.6,0,0.023,0.007,1.016
21:11.8,0,0.023,0.007,1.016
21:12.0,0,0.023,0.007,1.016
21:12.2,0,0.023,0.007,1.016
21:12.4,0,0.023,0.007,1.016
21:12.6,0,0.023,0.007,1.016
21:12.8,0,0.022,0.007,1.016
21:13.0,0,0.022,0.006,1.016
21:13.2,0,0.022,0.006,1.016
21:13.5,0,0.022,0.006,1.016
21:13.7,0,0.022,0.006,1.016
21:13.9,0,0.023,0.006,1.016
21:14.1,0,0.022,0.006,1.016
21:14.3,0,0.023,0.005,1.013
21:14.5,0,0.023,0.006,1.012
21:14.7,0,0.023,0.006,1.013
21:14.9,0,0.023,0.006,1.013
21:15.1,0,0.023,0.006,1.012
21:15.3,0,0.023,0.007,1.015
21:15.5,0,0.022,0.007,1.016
21:15.7,0,0.023,0.007,1.015
21:15.9,0,0.023,0.006,1.015
21:16.1,0,0.022,0.006,1.015
21:16.3,0,0.023,0.006,1.015
21:16.5,0,0.023,0.007,1.015
21:16.7,0,0.023,0.007,1.015
21:16.9,0,0.023,0.007,1.016
21:17.1,0,0.023,0.007,1.016
21:17.3,0,0.023,0.007,1.016
21:17.5,0,0.023,0.007,1.016
21:17.7,0,0.023,0.007,1.017
21:17.9,0,0.023,0.007,1.017
21:18.1,0,0.023,0.007,1.017
21:18.3,0,0.023,0.007,1.016
21:18.5,0,0.023,0.007,1.016
21:18.7,0,0.023,0.007,1.016
21:18.9,0,0.023,0.007,1.016
21:19.1,0,0.023,0.007,1.016
21:19.3,0,0.023,0.007,1.016
21:19.5,0,0.022,0.007,1.016
21:19.7,0,0.022,0.007,1.016
21:19.9,0,0.023,0.007,1.016
21:20.1,0,0.023,0.007,1.016
21:20.3,0,0.023,0.007,1.016
21:20.5,0,0.023,0.007,1.016
21:20.8,0,0.023,0.007,1.015
21:21.0,1,0.023,0.007,1.016
21:21.2,1,0.023,0.007,1.016
21:21.4,1,0.023,0.007,1.016
21:21.6,1,0.022,0.007,1.017
21:21.8,1,0.023,0.007,1.018
21:22.0,1,0.022,0.007,1.018
21:22.2,0,0.022,0.006,1.017
21:22.4,0,0.022,0.006,1.018
21:22.6,0,0.023,0.007,1.018
21:22.8,0,0.022,0.007,1.018
21:23.0,0,0.022,0.007,1.018
21:23.2,0,0.023,0.007,1.018
21:23.4,0,0.022,0.007,1.017
21:23.6,0,0.022,0.007,1.016
21:23.8,0,0.022,0.006,1.015
21:24.0,0,0.022,0.006,1.015
21:24.2,0,0.022,0.007,1.015
21:24.4,0,0.022,0.006,1.016
21:24.6,0,0.023,0.007,1.016
21:24.8,0,0.023,0.007,1.017
21:25.0,0,0.022,0.007,1.017
21:25.2,0,0.022,0.006,1.017
21:25.4,0,0.022,0.006,1.017
21:25.6,0,0.022,0.006,1.016
21:25.8,0,0.022,0.006,1.016
21:26.0,0,0.022,0.007,1.016
21:26.2,0,0.022,0.007,1.016
21:26.4,0,0.022,0.007,1.016
21:26.6,0,0.022,0.007,1.016
21:26.8,0,0.022,0.007,1.016
21:27.0,0,0.023,0.007,1.015
21:27.2,0,0.023,0.007,1.015
21:27.4,0,0.023,0.007,1.015
21:27.6,0,0.022,0.007,1.015
21:27.8,0,0.023,0.007,1.015
21:28.1,0,0.023,0.007,1.016
21:28.3,0,0.023,0.007,1.016
21:28.5,0,0.023,0.007,1.017
21:28.7,0,0.023,0.006,1.016
21:28.9,0,0.023,0.006,1.016
21:29.1,0,0.023,0.006,1.016
21:29.3,0,0.023,0.006,1.016
21:29.5,0,0.023,0.006,1.015
21:29.7,0,0.023,0.006,1.016
21:29.9,0,0.022,0.007,1.016
21:30.1,0,0.022,0.006,1.015
21:30.3,0,0.023,0.006,1.015
21:30.5,0,0.023,0.007,1.016
21:30.7,0,0.023,0.007,1.016
21:30.9,0,0.023,0.007,1.016
21:31.1,0,0.023,0.008,1.017
21:31.3,0,0.023,0.007,1.017
21:31.5,0,0.022,0.007,1.016
21:31.7,0,0.022,0.007,1.016
21:31.9,0,0.022,0.007,1.016
21:32.1,0,0.022,0.006,1.016
21:32.3,0,0.022,0.006,1.017
21:32.5,0,0.023,0.007,1.016
21:32.7,0,0.023,0.007,1.016
21:32.9,0,0.023,0.007,1.016
21:33.1,0,0.022,0.007,1.016
21:33.3,0,0.023,0.007,1.016
21:33.5,0,0.022,0.007,1.016
21:33.7,0,0.023,0.007,1.016
21:33.9,0,0.023,0.007,1.016
21:34.1,0,0.023,0.007,1.016
21:34.3,0,0.023,0.007,1.016
21:34.5,0,0.022,0.007,1.016
21:34.7,0,0.022,0.007,1.016
21:34.9,0,0.023,0.007,1.016
21:35.1,0,0.023,0.006,1.016
21:35.3,0,0.023,0.007,1.016
21:35.5,0,0.023,0.006,1.016
21:35.7,0,0.023,0.007,1.016
21:36.0,0,0.023,0.006,1.015
21:36.2,0,0.023,0.007,1.016
21:36.4,0,0.022,0.007,1.017
21:36.6,0,0.022,0.007,1.016
21:36.8,0,0.022,0.007,1.016
21:37.0,0,0.022,0.007,1.017
21:37.2,0,0.022,0.007,1.015
21:37.4,0,0.023,0.007,1.015
21:37.6,0,0.023,0.007,1.015
21:37.8,0,0.023,0.007,1.015
21:38.0,0,0.023,0.007,1.015
21:38.2,0,0.023,0.007,1.016
21:38.4,0,0.023,0.007,1.016
21:38.6,0,0.023,0.007,1.016
21:38.8,0,0.023,0.007,1.016
21:39.0,0,0.023,0.007,1.016
21:39.2,1,0.023,0.007,1.016
21:39.4,1,0.023,0.007,1.016
21:39.6,1,0.023,0.007,1.016
21:39.8,1,0.023,0.007,1.016
21:40.0,1,0.023,0.007,1.016
21:40.2,0,0.023,0.007,1.016
21:40.4,0,0.023,0.007,1.016
21:40.6,0,0.022,0.007,1.016
21:40.8,0,0.023,0.007,1.016
21:41.0,0,0.023,0.007,1.017
21:41.2,0,0.023,0.007,1.016
21:41.4,0,0.023,0.007,1.016
21:41.6,0,0.023,0.007,1.016
21:41.8,0,0.023,0.007,1.016
21:42.0,0,0.023,0.007,1.015
21:42.2,0,0.023,0.007,1.015
21:42.4,0,0.023,0.008,1.015
21:42.6,0,0.023,0.007,1.016
21:42.8,0,0.023,0.007,1.016
21:43.0,0,0.023,0.007,1.016
21:43.2,0,0.023,0.007,1.016
21:43.4,0,0.023,0.007,1.016
21:43.7,0,0.023,0.007,1.016
21:43.9,0,0.023,0.007,1.017
21:44.1,0,0.023,0.007,1.016
21:44.3,0,0.023,0.007,1.016
21:44.5,0,0.023,0.007,1.016
21:44.7,0,0.022,0.007,1.016
21:44.9,0,0.022,0.007,1.016
21:45.1,0,0.022,0.007,1.016
21:45.3,0,0.022,0.007,1.016
21:45.5,0,0.022,0.007,1.016
21:45.7,0,0.023,0.007,1.016
21:45.9,0,0.023,0.007,1.016
21:46.1,0,0.023,0.007,1.016
21:46.3,0,0.023,0.007,1.015
21:46.5,0,0.023,0.007,1.015
21:46.7,0,0.022,0.007,1.015
21:46.9,0,0.022,0.007,1.015
21:47.1,0,0.022,0.007,1.016
21:47.3,0,0.023,0.007,1.016
21:47.5,0,0.023,0.007,1.016
21:47.7,0,0.023,0.007,1.016
21:47.9,0,0.023,0.007,1.016
21:48.1,0,0.023,0.007,1.016
21:48.3,0,0.023,0.007,1.016
21:48.5,0,0.023,0.007,1.016
21:48.7,0,0.023,0.007,1.016
21:48.9,0,0.023,0.006,1.015
21:49.1,0,0.023,0.007,1.016
21:49.3,0,0.023,0.006,1.016
21:49.5,0,0.023,0.006,1.016
21:49.7,0,0.023,0.006,1.016
21:49.9,0,0.023,0.007,1.016
21:50.1,0,0.023,0.007,1.016
21:50.3,0,0.023,0.007,1.016
21:50.5,0,0.023,0.007,1.016
21:50.8,0,0.023,0.007,1.016
21:51.0,0,0.023,0.007,1.016
21:51.2,0,0.023,0.007,1.016
21:51.4,0,0.023,0.007,1.016
21:51.6,0,0.022,0.007,1.016
21:51.8,0,0.023,0.006,1.016
21:52.0,0,0.022,0.006,1.016
21:52.2,0,0.023,0.007,1.016
21:52.4,0,0.023,0.007,1.016
21:52.6,0,0.023,0.007,1.016
21:52.8,0,0.023,0.007,1.016
21:53.0,1,0.023,0.007,1.017
21:53.2,1,0.023,0.007,1.015
21:53.4,1,0.024,0.007,1.011
21:53.6,1,0.024,0.006,1.011
21:53.8,1,0.024,0.006,1.011
21:54.0,0,0.023,0.007,1.012
21:54.2,0,0.023,0.006,1.014
21:54.4,0,0.022,0.006,1.016
21:54.6,0,0.022,0.006,1.016
21:54.8,0,0.022,0.006,1.015
21:55.0,0,0.023,0.007,1.013
21:55.2,0,0.023,0.007,1.014
21:55.4,0,0.023,0.007,1.015
21:55.6,0,0.024,0.007,1.015
21:55.8,0,0.023,0.007,1.016
21:56.0,0,0.022,0.007,1.017
21:56.2,0,0.023,0.008,1.017
21:56.4,0,0.023,0.008,1.017
21:56.6,0,0.022,0.007,1.017
21:56.8,0,0.022,0.007,1.017
21:57.0,0,0.022,0.007,1.017
21:57.2,0,0.023,0.007,1.016
21:57.4,0,0.023,0.006,1.015
21:57.7,1,0.023,0.008,1.016
21:57.9,1,0.022,0.007,1.016
21:58.1,1,0.022,0.006,1.016
21:58.3,1,0.022,0.007,1.016
21:58.5,1,0.022,0.007,1.016
21:58.7,0,0.022,0.006,1.015
21:58.9,0,0.022,0.007,1.016
21:59.1,0,0.023,0.007,1.016
21:59.3,0,0.022,0.006,1.016
21:59.5,0,0.023,0.007,1.016
21:59.7,0,0.023,0.007,1.016
21:59.9,0,0.023,0.007,1.016
22:00.1,0,0.023,0.007,1.016
22:00.3,0,0.023,0.007,1.016
22:00.5,0,0.023,0.007,1.016
22:00.7,0,0.023,0.007,1.016
22:00.9,0,0.023,0.007,1.016
22:01.1,0,0.022,0.007,1.016
22:01.3,0,0.023,0.007,1.016
22:01.5,0,0.023,0.007,1.016
22:01.7,0,0.023,0.007,1.016
22:01.9,0,0.023,0.007,1.016
22:02.1,0,0.023,0.007,1.016
22:02.3,0,0.023,0.006,1.015
22:02.5,0,0.023,0.006,1.016
22:02.7,0,0.023,0.007,1.015
22:02.9,0,0.023,0.007,1.015
22:03.1,0,0.023,0.007,1.016
22:03.3,0,0.023,0.007,1.016
22:03.5,0,0.023,0.006,1.015
22:03.7,0,0.023,0.007,1.016
22:03.9,0,0.023,0.007,1.015
22:04.1,0,0.023,0.007,1.015
22:04.3,0,0.023,0.007,1.016
22:04.5,0,0.022,0.007,1.017
22:04.7,0,0.023,0.007,1.016
22:04.9,0,0.023,0.007,1.017
22:05.1,0,0.022,0.006,1.017
22:05.4,0,0.023,0.006,1.016
22:05.6,0,0.023,0.007,1.016
22:05.8,0,0.023,0.007,1.016
22:06.0,0,0.023,0.006,1.016
22:06.2,0,0.023,0.006,1.016
22:06.4,0,0.023,0.007,1.016
22:06.6,0,0.023,0.006,1.016
22:06.8,0,0.023,0.007,1.016
22:07.0,0,0.023,0.007,1.016
22:07.2,0,0.023,0.007,1.016
22:07.4,0,0.023,0.007,1.016
22:07.6,0,0.023,0.008,1.016
22:07.8,0,0.023,0.007,1.016
22:08.0,0,0.023,0.007,1.016
22:08.2,0,0.023,0.007,1.017
22:08.4,0,0.023,0.007,1.017
22:08.6,0,0.023,0.006,1.015
22:08.8,0,0.023,0.006,1.016
22:09.0,0,0.022,0.006,1.016
22:09.2,0,0.023,0.006,1.016
22:09.4,0,0.023,0.006,1.015
22:09.6,0,0.023,0.007,1.016
22:09.8,0,0.023,0.007,1.015
22:10.0,0,0.023,0.007,1.015
22:10.2,0,0.023,0.007,1.016
22:10.4,0,0.023,0.007,1.016
22:10.6,0,0.023,0.007,1.015
22:10.8,0,0.023,0.007,1.015
22:11.0,0,0.022,0.007,1.016
22:11.2,0,0.022,0.007,1.015
22:11.4,0,0.023,0.007,1.015
22:11.6,0,0.022,0.007,1.015
22:11.8,0,0.022,0.007,1.014
22:12.0,0,0.023,0.007,1.014
22:12.2,0,0.023,0.007,1.014
22:12.4,0,0.023,0.007,1.015
22:12.7,0,0.023,0.007,1.015
22:12.9,0,0.023,0.006,1.016
22:13.1,0,0.023,0.006,1.015
22:13.3,0,0.023,0.007,1.016
22:13.5,0,0.023,0.007,1.016
22:13.7,0,0.023,0.007,1.016
22:13.9,0,0.023,0.007,1.016
22:14.1,0,0.023,0.007,1.016
22:14.3,0,0.023,0.006,1.016
22:14.5,0,0.023,0.006,1.016
22:14.7,0,0.022,0.005,1.016
22:14.9,0,0.023,0.006,1.016
22:15.1,0,0.022,0.006,1.016
22:15.3,0,0.023,0.007,1.016
22:15.5,0,0.023,0.007,1.016
22:15.7,0,0.023,0.007,1.016
22:15.9,0,0.023,0.007,1.016
22:16.1,0,0.023,0.006,1.016
22:16.3,0,0.023,0.007,1.016
22:16.5,0,0.022,0.007,1.016
22:16.7,0,0.022,0.006,1.016
22:16.9,0,0.022,0.007,1.016
22:17.1,0,0.022,0.008,1.018
22:17.3,0,0.022,0.007,1.017
22:17.5,0,0.022,0.007,1.016
22:17.7,0,0.022,0.007,1.017
22:17.9,0,0.023,0.007,1.016
22:18.1,0,0.023,0.006,1.015
22:18.3,0,0.023,0.006,1.016
22:18.5,0,0.023,0.007,1.017
22:18.7,0,0.023,0.007,1.016
22:18.9,0,0.023,0.006,1.016
22:19.1,0,0.023,0.006,1.017
22:19.3,0,0.023,0.007,1.016
22:19.5,0,0.022,0.006,1.016
22:19.7,0,0.023,0.007,1.016
22:19.9,0,0.023,0.007,1.016
22:20.1,0,0.023,0.007,1.016
22:20.4,0,0.023,0.007,1.016
22:20.6,0,0.023,0.007,1.016
22:20.8,0,0.022,0.007,1.016
22:21.0,0,0.022,0.006,1.017
22:21.2,0,0.022,0.007,1.016
22:21.4,0,0.022,0.006,1.016
22:21.6,0,0.023,0.006,1.017
22:21.8,0,0.022,0.006,1.016
22:22.0,0,0.022,0.007,1.016
22:22.2,0,0.022,0.007,1.016
22:22.4,0,0.022,0.007,1.016
22:22.6,0,0.022,0.007,1.016
22:22.8,0,0.022,0.007,1.016
22:23.0,0,0.022,0.007,1.016
22:23.2,0,0.022,0.007,1.016
22:23.4,0,0.022,0.007,1.016
22:23.6,0,0.022,0.007,1.016
22:23.8,0,0.022,0.007,1.016
22:24.0,0,0.023,0.007,1.016
22:24.2,0,0.022,0.007,1.016
22:24.4,0,0.022,0.007,1.016
22:24.6,0,0.022,0.007,1.016
22:24.8,0,0.022,0.007,1.016
22:25.0,0,0.022,0.007,1.016
22:25.2,0,0.022,0.007,1.016
22:25.4,0,0.022,0.007,1.016
22:25.6,0,0.022,0.007,1.016
22:25.8,0,0.023,0.007,1.016
22:26.0,0,0.023,0.007,1.016
22:26.2,0,0.023,0.007,1.016
22:26.4,0,0.023,0.007,1.016
22:26.6,0,0.023,0.007,1.015
22:26.8,0,0.023,0.007,1.016
22:27.0,0,0.023,0.007,1.016
22:27.2,0,0.023,0.007,1.016
22:27.5,0,0.023,0.007,1.016
22:27.7,0,0.023,0.007,1.017
22:27.9,0,0.023,0.007,1.016
22:28.1,0,0.023,0.007,1.016
22:28.3,0,0.022,0.007,1.016
22:28.5,0,0.023,0.007,1.016
22:28.7,0,0.022,0.007,1.016
22:28.9,0,0.022,0.007,1.016
22:29.1,0,0.022,0.007,1.016
22:29.3,0,0.023,0.007,1.015
22:29.5,0,0.023,0.007,1.015
22:29.7,0,0.022,0.007,1.016
22:29.9,0,0.023,0.007,1.016
22:30.1,0,0.023,0.006,1.016
22:30.3,0,0.023,0.007,1.017
22:30.5,0,0.023,0.007,1.017
22:30.7,0,0.023,0.007,1.016
22:30.9,0,0.023,0.007,1.017
22:31.1,0,0.022,0.007,1.017
22:31.3,0,0.022,0.007,1.017
22:31.5,0,0.022,0.007,1.017
22:31.7,0,0.022,0.007,1.017
22:31.9,0,0.022,0.006,1.016
22:32.1,0,0.022,0.007,1.016
22:32.3,0,0.023,0.007,1.016
22:32.5,0,0.023,0.006,1.015
22:32.7,0,0.023,0.007,1.016
22:32.9,0,0.023,0.007,1.017
22:33.1,0,0.023,0.007,1.017
22:33.3,0,0.023,0.007,1.016
22:33.5,0,0.023,0.008,1.016
22:33.7,0,0.023,0.008,1.017
22:33.9,0,0.022,0.007,1.016
22:34.1,0,0.022,0.007,1.016
22:34.3,0,0.022,0.007,1.017
22:34.5,0,0.022,0.007,1.016
22:34.8,0,0.022,0.007,1.017
22:35.0,0,0.022,0.007,1.017
22:35.2,0,0.023,0.007,1.016
22:35.4,0,0.023,0.007,1.016
22:35.6,0,0.023,0.007,1.016
22:35.8,0,0.023,0.007,1.016
22:36.0,0,0.023,0.007,1.016
22:36.2,0,0.023,0.007,1.016
22:36.4,0,0.023,0.008,1.016
22:36.6,0,0.023,0.008,1.016
22:36.8,0,0.023,0.007,1.016
22:37.0,0,0.023,0.008,1.016
22:37.2,0,0.022,0.007,1.016
22:37.4,0,0.022,0.007,1.016
22:37.6,0,0.022,0.007,1.016
22:37.8,0,0.022,0.007,1.016
22:38.0,0,0.022,0.007,1.016
22:38.2,0,0.022,0.007,1.016
22:38.4,0,0.023,0.007,1.015
22:38.6,0,0.023,0.007,1.016
22:38.8,0,0.023,0.007,1.016
22:39.0,0,0.023,0.007,1.016
22:39.2,0,0.023,0.007,1.015
22:39.4,0,0.022,0.006,1.015
22:39.6,0,0.022,0.007,1.016
22:39.8,0,0.023,0.007,1.015
22:40.0,0,0.022,0.006,1.016
22:40.2,0,0.022,0.007,1.016
22:40.4,0,0.023,0.007,1.016
22:40.6,0,0.022,0.006,1.016
22:40.8,0,0.022,0.007,1.016
22:41.0,0,0.023,0.007,1.016
22:41.2,0,0.023,0.007,1.016
22:41.4,0,0.023,0.007,1.016
22:41.6,0,0.023,0.007,1.016
22:41.9,0,0.023,0.007,1.016
22:42.1,0,0.023,0.007,1.016
22:42.3,0,0.023,0.007,1.016
22:42.5,0,0.023,0.007,1.016
22:42.7,0,0.022,0.006,1.015
22:42.9,0,0.022,0.006,1.015
22:43.1,0,0.022,0.007,1.016
22:43.3,0,0.022,0.007,1.015
22:43.5,0,0.023,0.007,1.015
22:43.7,0,0.023,0.007,1.016
22:43.9,0,0.023,0.007,1.016
22:44.1,0,0.023,0.007,1.016
22:44.3,0,0.023,0.007,1.016
22:44.5,0,0.023,0.007,1.016
22:44.7,0,0.023,0.006,1.015
22:44.9,0,0.023,0.007,1.015
22:45.1,0,0.023,0.006,1.016
22:45.3,0,0.023,0.006,1.016
22:45.5,0,0.023,0.006,1.016
22:45.7,0,0.022,0.007,1.016
22:45.9,0,0.022,0.007,1.016
22:46.1,0,0.023,0.007,1.016
22:46.3,0,0.023,0.007,1.016
22:46.5,0,0.023,0.007,1.015
22:46.7,0,0.023,0.007,1.015
22:46.9,0,0.023,0.007,1.016
22:47.1,0,0.023,0.007,1.016
22:47.3,0,0.023,0.007,1.016
22:47.5,0,0.023,0.007,1.016
22:47.7,0,0.023,0.007,1.016
22:47.9,0,0.022,0.007,1.016
22:48.1,0,0.022,0.007,1.016
22:48.3,0,0.022,0.006,1.016
22:48.5,0,0.022,0.006,1.016
22:48.7,0,0.022,0.007,1.016
22:48.9,0,0.023,0.007,1.016
22:49.2,0,0.022,0.007,1.016
22:49.4,0,0.023,0.007,1.016
22:49.6,0,0.023,0.007,1.017
22:49.8,0,0.023,0.007,1.017
22:50.0,0,0.023,0.007,1.016
22:50.2,0,0.023,0.007,1.016
22:50.4,0,0.023,0.006,1.016
22:50.6,0,0.023,0.007,1.016
22:50.8,0,0.023,0.007,1.015
22:51.0,0,0.023,0.007,1.016
22:51.2,0,0.023,0.007,1.016
22:51.4,0,0.023,0.007,1.016
22:51.6,0,0.023,0.007,1.016
22:51.8,0,0.023,0.007,1.016
22:52.0,0,0.023,0.007,1.016
22:52.2,0,0.023,0.006,1.016
22:52.4,0,0.023,0.007,1.017
22:52.6,0,0.022,0.007,1.017
22:52.8,0,0.023,0.007,1.017
22:53.0,0,0.023,0.007,1.017
22:53.2,0,0.023,0.007,1.016
22:53.4,0,0.023,0.006,1.016
22:53.6,0,0.023,0.006,1.016
22:53.8,0,0.023,0.006,1.016
22:54.0,0,0.023,0.006,1.016
22:54.2,0,0.023,0.006,1.016
22:54.4,0,0.022,0.006,1.016
22:54.6,0,0.022,0.006,1.016
22:54.8,0,0.022,0.006,1.016
22:55.0,0,0.023,0.007,1.016
22:55.2,0,0.023,0.006,1.016
22:55.4,0,0.023,0.005,1.016
22:55.6,0,0.023,0.006,1.017
22:55.9,0,0.023,0.006,1.016
22:56.1,0,0.022,0.006,1.016
22:56.3,0,0.022,0.006,1.017
22:56.5,0,0.023,0.007,1.017
22:56.7,0,0.022,0.006,1.016
22:56.9,0,0.023,0.007,1.017
22:57.1,0,0.023,0.007,1.017
22:57.3,0,0.023,0.007,1.016
22:57.5,0,0.022,0.007,1.017
22:57.7,0,0.022,0.006,1.016
22:57.9,0,0.022,0.007,1.016
22:58.1,0,0.022,0.007,1.016
22:58.3,0,0.022,0.007,1.017
22:58.5,0,0.023,0.006,1.016
22:58.7,0,0.023,0.007,1.016
22:58.9,0,0.023,0.007,1.017
22:59.1,0,0.023,0.006,1.016
22:59.3,0,0.023,0.007,1.016
22:59.5,0,0.022,0.007,1.016
22:59.7,0,0.022,0.006,1.016
22:59.9,0,0.023,0.007,1.016
23:00.1,0,0.023,0.007,1.016
23:00.3,0,0.023,0.007,1.016
23:00.5,0,0.023,0.007,1.016
23:00.7,0,0.022,0.007,1.016
23:00.9,0,0.022,0.007,1.016
23:01.1,0,0.022,0.007,1.017
23:01.3,0,0.022,0.007,1.017
23:01.5,0,0.023,0.007,1.016
23:01.7,0,0.023,0.007,1.016
23:01.9,0,0.023,0.007,1.016
23:02.1,0,0.023,0.007,1.016
23:02.3,0,0.023,0.006,1.016
23:02.5,0,0.023,0.006,1.016
23:02.7,0,0.022,0.007,1.016
23:02.9,0,0.022,0.006,1.016
23:03.2,0,0.023,0.006,1.016
23:03.4,0,0.023,0.007,1.016
23:03.6,0,0.023,0.007,1.016
23:03.8,0,0.023,0.006,1.015
23:04.0,0,0.023,0.007,1.015
23:04.2,0,0.023,0.007,1.015
23:04.4,0,0.023,0.007,1.016
23:04.6,0,0.023,0.007,1.016
23:04.8,0,0.023,0.007,1.016
23:05.0,0,0.023,0.007,1.017
23:05.2,0,0.022,0.007,1.017
23:05.4,0,0.022,0.007,1.017
23:05.6,0,0.022,0.007,1.017
23:05.8,0,0.022,0.007,1.017
23:06.0,0,0.022,0.007,1.016
23:06.2,0,0.022,0.007,1.016
23:06.4,0,0.022,0.007,1.016
23:06.6,0,0.022,0.007,1.016
23:06.8,0,0.022,0.007,1.016
23:07.0,0,0.022,0.007,1.016
23:07.2,0,0.023,0.007,1.015
23:07.4,0,0.023,0.007,1.016
23:07.6,0,0.023,0.007,1.016
23:07.8,0,0.023,0.006,1.016
23:08.0,0,0.023,0.007,1.016
23:08.2,0,0.023,0.007,1.016
23:08.4,0,0.023,0.007,1.016
23:08.6,0,0.023,0.007,1.016
23:08.8,0,0.022,0.007,1.016
23:09.0,0,0.022,0.007,1.016
23:09.2,0,0.023,0.007,1.016
23:09.4,0,0.023,0.007,1.016
23:09.6,0,0.023,0.006,1.016
23:09.8,0,0.023,0.007,1.016
23:10.0,0,0.023,0.006,1.016
23:10.2,0,0.023,0.007,1.017
23:10.4,0,0.023,0.007,1.017
23:10.7,0,0.023,0.007,1.017
23:10.9,0,0.022,0.007,1.016
23:11.1,0,0.023,0.007,1.017
23:11.3,0,0.023,0.007,1.016
23:11.5,0,0.023,0.006,1.016
23:11.7,0,0.023,0.007,1.016
23:11.9,0,0.023,0.007,1.016
23:12.1,0,0.023,0.007,1.016
23:12.3,0,0.023,0.007,1.016
23:12.5,0,0.023,0.007,1.016
23:12.7,0,0.023,0.007,1.016
23:12.9,0,0.022,0.007,1.016
23:13.1,0,0.023,0.007,1.016
23:13.3,0,0.023,0.007,1.015
23:13.5,0,0.023,0.007,1.015
23:13.7,0,0.023,0.007,1.016
23:13.9,0,0.023,0.007,1.015
23:14.1,0,0.023,0.007,1.015
23:14.3,0,0.023,0.007,1.016
23:14.5,0,0.023,0.008,1.017
23:14.7,0,0.023,0.007,1.016
23:14.9,0,0.023,0.007,1.017
23:15.1,0,0.023,0.007,1.017
23:15.3,0,0.023,0.006,1.017
23:15.5,0,0.023,0.006,1.016
23:15.7,0,0.023,0.007,1.016
23:15.9,0,0.023,0.007,1.016
23:16.1,0,0.023,0.007,1.016
23:16.3,0,0.023,0.007,1.016
23:16.5,0,0.023,0.007,1.016
23:16.7,0,0.023,0.007,1.016
23:16.9,0,0.023,0.007,1.016
23:17.1,0,0.023,0.007,1.016
23:17.3,0,0.023,0.007,1.016
23:17.5,0,0.023,0.007,1.015
23:17.7,0,0.023,0.007,1.016
23:18.0,0,0.022,0.007,1.016
23:18.2,0,0.022,0.007,1.016
23:18.4,0,0.022,0.007,1.016
23:18.6,0,0.022,0.006,1.016
23:18.8,0,0.022,0.007,1.016
23:19.0,0,0.022,0.006,1.015
23:19.2,0,0.022,0.006,1.015
23:19.4,0,0.022,0.006,1.015
23:19.6,0,0.023,0.006,1.016
23:19.8,0,0.023,0.006,1.016
23:20.0,0,0.023,0.007,1.016
23:20.2,0,0.023,0.007,1.017
23:20.4,0,0.023,0.007,1.016
23:20.6,0,0.022,0.007,1.016
23:20.8,0,0.022,0.007,1.016
23:21.0,0,0.022,0.007,1.016
23:21.2,0,0.023,0.007,1.016
23:21.4,0,0.023,0.007,1.016
23:21.6,0,0.023,0.007,1.016
23:21.8,0,0.023,0.007,1.016
23:22.0,0,0.023,0.007,1.016
23:22.2,0,0.023,0.007,1.016
23:22.4,0,0.023,0.007,1.016
23:22.6,0,0.023,0.007,1.016
23:22.8,0,0.023,0.007,1.016
23:23.0,0,0.023,0.007,1.016
23:23.2,0,0.023,0.007,1.016
23:23.4,0,0.023,0.007,1.016
23:23.6,0,0.023,0.007,1.015
23:23.8,0,0.023,0.007,1.016
23:24.0,0,0.023,0.007,1.016
23:24.2,0,0.022,0.007,1.016
23:24.4,0,0.022,0.006,1.016
23:24.6,0,0.022,0.007,1.016
23:24.8,0,0.022,0.007,1.016
23:25.0,0,0.023,0.007,1.016
23:25.3,0,0.023,0.007,1.016
23:25.5,0,0.023,0.007,1.016
23:25.7,0,0.023,0.007,1.016
23:25.9,0,0.023,0.007,1.016
23:26.1,0,0.023,0.007,1.016
23:26.3,0,0.023,0.008,1.016
23:26.5,0,0.023,0.008,1.017
23:26.7,0,0.023,0.008,1.017
23:26.9,0,0.022,0.007,1.016
23:27.1,0,0.022,0.007,1.016
23:27.3,0,0.022,0.007,1.016
23:27.5,0,0.023,0.007,1.016
23:27.7,0,0.023,0.007,1.016
23:27.9,0,0.023,0.007,1.016
23:28.1,0,0.023,0.007,1.016
23:28.3,0,0.023,0.006,1.016
23:28.5,0,0.023,0.006,1.016
23:28.7,0,0.022,0.006,1.016
23:28.9,0,0.023,0.006,1.016
23:29.1,0,0.023,0.007,1.017
23:29.3,0,0.022,0.006,1.016
23:29.5,0,0.022,0.006,1.016
23:29.7,0,0.023,0.006,1.016
23:29.9,0,0.022,0.006,1.016
23:30.1,0,0.022,0.006,1.016
23:30.3,0,0.023,0.007,1.016
23:30.5,0,0.023,0.007,1.016
23:30.7,0,0.022,0.007,1.016
23:30.9,0,0.023,0.007,1.016
23:31.1,0,0.023,0.007,1.016
23:31.3,0,0.022,0.007,1.016
23:31.5,0,0.022,0.007,1.016
23:31.7,0,0.022,0.007,1.016
23:31.9,0,0.022,0.007,1.017
23:32.1,0,0.022,0.007,1.016
23:32.3,0,0.022,0.006,1.016
23:32.5,0,0.023,0.007,1.017
23:32.8,0,0.023,0.007,1.016
23:33.0,0,0.023,0.006,1.016
23:33.2,0,0.023,0.007,1.016
23:33.4,0,0.023,0.007,1.016
23:33.6,0,0.023,0.007,1.015
23:33.8,0,0.022,0.007,1.015
23:34.0,0,0.023,0.007,1.015
23:34.2,0,0.023,0.006,1.015
23:34.4,0,0.022,0.006,1.016
23:34.6,0,0.023,0.007,1.017
23:34.8,0,0.023,0.007,1.016
23:35.0,0,0.022,0.007,1.016
23:35.2,0,0.023,0.007,1.016
23:35.4,1,0.023,0.007,1.016
23:35.6,1,0.023,0.007,1.016
23:35.8,1,0.023,0.007,1.016
23:36.0,1,0.023,0.007,1.016
23:36.2,1,0.023,0.007,1.016
23:36.4,1,0.023,0.007,1.016
23:36.6,0,0.023,0.007,1.016
23:36.8,0,0.023,0.006,1.016
23:37.0,0,0.023,0.006,1.016
23:37.2,0,0.023,0.007,1.016
23:37.4,0,0.023,0.007,1.016
23:37.6,0,0.023,0.006,1.016
23:37.8,0,0.023,0.006,1.016
23:38.0,0,0.023,0.007,1.016
23:38.2,0,0.022,0.006,1.016
23:38.4,0,0.022,0.006,1.016
23:38.6,0,0.023,0.007,1.016
23:38.8,0,0.023,0.006,1.016
23:39.0,0,0.022,0.006,1.016
23:39.2,0,0.022,0.006,1.016
23:39.4,0,0.022,0.007,1.017
23:39.6,0,0.022,0.006,1.016
23:39.8,0,0.023,0.006,1.017
23:40.0,0,0.023,0.007,1.017
23:40.3,0,0.023,0.006,1.017
23:40.5,0,0.023,0.006,1.016
23:40.9,0,0.022,0.007,1.017
23:41.1,0,0.022,0.007,1.016
23:41.3,0,0.023,0.007,1.017
23:41.5,0,0.023,0.008,1.017
23:41.7,0,0.022,0.007,1.017
23:41.9,0,0.023,0.007,1.016
23:42.1,0,0.022,0.007,1.016
23:42.3,0,0.022,0.007,1.016
23:42.5,0,0.022,0.007,1.016
23:42.7,0,0.022,0.007,1.017
23:42.9,0,0.022,0.007,1.018
23:43.1,0,0.023,0.007,1.018
23:43.3,0,0.023,0.007,1.017
23:43.5,0,0.022,0.007,1.017
23:43.7,0,0.023,0.007,1.017
23:43.9,0,0.022,0.007,1.016
23:44.1,0,0.022,0.007,1.016
23:44.4,0,0.022,0.007,1.016
23:44.6,0,0.022,0.007,1.016
23:44.8,0,0.022,0.007,1.016
23:45.0,0,0.022,0.007,1.016
23:45.2,0,0.022,0.007,1.016
23:45.4,0,0.022,0.007,1.017
23:45.6,0,0.022,0.007,1.017
23:45.8,0,0.022,0.007,1.016
23:46.0,0,0.022,0.007,1.016
23:46.2,0,0.022,0.007,1.016
23:46.4,0,0.022,0.007,1.016
23:46.6,0,0.023,0.007,1.016
23:46.8,0,0.022,0.007,1.016
23:47.0,0,0.023,0.007,1.016
23:47.2,0,0.022,0.007,1.016
23:47.4,0,0.022,0.007,1.016
23:47.6,0,0.022,0.007,1.017
23:47.8,0,0.022,0.007,1.017
23:48.0,0,0.022,0.006,1.016
23:48.2,0,0.022,0.007,1.016
23:48.4,0,0.023,0.007,1.017
23:48.6,0,0.023,0.007,1.016
23:48.8,0,0.023,0.007,1.016
23:49.0,0,0.023,0.007,1.016
23:49.2,0,0.023,0.007,1.016
23:49.4,0,0.023,0.007,1.016
23:49.6,0,0.023,0.007,1.016
23:49.8,0,0.023,0.007,1.016
23:50.0,0,0.023,0.007,1.016
23:50.2,0,0.023,0.007,1.016
23:50.4,0,0.023,0.007,1.016
23:50.6,0,0.023,0.007,1.016
23:50.8,0,0.023,0.007,1.016
23:51.0,0,0.023,0.007,1.016
23:51.2,0,0.023,0.006,1.015
23:51.4,0,0.022,0.007,1.016
23:51.7,0,0.022,0.006,1.016
23:51.9,0,0.022,0.006,1.016
23:52.1,0,0.022,0.006,1.016
23:52.3,0,0.022,0.007,1.017
23:52.5,0,0.022,0.007,1.016
23:52.7,0,0.023,0.007,1.016
23:52.9,0,0.023,0.007,1.016
23:53.1,0,0.023,0.007,1.017
23:53.3,0,0.023,0.007,1.016
23:53.5,0,0.023,0.007,1.016
23:53.7,0,0.022,0.007,1.016
23:53.9,0,0.022,0.007,1.016
23:54.1,0,0.023,0.007,1.016
23:54.3,0,0.022,0.007,1.016
23:54.5,0,0.022,0.007,1.017
23:54.7,0,0.022,0.007,1.017
23:54.9,0,0.022,0.007,1.016
23:55.1,0,0.022,0.007,1.017
23:55.3,0,0.023,0.007,1.016
23:55.5,0,0.023,0.007,1.016
23:55.7,0,0.023,0.007,1.017
23:55.9,0,0.023,0.007,1.017
23:56.1,0,0.023,0.007,1.016
23:56.3,0,0.023,0.006,1.017
23:56.5,0,0.023,0.007,1.016
23:56.7,0,0.023,0.007,1.017
23:56.9,0,0.023,0.006,1.017
23:57.1,0,0.023,0.006,1.017
23:57.3,0,0.023,0.006,1.016
23:57.5,0,0.023,0.006,1.017
23:57.7,0,0.023,0.006,1.016
23:57.9,0,0.023,0.006,1.016
23:58.1,0,0.023,0.007,1.017
23:58.3,0,0.022,0.007,1.017
23:58.5,0,0.022,0.006,1.016
23:58.7,0,0.023,0.006,1.016
23:58.9,0,0.023,0.006,1.016
23:59.1,0,0.023,0.006,1.016
23:59.4,0,0.023,0.006,1.016
23:59.6,0,0.023,0.006,1.016
23:59.8,0,0.023,0.006,1.016
24:00.0,0,0.023,0.007,1.016
24:00.2,0,0.022,0.007,1.017
24:00.4,0,0.023,0.007,1.017
24:00.6,0,0.023,0.007,1.017
24:00.8,0,0.022,0.006,1.016
24:01.0,1,0.022,0.006,1.016
24:01.2,1,0.023,0.007,1.016
24:01.4,1,0.022,0.006,1.016
24:01.6,1,0.022,0.007,1.016
24:01.8,1,0.022,0.007,1.016
24:02.0,1,0.022,0.007,1.017
24:02.2,0,0.022,0.007,1.016
24:02.4,0,0.022,0.007,1.016
24:02.6,0,0.022,0.007,1.016
24:02.8,0,0.022,0.007,1.016
24:03.0,0,0.022,0.007,1.016
24:03.2,0,0.022,0.007,1.016
24:03.4,0,0.023,0.006,1.016
24:03.6,0,0.022,0.006,1.016
24:03.8,0,0.022,0.006,1.016
24:04.0,0,0.022,0.006,1.016
24:04.2,0,0.022,0.006,1.016
24:04.4,0,0.022,0.006,1.016
24:04.6,0,0.022,0.007,1.017
24:04.8,0,0.022,0.007,1.017
24:05.0,0,0.022,0.007,1.017
24:05.2,0,0.022,0.007,1.017
24:05.4,0,0.022,0.007,1.017
24:05.6,0,0.022,0.007,1.016
24:05.8,0,0.023,0.007,1.016
24:06.0,0,0.023,0.007,1.017
24:06.3,0,0.023,0.007,1.017
24:06.5,0,0.023,0.006,1.016
24:06.7,0,0.023,0.007,1.017
24:06.9,0,0.023,0.007,1.017
24:07.1,0,0.023,0.007,1.017
24:07.3,0,0.023,0.007,1.016
24:07.5,0,0.023,0.007,1.016
24:07.7,0,0.022,0.007,1.016
24:07.9,0,0.023,0.007,1.016
24:08.1,0,0.022,0.007,1.016
24:08.3,0,0.022,0.007,1.016
24:08.5,0,0.022,0.007,1.017
24:08.7,0,0.023,0.007,1.017
24:08.9,0,0.023,0.007,1.017
24:09.1,0,0.023,0.007,1.017
24:09.3,0,0.023,0.007,1.017
24:09.5,0,0.023,0.008,1.017
24:09.7,0,0.023,0.007,1.017
24:09.9,0,0.022,0.007,1.017
24:10.1,0,0.023,0.007,1.017
24:10.3,0,0.022,0.007,1.017
24:10.5,0,0.022,0.007,1.017
24:10.7,0,0.022,0.007,1.017
24:10.9,0,0.023,0.007,1.017
24:11.1,0,0.022,0.007,1.016
24:11.3,0,0.022,0.007,1.017
24:11.5,0,0.022,0.008,1.017
24:11.7,0,0.022,0.007,1.016
24:11.9,0,0.022,0.007,1.017
24:12.1,0,0.022,0.007,1.017
24:12.3,0,0.023,0.007,1.017
24:12.5,0,0.023,0.007,1.017
24:12.7,0,0.023,0.007,1.017
24:12.9,0,0.023,0.007,1.017
24:13.1,0,0.023,0.007,1.017
24:13.3,0,0.023,0.007,1.017
24:13.5,0,0.023,0.007,1.017
24:13.8,0,0.023,0.007,1.017
24:14.0,0,0.023,0.007,1.017
24:14.2,0,0.022,0.007,1.017
24:14.4,0,0.022,0.007,1.016
24:14.6,0,0.022,0.007,1.017
24:14.8,0,0.023,0.006,1.017
24:15.0,0,0.023,0.006,1.017
24:15.2,0,0.023,0.007,1.017
24:15.4,0,0.023,0.007,1.017
24:15.6,0,0.023,0.007,1.016
24:15.8,0,0.023,0.007,1.016
24:16.0,0,0.023,0.007,1.016
24:16.2,0,0.022,0.007,1.017
24:16.4,0,0.022,0.007,1.017
24:16.6,0,0.022,0.007,1.017
24:16.8,0,0.022,0.007,1.017
24:17.0,0,0.023,0.007,1.017
24:17.2,0,0.023,0.007,1.017
24:17.4,0,0.023,0.007,1.016
24:17.6,0,0.023,0.007,1.017
24:17.8,0,0.023,0.007,1.017
24:18.0,0,0.023,0.007,1.016
24:18.2,0,0.023,0.007,1.017
24:18.4,0,0.023,0.007,1.017
24:18.6,0,0.023,0.007,1.017
24:18.8,0,0.023,0.006,1.017
24:19.0,0,0.023,0.007,1.017
24:19.2,0,0.023,0.007,1.017
24:19.4,0,0.023,0.007,1.017
24:19.6,0,0.023,0.007,1.017
24:19.8,0,0.023,0.007,1.016
24:20.0,0,0.023,0.007,1.016
24:20.2,0,0.023,0.007,1.016
24:20.4,0,0.023,0.007,1.016
24:20.6,0,0.023,0.006,1.015
24:20.8,0,0.022,0.006,1.015
24:21.0,0,0.023,0.006,1.015
24:21.3,0,0.023,0.006,1.014
24:21.5,0,0.023,0.007,1.015
24:21.7,0,0.023,0.007,1.016
24:21.9,0,0.023,0.007,1.016
24:22.1,0,0.023,0.006,1.016
24:22.3,0,0.023,0.007,1.016
24:22.5,0,0.023,0.007,1.016
24:22.7,0,0.023,0.006,1.016
24:22.9,0,0.023,0.006,1.016
24:23.1,0,0.023,0.007,1.016
24:23.3,0,0.023,0.006,1.016
24:23.5,0,0.022,0.006,1.016
24:23.7,0,0.022,0.007,1.015
24:23.9,0,0.022,0.007,1.016
24:24.1,0,0.022,0.007,1.016
24:24.3,0,0.022,0.007,1.016
24:24.5,0,0.022,0.006,1.016
24:24.7,0,0.023,0.007,1.017
24:24.9,0,0.023,0.007,1.016
24:25.1,0,0.023,0.006,1.016
24:25.3,0,0.023,0.007,1.017
24:25.5,0,0.023,0.007,1.017
24:25.7,0,0.022,0.006,1.016
24:25.9,1,0.023,0.007,1.017
24:26.1,1,0.023,0.007,1.017
24:26.3,1,0.022,0.006,1.016
24:26.5,1,0.022,0.006,1.016
24:26.7,1,0.022,0.007,1.016
24:26.9,1,0.022,0.007,1.016
24:27.1,0,0.022,0.008,1.016
24:27.3,0,0.023,0.008,1.016
24:27.5,0,0.023,0.007,1.016
24:27.7,0,0.023,0.008,1.016
24:27.9,0,0.023,0.007,1.016
24:28.1,0,0.023,0.007,1.015
24:28.3,0,0.023,0.007,1.016
24:28.5,0,0.023,0.007,1.016
24:28.8,0,0.023,0.007,1.016
24:29.0,0,0.023,0.007,1.016
24:29.2,0,0.023,0.007,1.017
24:29.4,0,0.023,0.007,1.017
24:29.6,0,0.023,0.006,1.016
24:29.8,0,0.023,0.007,1.016
24:30.0,0,0.023,0.007,1.017
24:30.2,0,0.023,0.006,1.016
24:30.4,0,0.023,0.006,1.017
24:30.6,0,0.023,0.006,1.017
24:30.8,0,0.023,0.006,1.017
24:31.0,0,0.022,0.007,1.017
24:31.2,0,0.022,0.007,1.017
24:31.4,0,0.022,0.007,1.017
24:31.6,0,0.023,0.007,1.016
24:31.8,0,0.022,0.007,1.017
24:32.0,0,0.023,0.007,1.016
24:32.2,0,0.023,0.007,1.016
24:32.4,0,0.023,0.007,1.016
24:32.6,0,0.023,0.007,1.016
24:32.8,0,0.023,0.008,1.017
24:33.0,0,0.023,0.008,1.017
24:33.2,0,0.023,0.007,1.017
24:33.4,0,0.023,0.007,1.017
24:33.6,0,0.023,0.007,1.017
24:33.8,0,0.023,0.007,1.016
24:34.0,0,0.022,0.007,1.016
24:34.2,0,0.022,0.007,1.016
24:34.4,0,0.022,0.006,1.015
24:34.6,0,0.023,0.007,1.016
24:34.8,0,0.022,0.007,1.016
24:35.0,0,0.023,0.007,1.016
24:35.2,0,0.023,0.006,1.015
24:35.4,0,0.023,0.007,1.016
24:35.6,0,0.023,0.007,1.015
24:35.9,0,0.023,0.007,1.016
24:36.1,0,0.023,0.007,1.016
24:36.3,0,0.023,0.008,1.016
24:36.5,0,0.023,0.007,1.016
24:36.7,0,0.023,0.008,1.016
24:36.9,0,0.023,0.007,1.016
24:37.1,0,0.023,0.007,1.016
24:37.3,0,0.023,0.007,1.016
24:37.5,0,0.023,0.007,1.016
24:37.7,0,0.023,0.007,1.016
24:37.9,0,0.023,0.007,1.017
24:38.1,0,0.023,0.007,1.016
24:38.3,0,0.023,0.007,1.016
24:38.5,0,0.023,0.007,1.017
24:38.7,0,0.023,0.006,1.016
24:38.9,0,0.023,0.007,1.016
24:39.1,0,0.023,0.007,1.016
24:39.3,0,0.023,0.007,1.016
24:39.5,1,0.023,0.007,1.016
24:39.7,1,0.023,0.007,1.016
24:39.9,1,0.023,0.007,1.016
24:40.1,1,0.023,0.007,1.016
24:40.3,1,0.023,0.006,1.016
24:40.5,1,0.023,0.007,1.016
24:40.7,0,0.023,0.006,1.015
24:40.9,0,0.023,0.006,1.015
24:41.1,0,0.023,0.006,1.015
24:41.3,0,0.022,0.006,1.015
24:41.5,0,0.022,0.006,1.016
24:41.7,0,0.023,0.006,1.015
24:41.9,0,0.023,0.006,1.015
24:42.1,0,0.023,0.006,1.016
24:42.3,0,0.023,0.007,1.016
24:42.5,0,0.023,0.007,1.015
24:42.8,0,0.023,0.007,1.016
24:43.0,0,0.023,0.007,1.016
24:43.2,0,0.023,0.006,1.016
24:43.4,0,0.023,0.007,1.016
24:43.6,0,0.023,0.007,1.016
24:43.8,0,0.023,0.006,1.016
24:44.0,0,0.023,0.006,1.015
24:44.2,0,0.023,0.007,1.016
24:44.4,1,0.024,0.007,1.014
24:44.6,1,0.024,0.006,1.012
24:44.8,1,0.024,0.007,1.014
24:45.0,1,0.024,0.007,1.015
24:45.2,1,0.024,0.006,1.013
24:45.4,1,0.022,0.007,1.016
24:45.6,0,0.022,0.007,1.018
24:45.8,0,0.022,0.007,1.016
24:46.0,0,0.022,0.007,1.015
24:46.2,0,0.022,0.007,1.017
24:46.4,0,0.022,0.007,1.017
24:46.6,0,0.022,0.007,1.017
24:46.8,0,0.022,0.008,1.018
24:47.0,0,0.023,0.007,1.017
24:47.2,0,0.022,0.007,1.017
24:47.4,0,0.023,0.007,1.017
24:47.6,0,0.023,0.007,1.017
24:47.8,0,0.023,0.007,1.016
24:48.0,0,0.023,0.007,1.016
24:48.2,0,0.023,0.007,1.016
24:48.4,0,0.023,0.008,1.017
24:48.6,0,0.023,0.008,1.017
24:48.8,0,0.023,0.007,1.017
24:49.0,0,0.023,0.007,1.017
24:49.2,0,0.023,0.007,1.017
24:49.4,0,0.023,0.007,1.016
24:49.6,0,0.023,0.007,1.016
24:49.8,0,0.023,0.007,1.016
24:50.0,0,0.023,0.007,1.016
24:50.3,0,0.023,0.007,1.016
24:50.5,0,0.023,0.007,1.016
24:50.7,0,0.023,0.007,1.016
24:50.9,0,0.023,0.007,1.017
24:51.1,0,0.023,0.007,1.016
24:51.3,0,0.023,0.007,1.016
24:51.5,0,0.023,0.007,1.016
24:51.7,0,0.023,0.006,1.016
24:51.9,0,0.023,0.007,1.016
24:52.1,0,0.023,0.007,1.016
24:52.3,0,0.022,0.007,1.015
24:52.5,0,0.023,0.007,1.016
24:52.7,0,0.023,0.007,1.016
24:52.9,0,0.022,0.007,1.016
24:53.1,0,0.023,0.007,1.016
24:53.3,0,0.023,0.007,1.016
24:53.5,0,0.023,0.007,1.016
24:53.7,0,0.023,0.007,1.016
24:53.9,0,0.023,0.007,1.016
24:54.1,0,0.023,0.007,1.016
24:54.3,0,0.022,0.007,1.015
24:54.5,0,0.023,0.007,1.015
24:54.7,0,0.023,0.007,1.015
24:54.9,0,0.023,0.007,1.015
24:55.1,0,0.023,0.007,1.016
24:55.3,0,0.023,0.007,1.016
24:55.5,0,0.023,0.007,1.016
24:55.7,0,0.023,0.007,1.016
24:55.9,0,0.023,0.007,1.017
24:56.1,0,0.023,0.007,1.016
24:56.3,0,0.023,0.007,1.016
24:56.5,0,0.023,0.007,1.016
24:56.7,0,0.023,0.007,1.016
24:57.0,0,0.023,0.007,1.016
24:57.2,0,0.023,0.007,1.016
24:57.4,0,0.023,0.007,1.016
24:57.6,0,0.023,0.008,1.017
24:57.8,0,0.022,0.008,1.017
24:58.0,0,0.022,0.007,1.016
24:58.2,0,0.022,0.007,1.016
24:58.4,0,0.022,0.007,1.016
24:58.6,0,0.022,0.007,1.015
24:58.8,0,0.023,0.007,1.015
24:59.0,0,0.023,0.007,1.016
24:59.2,0,0.023,0.007,1.015
24:59.4,0,0.023,0.007,1.015
24:59.6,0,0.023,0.007,1.016
24:59.8,0,0.023,0.007,1.016
25:00.0,0,0.023,0.007,1.016
25:00.2,0,0.023,0.007,1.016
25:00.4,0,0.023,0.007,1.016
25:00.6,0,0.022,0.006,1.016
25:00.8,0,0.022,0.007,1.016
25:01.0,0,0.023,0.007,1.016
25:01.2,0,0.022,0.006,1.016
25:01.4,0,0.023,0.007,1.016
25:01.6,0,0.023,0.007,1.016
25:01.8,0,0.023,0.007,1.016
25:02.0,0,0.022,0.007,1.016
25:02.2,0,0.023,0.007,1.016
25:02.4,0,0.022,0.007,1.016
25:02.6,0,0.022,0.007,1.016
25:02.8,0,0.022,0.007,1.016
25:03.0,0,0.023,0.007,1.016
25:03.2,0,0.023,0.007,1.017
25:03.4,0,0.023,0.007,1.017
25:03.6,0,0.023,0.007,1.017
25:03.8,0,0.022,0.007,1.017
25:04.0,0,0.022,0.007,1.017
25:04.3,0,0.022,0.007,1.017
25:04.5,0,0.022,0.007,1.017
25:04.7,0,0.022,0.007,1.016
25:04.9,0,0.022,0.007,1.016
25:05.1,0,0.022,0.006,1.016
25:05.3,0,0.022,0.007,1.015
25:05.5,0,0.023,0.007,1.015
25:05.7,0,0.023,0.007,1.016
25:05.9,0,0.023,0.007,1.015
25:06.1,0,0.023,0.007,1.016
25:06.3,0,0.022,0.007,1.016
25:06.5,0,0.023,0.007,1.016
25:06.7,0,0.022,0.007,1.016
25:06.9,0,0.022,0.007,1.016
25:07.1,0,0.023,0.007,1.016
25:07.3,0,0.023,0.007,1.017
25:07.5,0,0.022,0.007,1.017
25:07.7,0,0.022,0.007,1.017
25:07.9,0,0.023,0.007,1.016
25:08.1,0,0.023,0.007,1.016
25:08.3,0,0.023,0.007,1.016
25:08.5,0,0.023,0.007,1.016
25:08.7,0,0.023,0.006,1.016
25:08.9,0,0.023,0.006,1.016
25:09.1,0,0.022,0.006,1.017
25:09.3,0,0.023,0.006,1.016
25:09.5,0,0.022,0.007,1.016
25:09.7,0,0.023,0.007,1.016
25:09.9,0,0.023,0.006,1.016
25:10.1,0,0.023,0.007,1.016
25:10.3,0,0.023,0.006,1.017
25:10.5,0,0.023,0.006,1.016
25:10.7,0,0.023,0.006,1.016
25:10.9,0,0.023,0.007,1.016
25:11.1,0,0.023,0.006,1.016
25:11.3,0,0.023,0.007,1.016
25:11.5,0,0.023,0.007,1.016
25:11.8,0,0.023,0.007,1.016
25:12.0,0,0.023,0.006,1.016
25:12.2,0,0.023,0.007,1.017
25:12.4,0,0.023,0.007,1.017
25:12.6,0,0.023,0.007,1.017
25:12.8,0,0.023,0.007,1.017
25:13.0,0,0.023,0.007,1.017
25:13.2,0,0.023,0.007,1.016
25:13.4,0,0.023,0.006,1.015
25:13.6,0,0.023,0.007,1.016
25:13.8,0,0.023,0.007,1.017
25:14.0,0,0.023,0.007,1.016
25:14.2,0,0.023,0.007,1.017
25:14.4,0,0.023,0.008,1.017
25:14.6,0,0.023,0.007,1.016
25:14.8,0,0.023,0.007,1.016
25:15.0,0,0.023,0.007,1.016
25:15.2,0,0.023,0.007,1.016
25:15.4,0,0.023,0.007,1.015
25:15.6,0,0.023,0.008,1.016
25:15.8,0,0.023,0.007,1.016
25:16.0,0,0.023,0.007,1.016
25:16.2,0,0.023,0.007,1.016
25:16.4,0,0.023,0.007,1.016
25:16.6,0,0.023,0.007,1.016
25:16.8,0,0.023,0.007,1.017
25:17.0,0,0.023,0.006,1.017
25:17.2,0,0.023,0.007,1.017
25:17.4,0,0.023,0.007,1.018
25:17.6,0,0.023,0.007,1.017
25:17.8,0,0.023,0.007,1.016
25:18.0,0,0.023,0.007,1.017
25:18.2,0,0.023,0.007,1.016
25:18.4,0,0.023,0.007,1.016
25:18.6,0,0.023,0.006,1.015
25:18.8,0,0.022,0.006,1.015
25:19.1,0,0.023,0.007,1.015
25:19.3,0,0.023,0.007,1.015
25:19.5,0,0.023,0.007,1.016
25:19.7,0,0.023,0.007,1.016
25:19.9,0,0.023,0.007,1.017
25:20.1,0,0.023,0.007,1.017
25:20.3,0,0.023,0.007,1.017
25:20.5,0,0.022,0.007,1.017
25:20.7,0,0.023,0.007,1.017
25:20.9,0,0.022,0.007,1.017
25:21.1,0,0.022,0.007,1.016
25:21.3,0,0.023,0.007,1.016
25:21.5,0,0.023,0.007,1.015
25:21.7,0,0.023,0.007,1.015
25:21.9,0,0.023,0.007,1.015
25:22.1,0,0.023,0.007,1.015
25:22.3,0,0.023,0.007,1.016
25:22.5,0,0.023,0.007,1.016
25:22.7,0,0.023,0.007,1.016
25:22.9,0,0.023,0.007,1.016
25:23.1,0,0.023,0.007,1.017
25:23.3,0,0.022,0.007,1.016
25:23.5,0,0.022,0.007,1.016
25:23.7,0,0.022,0.007,1.017
25:23.9,0,0.022,0.007,1.017
25:24.1,0,0.022,0.007,1.016
25:24.3,0,0.022,0.007,1.016
25:24.5,0,0.023,0.007,1.016
25:24.7,0,0.023,0.006,1.016
25:24.9,0,0.022,0.006,1.016
25:25.1,0,0.022,0.006,1.016
25:25.3,0,0.022,0.006,1.016
25:25.5,0,0.022,0.006,1.016
25:25.7,0,0.022,0.006,1.016
25:25.9,0,0.023,0.007,1.016
25:26.2,0,0.022,0.007,1.016
25:26.4,0,0.023,0.007,1.016
25:26.6,0,0.023,0.008,1.016
25:26.8,0,0.023,0.007,1.016
25:27.0,0,0.023,0.007,1.015
25:27.2,0,0.023,0.007,1.015
25:27.4,0,0.023,0.007,1.016
25:27.6,0,0.023,0.007,1.016
25:27.8,0,0.023,0.007,1.016
25:28.0,0,0.023,0.007,1.016
25:28.2,0,0.023,0.007,1.016
25:28.4,0,0.022,0.006,1.016
25:28.6,0,0.023,0.007,1.016
25:28.8,0,0.022,0.007,1.016
25:29.0,0,0.022,0.007,1.015
25:29.2,0,0.023,0.007,1.016
25:29.4,0,0.023,0.007,1.015
25:29.6,0,0.022,0.007,1.015
25:29.8,0,0.023,0.007,1.016
25:30.0,0,0.023,0.007,1.016
25:30.2,0,0.023,0.006,1.016
25:30.4,0,0.023,0.007,1.016
25:30.6,0,0.023,0.007,1.016
25:30.8,0,0.023,0.007,1.016
25:31.0,0,0.023,0.007,1.016
25:31.2,0,0.023,0.007,1.016
25:31.4,0,0.023,0.007,1.017
25:31.6,0,0.022,0.007,1.017
25:31.8,0,0.023,0.007,1.017
25:32.0,0,0.022,0.006,1.015
25:32.2,0,0.022,0.006,1.016
25:32.4,0,0.022,0.006,1.015
25:32.6,0,0.023,0.006,1.015
25:32.8,0,0.022,0.006,1.015
25:33.0,0,0.023,0.007,1.016
25:33.2,0,0.023,0.007,1.016
25:33.4,0,0.023,0.007,1.016
25:33.7,0,0.023,0.007,1.016
25:33.9,0,0.023,0.007,1.016
25:34.1,0,0.023,0.007,1.016
25:34.3,0,0.023,0.007,1.016
25:34.5,0,0.022,0.007,1.016
25:34.7,0,0.022,0.006,1.017
25:34.9,0,0.023,0.007,1.018
25:35.1,0,0.022,0.006,1.017
25:35.3,0,0.022,0.006,1.017
25:35.5,0,0.023,0.007,1.016
25:35.7,0,0.023,0.007,1.016
25:35.9,0,0.022,0.006,1.015
25:36.1,0,0.022,0.006,1.016
25:36.3,0,0.023,0.007,1.016
25:36.5,0,0.023,0.007,1.016
25:36.7,0,0.022,0.007,1.016
25:36.9,0,0.023,0.007,1.016
25:37.1,0,0.023,0.007,1.016
25:37.3,0,0.023,0.006,1.016
25:37.5,0,0.022,0.007,1.016
25:37.7,0,0.023,0.007,1.016
25:37.9,0,0.023,0.007,1.016
25:38.1,0,0.022,0.007,1.016
25:38.3,0,0.022,0.007,1.016
25:38.5,0,0.023,0.007,1.016
25:38.7,0,0.022,0.007,1.017
25:38.9,0,0.022,0.006,1.016
25:39.1,0,0.023,0.007,1.017
25:39.3,0,0.023,0.007,1.017
25:39.5,0,0.022,0.007,1.017
25:39.7,0,0.023,0.007,1.016
25:39.9,0,0.023,0.007,1.016
25:40.1,0,0.023,0.006,1.017
25:40.3,0,0.023,0.006,1.017
25:40.5,0,0.023,0.006,1.017
25:40.7,0,0.023,0.006,1.016
25:40.9,0,0.023,0.007,1.017
25:41.2,0,0.023,0.006,1.016
25:41.4,0,0.023,0.006,1.016
25:41.6,0,0.023,0.007,1.017
25:41.8,0,0.023,0.007,1.016
25:42.0,0,0.023,0.006,1.016
25:42.2,0,0.023,0.007,1.016
25:42.4,0,0.023,0.007,1.016
25:42.6,0,0.023,0.006,1.016
25:42.8,0,0.023,0.006,1.017
25:43.0,0,0.023,0.007,1.017
25:43.2,0,0.023,0.007,1.017
25:43.4,0,0.023,0.007,1.016
25:43.6,0,0.023,0.007,1.016
25:43.8,0,0.023,0.007,1.016
25:44.0,0,0.023,0.006,1.016
25:44.2,0,0.023,0.007,1.016
25:44.4,0,0.023,0.007,1.016
25:44.6,0,0.023,0.007,1.016
25:44.8,0,0.023,0.007,1.016
25:45.0,0,0.023,0.007,1.017
25:45.2,0,0.022,0.007,1.016
25:45.4,0,0.023,0.007,1.016
25:45.6,0,0.022,0.007,1.016
25:45.8,0,0.022,0.007,1.016
25:46.0,0,0.022,0.007,1.016
25:46.2,0,0.022,0.007,1.016
25:46.4,0,0.022,0.008,1.016
25:46.6,0,0.022,0.008,1.016
25:46.8,0,0.023,0.008,1.016
25:47.0,0,0.023,0.007,1.017
25:47.2,0,0.023,0.007,1.017
25:47.4,0,0.023,0.007,1.017
25:47.6,0,0.023,0.007,1.017
25:47.8,0,0.023,0.007,1.017
25:48.0,0,0.023,0.007,1.017
25:48.3,0,0.023,0.007,1.017
25:48.5,0,0.023,0.007,1.017
25:48.7,0,0.023,0.007,1.017
25:48.9,0,0.023,0.007,1.017
25:49.1,0,0.023,0.007,1.017
25:49.3,0,0.023,0.007,1.017
25:49.5,0,0.023,0.006,1.017
25:49.7,0,0.022,0.006,1.016
25:49.9,0,0.022,0.006,1.016
25:50.1,0,0.022,0.006,1.016
25:50.3,0,0.023,0.006,1.016
25:50.5,0,0.023,0.007,1.016
25:50.7,0,0.023,0.007,1.016
25:50.9,0,0.022,0.006,1.016
25:51.1,0,0.023,0.006,1.016
25:51.3,0,0.022,0.006,1.016
25:51.5,0,0.022,0.005,1.016
25:51.7,0,0.022,0.006,1.017
25:51.9,0,0.023,0.009,1.017
25:52.1,0,0.022,0.007,1.017
25:52.3,0,0.023,0.009,1.017
25:52.5,0,0.023,0.01,1.018
25:52.7,0,0.023,0.008,1.016
25:52.9,0,0.023,0.007,1.016
25:53.1,0,0.023,0.008,1.017
25:53.3,0,0.022,0.008,1.016
25:53.5,0,0.022,0.007,1.017
25:53.7,0,0.023,0.007,1.017
25:53.9,0,0.022,0.007,1.017
25:54.1,0,0.023,0.007,1.017
25:54.3,0,0.023,0.007,1.016
25:54.5,0,0.023,0.007,1.016
25:54.7,0,0.023,0.007,1.016
25:54.9,0,0.023,0.007,1.017
25:55.1,0,0.023,0.007,1.016
25:55.4,0,0.023,0.007,1.016
25:55.6,0,0.023,0.008,1.017
25:55.8,0,0.023,0.007,1.017
25:56.0,0,0.022,0.007,1.016
25:56.2,0,0.022,0.007,1.016
25:56.4,0,0.023,0.007,1.016
25:56.6,0,0.022,0.007,1.017
25:56.8,0,0.022,0.007,1.017
25:57.0,0,0.023,0.007,1.017
25:57.2,0,0.023,0.007,1.017
25:57.4,0,0.023,0.007,1.018
25:57.6,0,0.023,0.007,1.017
25:57.8,0,0.023,0.007,1.016
25:58.0,0,0.023,0.007,1.016
25:58.2,0,0.022,0.007,1.016
25:58.4,0,0.022,0.007,1.016
25:58.6,0,0.022,0.007,1.016
25:58.8,0,0.022,0.007,1.016
25:59.0,0,0.023,0.007,1.016
25:59.2,0,0.023,0.007,1.016
25:59.4,0,0.023,0.007,1.017
25:59.6,0,0.023,0.007,1.017
25:59.8,0,0.023,0.007,1.017
26:00.0,0,0.023,0.007,1.017
26:00.2,0,0.023,0.007,1.017
26:00.4,0,0.023,0.007,1.017
26:00.6,0,0.023,0.007,1.016
26:00.8,0,0.023,0.006,1.016
26:01.0,0,0.023,0.007,1.015
26:01.2,0,0.023,0.007,1.016
26:01.4,0,0.023,0.006,1.015
26:01.6,0,0.023,0.006,1.016
26:01.8,0,0.023,0.007,1.016
26:02.0,0,0.022,0.006,1.016
26:02.2,0,0.022,0.006,1.015
26:02.4,0,0.022,0.006,1.016
26:02.7,0,0.022,0.006,1.016
26:02.9,0,0.022,0.006,1.017
26:03.1,0,0.022,0.007,1.017
26:03.3,0,0.022,0.007,1.017
26:03.5,0,0.022,0.007,1.017
26:03.7,0,0.022,0.007,1.017
26:03.9,0,0.023,0.007,1.017
26:04.1,0,0.023,0.007,1.017
26:04.3,0,0.022,0.007,1.017
26:04.5,0,0.022,0.007,1.017
26:04.7,0,0.023,0.007,1.016
26:04.9,0,0.023,0.006,1.016
26:05.1,0,0.023,0.006,1.016
26:05.3,0,0.023,0.007,1.016
26:05.5,0,0.023,0.007,1.016
26:05.7,0,0.023,0.007,1.016
26:05.9,0,0.022,0.007,1.017
26:06.1,0,0.023,0.008,1.017
26:06.3,0,0.022,0.007,1.017
26:06.5,0,0.022,0.008,1.017
26:06.7,0,0.022,0.007,1.017
26:06.9,0,0.023,0.007,1.017
26:07.1,0,0.022,0.007,1.016
26:07.3,0,0.023,0.007,1.016
26:07.5,0,0.023,0.007,1.016
26:07.7,0,0.023,0.007,1.016
26:07.9,0,0.023,0.007,1.016
26:08.1,0,0.023,0.007,1.016
26:08.3,0,0.023,0.007,1.016
26:08.5,0,0.023,0.007,1.017
26:08.7,0,0.022,0.007,1.016
26:08.9,0,0.023,0.006,1.016
26:09.1,0,0.023,0.007,1.017
26:09.3,0,0.023,0.007,1.017
26:09.5,0,0.023,0.006,1.017
26:09.8,0,0.023,0.006,1.017
26:10.0,0,0.022,0.007,1.018
26:10.2,0,0.022,0.007,1.018
26:10.4,0,0.023,0.006,1.017
26:10.6,0,0.023,0.007,1.017
26:10.8,0,0.023,0.007,1.017
26:11.0,0,0.023,0.007,1.017
26:11.2,0,0.023,0.008,1.017
26:11.4,0,0.023,0.007,1.016
26:11.6,0,0.023,0.007,1.016
26:11.8,0,0.023,0.007,1.016
26:12.0,0,0.023,0.007,1.016
26:12.2,0,0.022,0.006,1.016
26:12.4,0,0.022,0.007,1.016
26:12.6,0,0.022,0.006,1.017
26:12.8,0,0.022,0.007,1.017
26:13.0,0,0.022,0.007,1.017
26:13.2,0,0.022,0.007,1.017
26:13.4,0,0.022,0.007,1.017
26:13.6,0,0.023,0.007,1.017
26:13.8,0,0.023,0.007,1.016
26:14.0,0,0.023,0.007,1.016
26:14.2,0,0.023,0.007,1.016
26:14.4,0,0.023,0.007,1.016
26:14.6,0,0.023,0.007,1.016
26:14.8,0,0.022,0.007,1.017
26:15.0,0,0.023,0.007,1.015
26:15.2,1,0.022,0.006,1.016
26:15.4,1,0.022,0.007,1.017
26:15.6,1,0.022,0.006,1.016
26:15.8,1,0.023,0.006,1.016
26:16.0,1,0.022,0.007,1.018
26:16.2,0,0.022,0.006,1.016
26:16.4,0,0.022,0.006,1.016
26:16.6,0,0.023,0.007,1.016
26:16.8,0,0.023,0.007,1.016
26:17.1,0,0.023,0.006,1.016
26:17.3,0,0.023,0.007,1.016
26:17.5,0,0.023,0.007,1.016
26:17.7,0,0.022,0.007,1.016
26:17.9,0,0.022,0.007,1.016
26:18.1,0,0.022,0.007,1.016
26:18.3,0,0.023,0.007,1.015
26:18.5,0,0.023,0.007,1.015
26:18.7,0,0.023,0.007,1.015
26:18.9,0,0.023,0.007,1.016
26:19.1,0,0.023,0.008,1.016
26:19.3,0,0.023,0.007,1.016
26:19.5,0,0.023,0.008,1.017
26:19.7,0,0.023,0.007,1.017
26:19.9,0,0.022,0.007,1.017
26:20.1,0,0.022,0.007,1.016
26:20.3,0,0.023,0.007,1.016
26:20.5,0,0.023,0.007,1.015
26:20.7,0,0.023,0.008,1.015
26:20.9,0,0.023,0.007,1.015
26:21.1,0,0.023,0.008,1.016
26:21.3,0,0.023,0.008,1.017
26:21.5,0,0.023,0.008,1.017
26:21.7,0,0.023,0.007,1.017
26:21.9,0,0.023,0.008,1.017
26:22.1,0,0.023,0.007,1.017
26:22.3,0,0.022,0.007,1.017
26:22.5,0,0.023,0.008,1.018
26:22.7,0,0.023,0.007,1.018
26:22.9,0,0.022,0.006,1.018
26:23.1,0,0.023,0.007,1.017
26:23.3,0,0.023,0.007,1.017
26:23.5,0,0.023,0.006,1.016
26:23.7,0,0.023,0.007,1.016
26:23.9,0,0.023,0.007,1.015
26:24.2,0,0.022,0.006,1.015
26:24.4,0,0.022,0.006,1.015
26:24.6,0,0.022,0.006,1.015
26:24.8,0,0.022,0.006,1.015
26:25.0,0,0.022,0.006,1.015
26:25.2,0,0.023,0.007,1.015
26:25.4,0,0.023,0.007,1.015
26:25.6,0,0.023,0.007,1.016
26:25.8,0,0.023,0.008,1.017
26:26.0,0,0.023,0.007,1.016
26:26.2,0,0.022,0.007,1.017
26:26.4,0,0.022,0.007,1.017
26:26.6,0,0.023,0.007,1.017
26:26.8,0,0.023,0.007,1.017
26:27.0,0,0.023,0.007,1.017
26:27.2,0,0.023,0.007,1.016
26:27.4,0,0.023,0.007,1.016
26:27.6,0,0.023,0.006,1.016
26:27.8,0,0.023,0.007,1.016
26:28.0,0,0.023,0.007,1.015
26:28.2,0,0.023,0.007,1.016
26:28.4,0,0.023,0.007,1.016
26:28.6,1,0.023,0.007,1.016
26:28.8,1,0.022,0.006,1.016
26:29.0,1,0.023,0.007,1.016
26:29.2,1,0.023,0.007,1.016
26:29.4,1,0.023,0.007,1.016
26:29.6,0,0.023,0.007,1.016
26:29.8,0,0.023,0.007,1.017
26:30.0,0,0.022,0.007,1.017
26:30.2,0,0.023,0.007,1.017
26:30.4,0,0.023,0.007,1.017
26:30.6,0,0.023,0.007,1.017
26:30.8,0,0.023,0.007,1.017
26:31.0,0,0.023,0.007,1.016
26:31.2,0,0.023,0.007,1.016
26:31.5,0,0.023,0.008,1.016
26:31.7,0,0.023,0.008,1.016
26:31.9,0,0.023,0.007,1.016
26:32.1,0,0.023,0.008,1.017
26:32.3,0,0.023,0.007,1.016
26:32.5,0,0.023,0.007,1.016
26:32.7,0,0.023,0.007,1.016
26:32.9,0,0.023,0.008,1.017
26:33.1,0,0.023,0.007,1.016
26:33.3,0,0.023,0.007,1.016
26:33.5,0,0.023,0.008,1.016
26:33.7,0,0.023,0.007,1.016
26:33.9,0,0.023,0.007,1.016
26:34.1,0,0.022,0.007,1.016
26:34.3,0,0.022,0.007,1.016
26:34.5,0,0.022,0.007,1.016
26:34.7,0,0.023,0.007,1.016
26:34.9,0,0.023,0.007,1.016
26:35.1,0,0.023,0.007,1.017
26:35.3,0,0.022,0.007,1.017
26:35.5,0,0.023,0.007,1.016
26:35.7,0,0.023,0.006,1.016
26:35.9,0,0.023,0.007,1.016
26:36.1,0,0.023,0.007,1.016
26:36.3,0,0.023,0.007,1.016
26:36.5,0,0.023,0.007,1.016
26:36.7,0,0.023,0.007,1.016
26:36.9,0,0.023,0.007,1.016
26:37.1,0,0.023,0.006,1.016
26:37.3,0,0.023,0.006,1.017
26:37.5,0,0.023,0.007,1.017
26:37.7,0,0.023,0.007,1.017
26:37.9,0,0.022,0.006,1.016
26:38.1,0,0.023,0.007,1.017
26:38.3,0,0.022,0.007,1.017
26:38.5,0,0.022,0.007,1.017
26:38.8,0,0.023,0.007,1.017
26:39.0,0,0.023,0.008,1.017
26:39.2,0,0.023,0.007,1.017
26:39.4,0,0.023,0.007,1.017
26:39.6,0,0.023,0.007,1.017
26:39.8,0,0.023,0.006,1.017
26:40.0,0,0.023,0.006,1.016
26:40.2,0,0.023,0.007,1.016
26:40.4,0,0.023,0.007,1.016
26:40.6,0,0.023,0.007,1.016
26:40.8,0,0.023,0.007,1.016
26:41.0,0,0.023,0.007,1.016
26:41.2,0,0.023,0.007,1.016
26:41.4,0,0.023,0.007,1.016
26:41.6,0,0.023,0.006,1.016
26:41.8,0,0.023,0.007,1.016
26:42.0,0,0.023,0.007,1.016
26:42.2,0,0.022,0.006,1.016
26:42.4,0,0.022,0.006,1.017
26:42.6,0,0.022,0.007,1.017
26:42.8,0,0.022,0.006,1.017
26:43.0,0,0.022,0.006,1.017
26:43.2,0,0.022,0.007,1.016
26:43.4,0,0.022,0.007,1.016
26:43.6,0,0.022,0.007,1.016
26:43.8,0,0.022,0.007,1.016
26:44.0,0,0.023,0.007,1.016
26:44.2,0,0.023,0.007,1.017
26:44.4,0,0.022,0.007,1.016
26:44.6,0,0.023,0.006,1.016
26:44.8,0,0.023,0.007,1.016
26:45.0,0,0.022,0.007,1.016
26:45.2,0,0.022,0.007,1.016
26:45.4,0,0.022,0.007,1.015
26:45.6,0,0.023,0.007,1.015
26:45.8,0,0.023,0.007,1.016
26:46.0,0,0.023,0.007,1.016
26:46.3,0,0.023,0.007,1.015
26:46.5,0,0.023,0.007,1.016
26:46.7,0,0.023,0.007,1.016
26:46.9,0,0.023,0.007,1.016
26:47.1,0,0.023,0.007,1.016
26:47.3,0,0.022,0.008,1.017
26:47.5,0,0.022,0.007,1.017
26:47.7,0,0.022,0.007,1.017
26:47.9,0,0.022,0.007,1.017
26:48.1,0,0.022,0.007,1.017
26:48.3,0,0.022,0.007,1.016
26:48.5,0,0.022,0.007,1.016
26:48.7,0,0.022,0.006,1.016
26:48.9,0,0.022,0.006,1.016
26:49.1,0,0.023,0.007,1.016
26:49.3,0,0.023,0.007,1.016
26:49.5,0,0.023,0.007,1.016
26:49.7,0,0.023,0.007,1.016
26:49.9,0,0.023,0.007,1.016
26:50.1,0,0.023,0.006,1.016
26:50.3,0,0.023,0.006,1.016
26:50.5,0,0.023,0.006,1.017
26:50.7,0,0.022,0.007,1.017
26:50.9,0,0.022,0.006,1.017
26:51.1,0,0.023,0.006,1.017
26:51.3,0,0.022,0.006,1.016
26:51.5,0,0.023,0.007,1.016
26:51.7,0,0.023,0.007,1.016
26:51.9,0,0.023,0.007,1.016
26:52.1,0,0.023,0.007,1.016
26:52.3,0,0.023,0.008,1.016
26:52.5,0,0.023,0.007,1.016
26:52.7,0,0.022,0.007,1.017
26:52.9,0,0.023,0.007,1.017
26:53.2,0,0.023,0.007,1.016
26:53.4,0,0.023,0.007,1.016
26:53.6,0,0.022,0.007,1.017
26:53.8,0,0.023,0.007,1.016
26:54.0,0,0.022,0.006,1.016
26:54.2,0,0.023,0.007,1.016
26:54.4,0,0.023,0.006,1.016
26:54.6,0,0.023,0.006,1.015
26:54.8,0,0.023,0.006,1.016
26:55.0,0,0.023,0.007,1.017
26:55.2,0,0.022,0.006,1.016
26:55.4,0,0.023,0.007,1.016
26:55.6,0,0.023,0.007,1.017
26:55.8,0,0.023,0.007,1.016
26:56.0,0,0.023,0.007,1.016
26:56.2,0,0.023,0.007,1.016
26:56.4,0,0.022,0.006,1.015
26:56.6,0,0.022,0.006,1.015
26:56.8,0,0.022,0.007,1.015
26:57.0,0,0.022,0.007,1.015
26:57.2,0,0.023,0.007,1.015
26:57.4,0,0.023,0.007,1.015
26:57.6,0,0.023,0.007,1.016
26:57.8,0,0.023,0.006,1.016
26:58.0,0,0.023,0.006,1.015
26:58.2,0,0.023,0.006,1.015
26:58.4,0,0.022,0.006,1.016
26:58.6,0,0.023,0.007,1.015
26:58.8,0,0.022,0.006,1.015
26:59.0,0,0.022,0.007,1.016
26:59.2,0,0.023,0.007,1.016
26:59.4,0,0.023,0.007,1.016
26:59.6,0,0.023,0.007,1.016
26:59.8,0,0.023,0.007,1.017
27:00.1,0,0.023,0.006,1.017
27:00.3,0,0.023,0.007,1.017
27:00.5,0,0.023,0.007,1.017
27:00.7,0,0.023,0.007,1.017
27:00.9,0,0.023,0.007,1.017
27:01.1,0,0.023,0.007,1.017
27:01.3,0,0.023,0.007,1.017
27:01.5,0,0.023,0.007,1.017
27:01.7,0,0.023,0.007,1.017
27:01.9,0,0.023,0.007,1.017
27:02.1,0,0.023,0.008,1.018
27:02.3,0,0.023,0.007,1.017
27:02.5,0,0.023,0.007,1.016
27:02.7,0,0.023,0.008,1.016
27:02.9,0,0.023,0.007,1.016
27:03.1,0,0.022,0.006,1.015
27:03.3,0,0.023,0.006,1.016
27:03.5,0,0.023,0.007,1.017
27:03.7,0,0.023,0.007,1.017
27:03.9,0,0.022,0.007,1.016
27:04.1,0,0.022,0.007,1.016
27:04.3,0,0.022,0.007,1.017
27:04.5,0,0.022,0.007,1.016
27:04.7,0,0.022,0.007,1.015
27:04.9,0,0.023,0.008,1.015
27:05.1,0,0.023,0.007,1.016
27:05.3,0,0.023,0.008,1.016
27:05.5,0,0.023,0.007,1.017
27:05.7,0,0.023,0.007,1.017
27:05.9,0,0.023,0.007,1.017
27:06.1,0,0.023,0.007,1.016
27:06.3,0,0.022,0.006,1.016
27:06.5,0,0.023,0.007,1.016
27:06.7,0,0.023,0.007,1.017
27:07.0,0,0.023,0.006,1.016
27:07.2,0,0.022,0.006,1.016
27:07.4,0,0.023,0.007,1.016
27:07.6,0,0.023,0.007,1.016
27:07.8,0,0.022,0.006,1.016
27:08.0,0,0.022,0.007,1.017
27:08.2,0,0.023,0.007,1.017
27:08.4,0,0.023,0.006,1.016
27:08.6,0,0.022,0.006,1.016
27:08.8,0,0.022,0.007,1.016
27:09.0,0,0.022,0.007,1.016
27:09.2,0,0.022,0.007,1.017
27:09.4,0,0.023,0.007,1.017
27:09.6,0,0.023,0.007,1.017
27:09.8,0,0.023,0.007,1.017
27:10.0,0,0.023,0.007,1.017
27:10.2,0,0.023,0.007,1.017
27:10.4,0,0.022,0.007,1.016
27:10.6,0,0.022,0.007,1.016
27:10.8,0,0.022,0.007,1.016
27:11.0,0,0.023,0.007,1.016
27:11.2,0,0.022,0.007,1.016
27:11.4,0,0.023,0.007,1.017
27:11.6,0,0.023,0.007,1.017
27:11.8,0,0.023,0.007,1.017
27:12.0,0,0.022,0.007,1.017
27:12.2,0,0.022,0.007,1.017
27:12.4,0,0.022,0.007,1.017
27:12.6,0,0.022,0.007,1.017
27:12.8,0,0.022,0.007,1.017
27:13.0,0,0.022,0.007,1.016
27:13.2,0,0.022,0.007,1.017
27:13.4,0,0.023,0.007,1.016
27:13.6,0,0.023,0.007,1.016
27:13.9,0,0.023,0.007,1.017
27:14.1,0,0.023,0.007,1.016
27:14.3,0,0.023,0.007,1.016
27:14.5,0,0.023,0.006,1.016
27:14.7,0,0.022,0.007,1.016
27:14.9,0,0.022,0.006,1.015
27:15.1,0,0.022,0.006,1.016
27:15.3,0,0.022,0.006,1.016
27:15.5,0,0.022,0.007,1.016
27:15.7,0,0.022,0.007,1.016
27:15.9,0,0.023,0.007,1.017
27:16.1,0,0.023,0.007,1.017
27:16.3,0,0.023,0.007,1.017
27:16.5,0,0.023,0.007,1.016
27:16.7,0,0.023,0.007,1.016
27:16.9,0,0.023,0.007,1.016
27:17.1,0,0.023,0.006,1.016
27:17.3,0,0.023,0.006,1.016
27:17.5,0,0.023,0.007,1.016
27:17.7,0,0.022,0.006,1.017
27:17.9,0,0.022,0.007,1.017
27:18.1,0,0.023,0.007,1.016
27:18.3,0,0.022,0.007,1.016
27:18.5,0,0.023,0.007,1.016
27:18.7,0,0.023,0.008,1.017
27:18.9,0,0.023,0.007,1.017
27:19.1,0,0.023,0.007,1.017
27:19.3,0,0.023,0.007,1.016
27:19.5,0,0.023,0.007,1.017
27:19.7,0,0.023,0.007,1.017
27:19.9,0,0.023,0.006,1.016
27:20.1,0,0.023,0.007,1.016
27:20.3,0,0.023,0.007,1.017
27:20.5,0,0.022,0.007,1.016
27:20.8,0,0.023,0.007,1.016
27:21.0,0,0.022,0.007,1.016
27:21.2,0,0.023,0.007,1.016
27:21.4,0,0.023,0.007,1.016
27:21.6,0,0.022,0.007,1.015
27:21.8,0,0.022,0.007,1.015
27:22.0,0,0.022,0.007,1.015
27:22.2,0,0.022,0.007,1.015
27:22.4,0,0.022,0.007,1.016
27:22.6,0,0.022,0.007,1.016
27:22.8,0,0.022,0.007,1.016
27:23.0,0,0.022,0.006,1.016
27:23.2,0,0.022,0.007,1.017
27:23.4,0,0.023,0.007,1.017
27:23.6,0,0.022,0.007,1.016
27:23.8,0,0.022,0.007,1.017
27:24.0,0,0.023,0.008,1.016
27:24.2,0,0.023,0.006,1.015
27:24.4,0,0.023,0.007,1.016
27:24.6,0,0.023,0.007,1.016
27:24.8,0,0.023,0.006,1.016
27:25.0,0,0.023,0.006,1.016
27:25.2,0,0.022,0.007,1.017
27:25.4,0,0.022,0.006,1.016
27:25.6,0,0.022,0.006,1.016
27:25.8,0,0.022,0.007,1.016
27:26.0,0,0.022,0.007,1.015
27:26.2,0,0.023,0.007,1.014
27:26.4,0,0.023,0.007,1.015
27:26.6,0,0.023,0.007,1.015
27:26.8,0,0.022,0.007,1.015
27:27.0,0,0.022,0.007,1.015
27:27.2,0,0.022,0.007,1.016
27:27.4,0,0.023,0.007,1.016
27:27.7,0,0.023,0.007,1.016
27:27.9,0,0.023,0.007,1.016
27:28.1,0,0.023,0.007,1.017
27:28.3,0,0.023,0.007,1.016
27:28.5,0,0.023,0.007,1.016
27:28.7,0,0.023,0.007,1.016
27:28.9,0,0.023,0.007,1.016
27:29.1,0,0.022,0.007,1.016
27:29.3,0,0.022,0.007,1.016
27:29.5,0,0.022,0.007,1.016
27:29.7,0,0.022,0.007,1.016
27:29.9,0,0.022,0.007,1.016
27:30.1,0,0.023,0.007,1.016
27:30.3,0,0.023,0.006,1.016
27:30.5,0,0.023,0.006,1.016
27:30.7,0,0.023,0.006,1.015
27:30.9,0,0.023,0.006,1.015
27:31.1,0,0.023,0.006,1.015
27:31.3,0,0.023,0.007,1.015
27:31.5,0,0.022,0.007,1.015
27:31.7,0,0.022,0.007,1.017
27:31.9,0,0.022,0.007,1.017
27:32.1,0,0.022,0.007,1.017
27:32.3,0,0.022,0.007,1.017
27:32.5,0,0.022,0.006,1.017
27:32.7,0,0.022,0.006,1.017
27:32.9,0,0.022,0.007,1.017
27:33.1,0,0.022,0.006,1.016
27:33.3,0,0.022,0.006,1.016
27:33.5,0,0.023,0.007,1.015
27:33.7,0,0.023,0.006,1.015
27:33.9,0,0.023,0.006,1.015
27:34.1,0,0.023,0.007,1.016
27:34.3,0,0.023,0.007,1.016
27:34.5,0,0.022,0.007,1.016
27:34.8,0,0.023,0.007,1.016
27:35.0,0,0.023,0.007,1.016
27:35.2,0,0.023,0.007,1.016
27:35.4,0,0.022,0.007,1.017
27:35.6,0,0.022,0.006,1.017
27:35.8,0,0.022,0.006,1.017
27:36.0,0,0.022,0.006,1.017
27:36.2,0,0.022,0.006,1.016
27:36.4,0,0.022,0.006,1.016
27:36.6,0,0.022,0.007,1.016
27:36.8,0,0.022,0.006,1.016
27:37.0,0,0.022,0.006,1.016
27:37.2,0,0.022,0.006,1.016
27:37.4,0,0.022,0.006,1.016
27:37.6,0,0.023,0.006,1.016
27:37.8,0,0.023,0.006,1.016
27:38.0,0,0.023,0.006,1.017
27:38.2,0,0.022,0.006,1.016
27:38.4,0,0.023,0.007,1.016
27:38.6,0,0.023,0.007,1.016
27:38.8,0,0.023,0.007,1.016
27:39.0,0,0.022,0.007,1.016
27:39.2,0,0.022,0.007,1.016
27:39.4,0,0.022,0.007,1.016
27:39.6,0,0.022,0.007,1.016
27:39.8,0,0.022,0.007,1.016
27:40.0,0,0.022,0.007,1.017
27:40.2,0,0.022,0.007,1.016
27:40.4,0,0.023,0.007,1.016
27:40.6,0,0.023,0.007,1.016
27:40.8,0,0.023,0.007,1.016
27:41.0,0,0.023,0.007,1.016
27:41.2,0,0.023,0.007,1.016
27:41.4,0,0.022,0.006,1.017
27:41.6,0,0.022,0.007,1.017
27:41.9,0,0.022,0.007,1.016
27:42.1,0,0.023,0.007,1.016
27:42.3,0,0.022,0.007,1.017
27:42.5,0,0.022,0.007,1.017
27:42.7,0,0.022,0.006,1.016
27:42.9,0,0.023,0.007,1.016
27:43.1,0,0.022,0.006,1.016
27:43.3,0,0.022,0.006,1.016
27:43.5,0,0.022,0.007,1.017
27:43.7,0,0.023,0.006,1.016
27:43.9,0,0.022,0.006,1.017
27:44.1,0,0.023,0.007,1.016
27:44.3,0,0.023,0.006,1.016
27:44.5,0,0.023,0.007,1.016
27:44.7,0,0.022,0.007,1.016
27:44.9,0,0.023,0.007,1.016
27:45.1,0,0.023,0.007,1.016
27:45.3,0,0.022,0.007,1.016
27:45.5,0,0.022,0.007,1.015
27:45.7,0,0.023,0.007,1.016
27:45.9,0,0.022,0.007,1.016
27:46.1,0,0.022,0.007,1.016
27:46.3,0,0.022,0.007,1.017
27:46.5,0,0.022,0.007,1.016
27:46.7,0,0.022,0.007,1.017
27:46.9,1,0.022,0.007,1.017
27:47.1,1,0.022,0.007,1.016
27:47.3,1,0.023,0.007,1.016
27:47.5,1,0.023,0.008,1.017
27:47.7,1,0.022,0.008,1.017
27:47.9,0,0.022,0.007,1.016
27:48.1,0,0.023,0.007,1.016
27:48.3,0,0.023,0.008,1.016
27:48.5,0,0.022,0.006,1.017
27:48.7,0,0.022,0.006,1.016
27:49.0,0,0.023,0.007,1.016
27:49.2,0,0.022,0.007,1.016
27:49.4,0,0.022,0.006,1.016
27:49.6,0,0.022,0.007,1.016
27:49.8,0,0.022,0.007,1.016
27:50.0,0,0.022,0.007,1.016
27:50.2,0,0.023,0.007,1.016
27:50.4,0,0.022,0.007,1.016
27:50.6,0,0.023,0.007,1.017
27:50.8,0,0.022,0.006,1.017
27:51.0,0,0.022,0.006,1.017
27:51.2,0,0.022,0.006,1.017
27:51.4,1,0.022,0.006,1.016
27:51.6,1,0.022,0.007,1.016
27:51.8,1,0.022,0.007,1.016
27:52.0,1,0.022,0.007,1.016
27:52.2,1,0.022,0.007,1.016
27:52.4,1,0.022,0.007,1.016
27:52.6,0,0.022,0.007,1.016
27:52.8,0,0.023,0.006,1.016
27:53.0,0,0.023,0.007,1.016
27:53.2,0,0.023,0.007,1.017
27:53.4,0,0.023,0.007,1.017
27:53.6,0,0.023,0.007,1.017
27:53.8,0,0.023,0.007,1.017
27:54.0,0,0.023,0.007,1.017
27:54.2,0,0.023,0.006,1.017
27:54.4,0,0.023,0.007,1.017
27:54.6,0,0.023,0.007,1.017
27:54.8,0,0.022,0.007,1.017
27:55.0,0,0.022,0.007,1.017
27:55.2,0,0.022,0.007,1.017
27:55.4,0,0.022,0.007,1.017
27:55.6,0,0.022,0.007,1.017
27:55.8,0,0.022,0.006,1.016
27:56.0,0,0.022,0.006,1.016
27:56.2,0,0.022,0.006,1.017
27:56.4,0,0.022,0.006,1.016
27:56.7,0,0.022,0.006,1.016
27:56.9,0,0.022,0.007,1.016
27:57.1,0,0.022,0.007,1.017
27:57.3,0,0.022,0.007,1.016
27:57.5,0,0.022,0.007,1.016
27:57.7,0,0.022,0.007,1.016
27:57.9,0,0.023,0.007,1.016
27:58.1,0,0.022,0.007,1.016
27:58.3,0,0.023,0.007,1.016
27:58.5,0,0.023,0.007,1.016
27:58.7,0,0.02,0.01,1.044
27:58.9,0,0.022,0.011,1.036
27:59.1,0,0.022,0.011,1.033
27:59.3,0,0.022,0.012,1.036
27:59.5,0,0.022,0.012,1.037
27:59.7,0,0.024,0.008,1.008
27:59.9,0,0.023,0.007,1.016
28:00.1,0,0.022,0.007,1.019
28:00.3,0,0.022,0.006,1.016
28:00.5,0,0.022,0.006,1.015
28:00.7,0,0.022,0.007,1.017
28:00.9,0,0.022,0.007,1.017
28:01.1,0,0.022,0.007,1.017
28:01.3,0,0.022,0.007,1.017
28:01.5,0,0.022,0.007,1.017
28:01.7,0,0.022,0.007,1.016
28:01.9,0,0.022,0.007,1.016
28:02.1,0,0.022,0.007,1.016
28:02.3,0,0.022,0.007,1.016
28:02.5,0,0.022,0.007,1.017
28:02.7,0,0.022,0.007,1.017
28:02.9,0,0.023,0.007,1.016
28:03.1,0,0.022,0.007,1.016
28:03.3,0,0.022,0.007,1.016
28:03.5,0,0.022,0.007,1.016
28:03.7,0,0.023,0.006,1.016
28:03.9,0,0.023,0.006,1.015
28:04.2,0,0.023,0.006,1.016
28:04.4,0,0.023,0.007,1.016
28:04.6,0,0.023,0.006,1.016
28:04.8,0,0.023,0.007,1.016
28:05.0,0,0.023,0.007,1.016
28:05.2,0,0.023,0.007,1.016
28:05.4,0,0.023,0.007,1.016
28:05.6,0,0.023,0.007,1.016
28:05.8,0,0.023,0.007,1.017
28:06.0,0,0.023,0.007,1.017
28:06.2,0,0.022,0.007,1.017
28:06.4,0,0.022,0.007,1.016
28:06.6,0,0.022,0.007,1.016
28:06.8,0,0.022,0.007,1.016
28:07.0,0,0.022,0.007,1.016
28:07.2,0,0.023,0.007,1.016
28:07.4,0,0.023,0.007,1.016
28:07.6,0,0.023,0.007,1.016
28:07.8,0,0.023,0.007,1.016
28:08.0,0,0.023,0.007,1.017
28:08.2,0,0.023,0.006,1.016
28:08.4,0,0.023,0.006,1.017
28:08.6,0,0.023,0.007,1.016
28:08.8,0,0.023,0.006,1.016
28:09.0,0,0.022,0.007,1.016
28:09.2,0,0.023,0.007,1.016
28:09.4,0,0.022,0.006,1.016
28:09.6,0,0.023,0.006,1.015
28:09.8,0,0.023,0.007,1.015
28:10.0,0,0.023,0.007,1.015
28:10.2,0,0.023,0.007,1.016
28:10.4,0,0.023,0.007,1.016
28:10.6,0,0.023,0.007,1.016
28:10.8,0,0.023,0.006,1.016
28:11.0,0,0.023,0.007,1.017
28:11.2,0,0.023,0.007,1.016
28:11.5,0,0.023,0.007,1.017
28:11.7,0,0.023,0.007,1.017
28:11.9,0,0.023,0.007,1.017
28:12.1,0,0.022,0.007,1.017
28:12.3,0,0.022,0.007,1.017
28:12.5,0,0.023,0.007,1.016
28:12.7,0,0.022,0.007,1.016
28:12.9,0,0.022,0.007,1.016
28:13.1,0,0.022,0.007,1.017
28:13.3,0,0.022,0.007,1.017
28:13.5,0,0.022,0.007,1.017
28:13.7,0,0.022,0.007,1.017
28:13.9,0,0.022,0.007,1.017
28:14.1,0,0.022,0.007,1.017
28:14.3,0,0.022,0.007,1.017
28:14.5,0,0.022,0.007,1.017
28:14.7,0,0.022,0.007,1.017
28:14.9,0,0.023,0.007,1.017
28:15.1,0,0.022,0.007,1.016
28:15.3,0,0.023,0.007,1.016
28:15.5,0,0.023,0.007,1.016
28:15.7,0,0.023,0.006,1.016
28:15.9,0,0.023,0.006,1.016
28:16.1,0,0.023,0.007,1.016
28:16.3,0,0.023,0.007,1.016
28:16.5,0,0.022,0.007,1.016
28:16.7,0,0.023,0.007,1.016
28:16.9,0,0.022,0.007,1.016
28:17.1,0,0.022,0.007,1.016
28:17.3,0,0.023,0.007,1.016
28:17.5,0,0.023,0.007,1.016
28:17.7,0,0.023,0.007,1.016
28:17.9,0,0.023,0.007,1.016
28:18.1,0,0.023,0.007,1.015
28:18.3,0,0.023,0.007,1.015
28:18.6,0,0.022,0.007,1.016
28:18.8,0,0.022,0.007,1.016
28:19.0,0,0.022,0.007,1.016
28:19.2,0,0.022,0.007,1.016
28:19.4,0,0.022,0.007,1.016
28:19.6,0,0.022,0.007,1.016
28:19.8,0,0.023,0.007,1.016
28:20.0,0,0.023,0.007,1.016
28:20.2,0,0.023,0.007,1.016
28:20.4,0,0.023,0.007,1.016
28:20.6,0,0.023,0.006,1.015
28:20.8,0,0.023,0.007,1.016
28:21.0,0,0.023,0.007,1.016
28:21.2,0,0.022,0.007,1.016
28:21.4,0,0.022,0.007,1.016
28:21.6,0,0.023,0.007,1.016
28:21.8,0,0.022,0.007,1.016
28:22.0,0,0.023,0.007,1.015
28:22.2,0,0.023,0.007,1.016
28:22.4,0,0.023,0.007,1.015
28:22.6,0,0.023,0.007,1.016
28:22.8,0,0.023,0.007,1.017
28:23.0,0,0.023,0.008,1.017
28:23.2,0,0.023,0.008,1.017
28:23.4,0,0.022,0.008,1.018
28:23.6,0,0.022,0.007,1.016
28:23.8,0,0.022,0.007,1.016
28:24.0,0,0.023,0.007,1.016
28:24.2,0,0.023,0.007,1.016
28:24.4,0,0.023,0.007,1.015
28:24.6,0,0.023,0.007,1.015
28:24.8,0,0.023,0.007,1.016
28:25.0,0,0.023,0.007,1.016
28:25.3,0,0.023,0.007,1.016
28:25.5,0,0.023,0.007,1.016
28:25.7,0,0.023,0.007,1.016
28:25.9,0,0.022,0.007,1.016
28:26.1,0,0.022,0.007,1.016
28:26.3,0,0.022,0.007,1.015
28:26.5,0,0.023,0.007,1.015
28:26.7,0,0.023,0.007,1.015
28:26.9,0,0.023,0.007,1.016
28:27.1,0,0.023,0.007,1.016
28:27.3,0,0.023,0.007,1.017
28:27.5,0,0.023,0.007,1.017
28:27.7,0,0.023,0.007,1.017
28:27.9,0,0.022,0.007,1.016
28:28.1,0,0.023,0.007,1.016
28:28.3,0,0.023,0.007,1.015
28:28.5,0,0.023,0.006,1.015
28:28.7,0,0.022,0.007,1.016
28:28.9,0,0.023,0.007,1.016
28:29.1,0,0.023,0.006,1.016
28:29.3,0,0.023,0.006,1.016
28:29.5,0,0.023,0.006,1.016
28:29.7,0,0.023,0.006,1.016
28:29.9,0,0.022,0.006,1.016
28:30.1,0,0.023,0.006,1.016
28:30.3,0,0.022,0.007,1.016
28:30.5,0,0.022,0.006,1.016
28:30.7,0,0.023,0.007,1.017
28:30.9,0,0.023,0.007,1.016
28:31.1,0,0.023,0.007,1.016
28:31.3,0,0.022,0.007,1.016
28:31.5,0,0.023,0.007,1.016
28:31.7,0,0.022,0.006,1.015
28:32.0,0,0.022,0.007,1.016
28:32.2,0,0.022,0.006,1.016
28:32.4,0,0.022,0.007,1.015
28:32.6,0,0.022,0.007,1.015
28:32.8,0,0.022,0.007,1.015
28:33.0,0,0.022,0.007,1.016
28:33.2,0,0.022,0.007,1.016
28:33.4,0,0.022,0.007,1.016
28:33.6,0,0.022,0.007,1.016
28:33.8,0,0.022,0.007,1.016
28:34.0,0,0.022,0.007,1.016
28:34.2,0,0.022,0.006,1.016
28:34.4,0,0.023,0.007,1.016
28:34.6,0,0.022,0.006,1.016
28:34.8,0,0.023,0.006,1.016
28:35.0,0,0.023,0.007,1.017
28:35.2,0,0.023,0.006,1.016
28:35.4,0,0.023,0.006,1.016
28:35.6,0,0.023,0.007,1.016
28:35.8,0,0.023,0.006,1.016
28:36.0,0,0.023,0.006,1.015
28:36.2,0,0.022,0.006,1.016
28:36.4,0,0.022,0.007,1.017
28:36.6,0,0.022,0.007,1.016
28:36.8,0,0.022,0.007,1.016
28:37.0,0,0.022,0.007,1.016
28:37.2,0,0.022,0.008,1.016
28:37.4,0,0.023,0.007,1.016
28:37.6,0,0.022,0.007,1.015
28:37.8,0,0.022,0.007,1.016
28:38.0,0,0.022,0.007,1.016
28:38.2,0,0.023,0.006,1.015
28:38.4,0,0.023,0.007,1.015
28:38.6,0,0.023,0.007,1.016
28:38.8,0,0.023,0.007,1.016
28:39.1,0,0.023,0.007,1.016
28:39.3,0,0.023,0.007,1.016
28:39.5,0,0.022,0.006,1.016
28:39.7,0,0.022,0.006,1.016
28:39.9,0,0.022,0.007,1.016
28:40.1,0,0.022,0.006,1.017
28:40.3,0,0.022,0.007,1.017
28:40.5,0,0.022,0.007,1.017
28:40.7,0,0.022,0.007,1.017
28:40.9,0,0.022,0.007,1.017
28:41.1,0,0.023,0.007,1.017
28:41.3,0,0.022,0.007,1.017
28:41.5,0,0.022,0.007,1.017
28:41.7,0,0.022,0.007,1.017
28:41.9,0,0.022,0.007,1.016
28:42.1,0,0.022,0.006,1.016
28:42.3,0,0.022,0.007,1.016
28:42.5,0,0.022,0.007,1.016
28:42.7,0,0.022,0.006,1.016
28:42.9,0,0.022,0.006,1.016
28:43.1,0,0.022,0.006,1.016
28:43.3,0,0.022,0.006,1.016
28:43.5,0,0.022,0.006,1.016
28:43.7,0,0.023,0.006,1.016
28:43.9,0,0.023,0.006,1.016
28:44.1,0,0.023,0.006,1.016
28:44.3,0,0.023,0.007,1.016
28:44.5,0,0.022,0.006,1.016
28:44.7,0,0.022,0.006,1.016
28:44.9,0,0.022,0.007,1.016
28:45.1,0,0.022,0.007,1.016
28:45.3,0,0.022,0.007,1.016
28:45.5,0,0.022,0.006,1.016
28:45.8,0,0.022,0.006,1.016
28:46.0,0,0.022,0.006,1.016
28:46.2,0,0.022,0.006,1.016
28:46.4,0,0.023,0.006,1.016
28:46.6,0,0.023,0.007,1.017
28:46.8,0,0.023,0.007,1.017
28:47.0,0,0.023,0.007,1.017
28:47.2,0,0.022,0.007,1.017
28:47.4,0,0.022,0.007,1.017
28:47.6,0,0.023,0.007,1.016
28:47.8,0,0.022,0.006,1.015
28:48.0,0,0.022,0.006,1.015
28:48.2,0,0.023,0.007,1.016
28:48.4,0,0.022,0.006,1.016
28:48.6,0,0.022,0.006,1.017
28:48.8,0,0.023,0.007,1.017
28:49.0,0,0.023,0.007,1.017
28:49.2,0,0.023,0.007,1.017
28:49.4,0,0.023,0.007,1.017
28:49.6,0,0.023,0.007,1.016
28:49.8,0,0.023,0.007,1.017
28:50.0,0,0.023,0.007,1.017
28:50.2,0,0.023,0.007,1.016
28:50.4,0,0.023,0.007,1.017
28:50.6,0,0.023,0.007,1.017
28:50.8,0,0.023,0.007,1.016
28:51.0,0,0.023,0.007,1.016
28:51.2,0,0.023,0.007,1.016
28:51.4,0,0.023,0.006,1.015
28:51.6,0,0.023,0.007,1.016
28:51.8,0,0.023,0.007,1.016
28:52.0,0,0.023,0.007,1.016
28:52.2,0,0.023,0.007,1.017
28:52.4,0,0.023,0.007,1.018
28:52.6,0,0.022,0.007,1.018
28:52.8,0,0.022,0.007,1.018
28:53.0,0,0.022,0.007,1.018
28:53.3,0,0.022,0.007,1.017
28:53.5,0,0.022,0.007,1.016
28:53.7,0,0.022,0.007,1.016
28:53.9,0,0.022,0.007,1.016
28:54.1,0,0.023,0.007,1.016
28:54.3,0,0.023,0.007,1.016
28:54.5,0,0.023,0.006,1.016
28:54.7,0,0.023,0.007,1.016
28:54.9,0,0.023,0.007,1.016
28:55.1,0,0.023,0.007,1.016
28:55.3,0,0.023,0.007,1.016
28:55.5,0,0.022,0.007,1.017
28:55.7,0,0.022,0.007,1.017
28:55.9,0,0.022,0.007,1.016
28:56.1,0,0.022,0.006,1.016
28:56.3,0,0.022,0.007,1.016
28:56.5,0,0.023,0.007,1.016
28:56.7,0,0.023,0.007,1.015
28:56.9,0,0.023,0.007,1.016
28:57.1,0,0.023,0.007,1.015
28:57.3,0,0.023,0.007,1.015
28:57.5,0,0.023,0.007,1.016
28:57.7,0,0.023,0.007,1.016
28:57.9,0,0.023,0.007,1.016
28:58.1,0,0.023,0.007,1.016
28:58.3,0,0.023,0.007,1.016
28:58.5,0,0.023,0.007,1.016
28:58.7,0,0.023,0.006,1.016
28:58.9,0,0.023,0.007,1.016
28:59.1,0,0.022,0.007,1.016
28:59.3,0,0.022,0.007,1.016
28:59.5,0,0.022,0.007,1.017
28:59.7,0,0.022,0.007,1.016
28:59.9,0,0.022,0.006,1.016
29:00.2,0,0.022,0.006,1.016
29:00.4,0,0.022,0.006,1.016
29:00.6,0,0.022,0.006,1.015
29:00.8,0,0.022,0.006,1.016
29:01.0,0,0.022,0.006,1.016
29:01.2,0,0.023,0.007,1.016
29:01.4,0,0.023,0.007,1.016
29:01.6,0,0.023,0.006,1.015
29:01.8,0,0.023,0.007,1.016
29:02.0,0,0.023,0.007,1.016
29:02.2,0,0.023,0.007,1.016
29:02.4,0,0.023,0.008,1.017
29:02.6,0,0.023,0.007,1.017
29:02.8,0,0.023,0.007,1.017
29:03.0,0,0.023,0.007,1.017
29:03.2,0,0.023,0.007,1.016
29:03.4,0,0.022,0.007,1.016
29:03.6,0,0.022,0.008,1.016
29:03.8,0,0.022,0.008,1.016
29:04.0,0,0.022,0.007,1.016
29:04.2,0,0.022,0.007,1.016
29:04.4,0,0.022,0.006,1.015
29:04.6,0,0.022,0.006,1.015
29:04.8,0,0.022,0.005,1.014
29:05.0,0,0.022,0.006,1.014
29:05.2,0,0.022,0.006,1.015
29:05.4,0,0.022,0.006,1.016
29:05.6,0,0.022,0.006,1.016
29:05.8,0,0.022,0.007,1.017
29:06.0,0,0.022,0.007,1.016
29:06.2,0,0.022,0.007,1.016
29:06.4,0,0.022,0.007,1.015
29:06.6,0,0.023,0.007,1.015
29:06.8,0,0.023,0.007,1.016
29:07.0,0,0.022,0.007,1.016
29:07.2,0,0.023,0.007,1.016
29:07.4,0,0.022,0.007,1.016
29:07.6,0,0.022,0.007,1.016
29:07.9,0,0.022,0.007,1.016
29:08.1,0,0.023,0.007,1.016
29:08.3,0,0.022,0.006,1.016
29:08.5,0,0.022,0.007,1.016
29:08.7,0,0.023,0.006,1.016
29:08.9,0,0.023,0.006,1.016
29:09.1,0,0.023,0.006,1.016
29:09.3,0,0.023,0.006,1.016
29:09.5,0,0.023,0.007,1.016
29:09.7,0,0.023,0.007,1.016
29:09.9,0,0.022,0.007,1.016
29:10.1,0,0.022,0.007,1.016
29:10.3,0,0.022,0.007,1.016
29:10.5,0,0.022,0.006,1.016
29:10.7,0,0.023,0.007,1.016
29:10.9,0,0.023,0.007,1.017
29:11.1,0,0.023,0.007,1.017
29:11.3,0,0.023,0.007,1.017
29:11.5,0,0.023,0.007,1.017
29:11.7,0,0.023,0.007,1.017
29:11.9,0,0.023,0.007,1.017
29:12.1,0,0.023,0.007,1.017
29:12.3,0,0.023,0.007,1.017
29:12.5,0,0.023,0.007,1.017
29:12.7,0,0.023,0.007,1.017
29:12.9,0,0.023,0.007,1.017
29:13.1,0,0.023,0.007,1.017
29:13.3,0,0.023,0.007,1.016
29:13.5,0,0.023,0.007,1.016
29:13.7,0,0.023,0.007,1.016
29:13.9,0,0.023,0.007,1.016
29:14.1,0,0.022,0.007,1.016
29:14.3,0,0.023,0.007,1.017
29:14.5,0,0.023,0.007,1.017
29:14.7,0,0.023,0.007,1.016
29:14.9,0,0.023,0.007,1.016
29:15.2,0,0.023,0.007,1.017
29:15.4,0,0.023,0.007,1.016
29:15.6,0,0.023,0.007,1.016
29:15.8,0,0.022,0.007,1.017
29:16.0,0,0.022,0.007,1.016
29:16.2,0,0.022,0.007,1.016
29:16.4,0,0.022,0.007,1.016
29:16.6,0,0.022,0.006,1.016
29:16.8,0,0.022,0.007,1.016
29:17.0,0,0.022,0.007,1.016
29:17.2,0,0.022,0.007,1.017
29:17.4,0,0.022,0.007,1.016
29:17.6,0,0.022,0.007,1.016
29:17.8,0,0.023,0.007,1.016
29:18.0,0,0.023,0.007,1.016
29:18.2,0,0.023,0.007,1.016
29:18.4,0,0.023,0.007,1.016
29:18.6,0,0.023,0.007,1.016
29:18.8,0,0.022,0.007,1.016
29:19.0,0,0.022,0.007,1.016
29:19.2,0,0.022,0.007,1.016
29:19.4,0,0.023,0.007,1.016
29:19.6,0,0.023,0.007,1.016
29:19.8,0,0.023,0.007,1.016
29:20.0,0,0.023,0.007,1.015
29:20.2,0,0.023,0.007,1.016
29:20.4,0,0.023,0.007,1.016
29:20.6,0,0.023,0.007,1.016
29:20.8,0,0.023,0.007,1.016
29:21.0,0,0.023,0.007,1.017
29:21.2,0,0.023,0.007,1.017
29:21.4,0,0.023,0.007,1.016
29:21.6,0,0.022,0.007,1.017
29:21.8,0,0.022,0.007,1.016
29:22.0,0,0.022,0.006,1.016
29:22.2,0,0.022,0.007,1.016
29:22.5,0,0.023,0.007,1.016
29:22.7,0,0.023,0.007,1.016
29:22.9,0,0.023,0.007,1.016
29:23.1,0,0.023,0.007,1.016
29:23.3,0,0.022,0.007,1.016
29:23.5,0,0.022,0.007,1.016
29:23.7,0,0.023,0.007,1.016
29:23.9,0,0.022,0.007,1.016
29:24.1,0,0.022,0.007,1.016
29:24.3,0,0.023,0.007,1.017
29:24.5,0,0.023,0.006,1.017
29:24.7,0,0.022,0.006,1.017
29:24.9,0,0.023,0.006,1.016
29:25.1,0,0.023,0.006,1.016
29:25.3,0,0.023,0.006,1.016
29:25.5,0,0.023,0.006,1.015
29:25.7,0,0.023,0.006,1.015
29:25.9,0,0.023,0.006,1.015
29:26.1,0,0.023,0.007,1.015
29:26.3,0,0.023,0.007,1.015
29:26.5,0,0.023,0.007,1.015
29:26.7,0,0.023,0.007,1.015
29:26.9,0,0.023,0.007,1.016
29:27.1,0,0.023,0.007,1.016
29:27.3,1,0.023,0.007,1.016
29:27.5,1,0.023,0.007,1.016
29:27.7,1,0.022,0.007,1.016
29:27.9,1,0.022,0.007,1.016
29:28.1,1,0.022,0.007,1.015
29:28.3,1,0.022,0.006,1.015
29:28.5,0,0.022,0.007,1.016
29:28.7,0,0.022,0.006,1.016
29:28.9,0,0.023,0.006,1.015
29:29.1,0,0.022,0.006,1.016
29:29.3,0,0.022,0.007,1.016
29:29.5,0,0.022,0.007,1.016
29:29.8,0,0.022,0.007,1.017
29:30.0,0,0.022,0.007,1.016
29:30.2,0,0.023,0.007,1.017
29:30.4,0,0.023,0.007,1.016
29:30.6,0,0.023,0.007,1.016
29:30.8,0,0.023,0.007,1.016
29:31.0,0,0.022,0.007,1.016
29:31.2,0,0.022,0.007,1.016
29:31.4,0,0.023,0.007,1.016
29:31.6,0,0.023,0.007,1.017
29:31.8,0,0.023,0.007,1.016
29:32.0,0,0.023,0.007,1.017
29:32.2,0,0.023,0.007,1.017
29:32.4,0,0.023,0.007,1.017
29:32.6,0,0.022,0.007,1.016
29:32.8,0,0.022,0.007,1.015
29:33.0,0,0.022,0.007,1.016
29:33.2,0,0.023,0.007,1.016
29:33.4,0,0.022,0.006,1.015
29:33.6,0,0.023,0.006,1.016
29:33.8,0,0.023,0.007,1.016
29:34.0,0,0.023,0.006,1.016
29:34.2,0,0.023,0.007,1.016
29:34.4,0,0.023,0.007,1.017
29:34.6,0,0.023,0.007,1.016
29:34.8,0,0.023,0.006,1.016
29:35.0,0,0.022,0.007,1.016
29:35.2,0,0.023,0.007,1.016
29:35.4,0,0.023,0.007,1.015
29:35.6,0,0.023,0.007,1.015
29:35.8,0,0.023,0.007,1.016
29:36.0,0,0.023,0.007,1.015
29:36.2,0,0.023,0.007,1.015
29:36.4,0,0.023,0.007,1.016
29:36.7,0,0.022,0.007,1.017
29:36.9,0,0.023,0.007,1.016
29:37.1,0,0.023,0.007,1.017
29:37.3,0,0.022,0.007,1.016
29:37.5,0,0.023,0.007,1.016
29:37.7,0,0.023,0.007,1.015
29:37.9,0,0.023,0.007,1.016
29:38.1,0,0.023,0.007,1.016
29:38.3,0,0.023,0.007,1.016
29:38.5,0,0.023,0.007,1.015
29:38.7,0,0.023,0.007,1.016
29:38.9,0,0.022,0.007,1.016
29:39.1,0,0.022,0.007,1.016
29:39.3,0,0.022,0.006,1.016
29:39.5,0,0.022,0.007,1.016
29:39.7,0,0.022,0.007,1.016
29:39.9,0,0.023,0.007,1.016
29:40.1,0,0.022,0.007,1.016
29:40.3,0,0.022,0.007,1.016
29:40.5,0,0.022,0.007,1.016
29:40.7,0,0.022,0.006,1.016
29:40.9,0,0.022,0.006,1.016
29:41.1,0,0.022,0.007,1.016
29:41.3,0,0.022,0.007,1.017
29:41.5,0,0.022,0.007,1.016
29:41.7,0,0.022,0.007,1.017
29:41.9,0,0.022,0.007,1.017
29:42.1,0,0.022,0.007,1.017
29:42.3,0,0.022,0.007,1.016
29:42.5,0,0.022,0.007,1.016
29:42.7,0,0.022,0.007,1.016
29:42.9,0,0.023,0.007,1.016
29:43.1,0,0.022,0.007,1.016
29:43.3,0,0.023,0.007,1.016
29:43.5,0,0.023,0.007,1.016
29:43.8,0,0.022,0.007,1.016
29:44.0,0,0.022,0.007,1.016
29:44.2,0,0.023,0.007,1.016
29:44.4,0,0.023,0.007,1.017
29:44.6,0,0.022,0.007,1.017
29:44.8,0,0.022,0.007,1.017
29:45.0,0,0.022,0.007,1.017
29:45.2,0,0.022,0.006,1.017
29:45.4,0,0.022,0.006,1.017
29:45.6,0,0.023,0.007,1.017
29:45.8,0,0.023,0.006,1.016
29:46.0,0,0.023,0.006,1.016
29:46.2,0,0.023,0.007,1.016
29:46.4,0,0.023,0.007,1.016
29:46.6,0,0.023,0.006,1.016
29:46.8,0,0.022,0.006,1.015
29:47.0,0,0.023,0.006,1.016
29:47.2,0,0.023,0.006,1.015
29:47.4,0,0.022,0.006,1.016
29:47.6,0,0.022,0.006,1.016
29:47.8,0,0.022,0.006,1.016
29:48.0,0,0.022,0.006,1.016
29:48.2,0,0.022,0.006,1.017
29:48.4,0,0.022,0.006,1.016
29:48.6,0,0.022,0.007,1.017
29:48.8,0,0.022,0.007,1.017
29:49.0,0,0.022,0.007,1.016
29:49.2,0,0.023,0.007,1.016
29:49.4,0,0.023,0.007,1.016
29:49.6,0,0.023,0.007,1.016
29:49.8,0,0.022,0.006,1.016
29:50.0,0,0.023,0.007,1.016
29:50.2,0,0.022,0.007,1.016
29:50.4,0,0.023,0.006,1.016
29:50.6,0,0.023,0.006,1.015
29:50.9,0,0.023,0.007,1.016
29:51.1,0,0.022,0.006,1.016
29:51.3,0,0.023,0.006,1.016
29:51.5,0,0.023,0.007,1.016
29:51.7,0,0.022,0.007,1.016
29:51.9,0,0.023,0.006,1.016
29:52.1,0,0.023,0.007,1.016
29:52.3,0,0.023,0.007,1.016
29:52.5,0,0.023,0.006,1.016
29:52.7,0,0.023,0.007,1.016
29:52.9,0,0.023,0.007,1.016
29:53.1,0,0.023,0.007,1.016
29:53.3,0,0.023,0.007,1.016
29:53.5,0,0.023,0.007,1.016
29:53.7,0,0.023,0.007,1.015
29:53.9,0,0.023,0.007,1.016
29:54.1,0,0.023,0.007,1.016
29:54.3,0,0.023,0.006,1.016
29:54.5,0,0.023,0.007,1.016
29:54.7,0,0.023,0.007,1.016
29:54.9,0,0.023,0.006,1.016
29:55.1,0,0.022,0.006,1.016
29:55.3,0,0.023,0.007,1.016
29:55.5,0,0.023,0.007,1.016
29:55.7,0,0.023,0.007,1.016
29:55.9,0,0.023,0.007,1.016
29:56.1,0,0.023,0.007,1.016
29:56.3,0,0.022,0.007,1.016
29:56.5,0,0.022,0.007,1.016
29:56.7,0,0.022,0.007,1.016
29:56.9,0,0.022,0.006,1.016
29:57.1,0,0.022,0.007,1.016
29:57.3,0,0.022,0.006,1.016
29:57.5,0,0.022,0.006,1.015
29:57.8,0,0.022,0.006,1.015
29:58.0,0,0.022,0.007,1.016
29:58.2,1,0.022,0.007,1.016
29:58.4,1,0.022,0.007,1.016
29:58.6,1,0.022,0.007,1.016
29:58.8,1,0.022,0.007,1.016
29:59.0,1,0.022,0.007,1.016
29:59.2,1,0.023,0.006,1.016
29:59.4,0,0.023,0.007,1.016
29:59.6,0,0.023,0.007,1.017
29:59.8,0,0.023,0.007,1.016
30:00.0,0,0.023,0.007,1.016
30:00.2,0,0.023,0.007,1.016
30:00.4,0,0.023,0.007,1.016
30:00.6,0,0.022,0.007,1.016
30:00.8,0,0.022,0.007,1.016
30:01.0,0,0.022,0.007,1.016
30:01.2,0,0.022,0.007,1.016
30:01.4,0,0.022,0.007,1.016
30:01.6,0,0.023,0.007,1.016
30:01.8,0,0.023,0.007,1.016
30:02.0,0,0.023,0.007,1.016
30:02.2,0,0.023,0.007,1.016
30:02.4,0,0.023,0.007,1.016
30:02.6,0,0.022,0.007,1.016
30:02.8,0,0.022,0.007,1.016
30:03.0,0,0.022,0.007,1.016
30:03.2,0,0.022,0.007,1.016
30:03.4,0,0.022,0.007,1.016
30:03.6,0,0.022,0.007,1.016
30:03.8,0,0.022,0.007,1.017
30:04.0,0,0.023,0.007,1.016
30:04.2,0,0.022,0.007,1.016
30:04.4,0,0.022,0.007,1.017
30:04.6,0,0.023,0.007,1.016
30:04.8,0,0.023,0.007,1.015
30:05.0,0,0.023,0.007,1.016
30:05.3,0,0.023,0.007,1.016
30:05.5,0,0.023,0.007,1.016
30:05.7,0,0.023,0.007,1.016
30:05.9,0,0.022,0.007,1.016
30:06.1,0,0.023,0.007,1.017
30:06.3,0,0.023,0.007,1.016
30:06.5,0,0.022,0.007,1.016
30:06.7,0,0.022,0.007,1.016
30:06.9,0,0.022,0.007,1.016
30:07.1,0,0.023,0.007,1.015
30:07.3,0,0.023,0.007,1.016
30:07.5,0,0.023,0.007,1.016
30:07.7,0,0.023,0.007,1.016
30:07.9,0,0.023,0.007,1.016
30:08.1,0,0.023,0.007,1.016
30:08.3,0,0.023,0.007,1.016
30:08.5,0,0.023,0.006,1.016
30:08.7,0,0.023,0.006,1.016
30:08.9,0,0.023,0.007,1.016
30:09.1,0,0.023,0.007,1.016
30:09.3,0,0.023,0.007,1.016
30:09.5,0,0.023,0.007,1.016
30:09.7,0,0.023,0.007,1.016
30:09.9,0,0.022,0.006,1.016
30:10.1,1,0.022,0.007,1.016
30:10.3,1,0.022,0.007,1.016
30:10.5,1,0.022,0.007,1.017
30:10.7,1,0.022,0.007,1.017
30:10.9,1,0.023,0.007,1.016
30:11.1,1,0.023,0.007,1.016
30:11.3,0,0.022,0.007,1.016
30:11.5,0,0.023,0.007,1.016
30:11.7,0,0.023,0.007,1.016
30:11.9,0,0.023,0.007,1.016
30:12.1,0,0.023,0.007,1.016
30:12.4,0,0.023,0.007,1.016
30:12.6,0,0.022,0.006,1.015
30:12.8,0,0.023,0.007,1.016
30:13.0,0,0.023,0.007,1.016
30:13.2,0,0.023,0.007,1.016
30:13.4,0,0.023,0.006,1.016
30:13.6,0,0.023,0.007,1.016
30:13.8,0,0.022,0.006,1.016
30:14.0,0,0.024,0.006,1.012
30:14.2,0,0.024,0.006,1.013
30:14.4,0,0.024,0.007,1.015
30:14.6,0,0.024,0.007,1.015
30:14.8,0,0.024,0.007,1.014
30:15.0,0,0.022,0.007,1.018
30:15.2,0,0.022,0.007,1.017
30:15.4,0,0.022,0.007,1.015
30:15.6,0,0.022,0.007,1.015
30:15.8,0,0.022,0.007,1.016
30:16.0,0,0.022,0.007,1.015
30:16.2,0,0.022,0.007,1.015
30:16.4,0,0.022,0.007,1.016
30:16.6,0,0.022,0.007,1.015
30:16.8,0,0.022,0.007,1.015
30:17.0,0,0.023,0.007,1.016
30:17.2,0,0.022,0.007,1.016
30:17.4,0,0.022,0.007,1.016
30:17.6,0,0.022,0.007,1.016
30:17.8,0,0.022,0.006,1.015
30:18.0,0,0.022,0.007,1.016
30:18.2,0,0.022,0.007,1.015
30:18.4,0,0.022,0.006,1.015
30:18.6,0,0.022,0.007,1.015
30:18.8,0,0.022,0.007,1.016
30:19.0,0,0.022,0.007,1.016
30:19.2,0,0.022,0.007,1.016
30:19.4,0,0.022,0.007,1.016
30:19.7,0,0.022,0.007,1.017
30:19.9,0,0.022,0.007,1.016
30:20.1,0,0.022,0.007,1.016
30:20.3,0,0.022,0.007,1.016
30:20.5,0,0.022,0.007,1.016
30:20.7,0,0.022,0.007,1.016
30:20.9,0,0.022,0.007,1.016
30:21.1,0,0.022,0.007,1.016
30:21.3,0,0.022,0.007,1.016
30:21.5,0,0.022,0.007,1.016
30:21.7,0,0.022,0.007,1.016
30:21.9,0,0.022,0.006,1.015
30:22.1,0,0.022,0.007,1.016
30:22.3,0,0.022,0.007,1.017
30:22.5,1,0.022,0.007,1.016
30:22.7,1,0.022,0.007,1.017
30:22.9,1,0.022,0.007,1.017
30:23.1,1,0.023,0.007,1.016
30:23.3,1,0.023,0.007,1.016
30:23.5,0,0.023,0.007,1.017
30:23.7,0,0.023,0.007,1.016
30:23.9,0,0.023,0.007,1.017
30:24.1,0,0.022,0.007,1.017
30:24.3,0,0.022,0.006,1.016
30:24.5,0,0.022,0.007,1.016
30:24.7,0,0.022,0.007,1.016
30:24.9,0,0.022,0.007,1.016
30:25.1,0,0.022,0.007,1.016
30:25.3,0,0.023,0.007,1.017
30:25.5,0,0.022,0.007,1.016
30:25.7,0,0.022,0.006,1.016
30:25.9,0,0.023,0.006,1.015
30:26.1,0,0.023,0.007,1.016
30:26.3,0,0.022,0.007,1.016
30:26.5,0,0.023,0.007,1.016
30:26.7,0,0.022,0.007,1.017
30:26.9,0,0.022,0.007,1.017
30:27.2,0,0.022,0.007,1.016
30:27.4,0,0.022,0.007,1.016
30:27.6,0,0.022,0.007,1.016
30:27.8,0,0.022,0.007,1.016
30:28.0,0,0.022,0.007,1.016
30:28.2,0,0.022,0.007,1.016
30:28.4,0,0.022,0.007,1.016
30:28.6,0,0.022,0.007,1.016
30:28.8,0,0.022,0.007,1.016
30:29.0,0,0.022,0.007,1.016
30:29.2,0,0.023,0.007,1.015
30:29.4,0,0.022,0.007,1.016
30:29.6,0,0.022,0.007,1.016
30:29.8,0,0.023,0.007,1.015
30:30.0,0,0.023,0.006,1.015
30:30.2,0,0.022,0.006,1.015
30:30.4,0,0.023,0.006,1.015
30:30.6,0,0.023,0.007,1.015
30:30.8,0,0.023,0.007,1.015
30:31.0,0,0.023,0.007,1.016
30:31.2,0,0.023,0.007,1.016
30:31.4,0,0.023,0.007,1.016
30:31.6,0,0.023,0.007,1.016
30:31.8,0,0.023,0.007,1.016
30:32.0,0,0.023,0.007,1.016
30:32.2,0,0.023,0.007,1.016
30:32.4,0,0.023,0.007,1.016
30:32.6,0,0.023,0.007,1.016
30:32.8,0,0.023,0.007,1.016
30:33.0,0,0.023,0.007,1.016
30:33.2,0,0.023,0.007,1.016
30:33.4,0,0.023,0.006,1.016
30:33.6,0,0.022,0.006,1.016
30:33.8,0,0.023,0.007,1.016
30:34.0,0,0.023,0.007,1.015
30:34.2,0,0.023,0.007,1.015
30:34.4,0,0.023,0.007,1.015
30:34.6,0,0.023,0.007,1.015
30:34.9,0,0.023,0.007,1.016
30:35.1,0,0.022,0.006,1.017
30:35.3,0,0.022,0.006,1.017
30:35.5,0,0.022,0.007,1.016
30:35.7,0,0.022,0.006,1.017
30:35.9,0,0.022,0.007,1.016
30:36.1,0,0.022,0.007,1.016
30:36.3,0,0.023,0.007,1.016
30:36.5,0,0.023,0.007,1.016
30:36.7,0,0.023,0.007,1.016
30:36.9,0,0.023,0.007,1.016
30:37.1,0,0.023,0.007,1.016
30:37.3,0,0.023,0.007,1.016
30:37.5,0,0.023,0.007,1.016
30:37.7,0,0.022,0.007,1.016
30:37.9,0,0.023,0.007,1.016
30:38.1,0,0.023,0.007,1.016
30:38.3,0,0.022,0.007,1.016
30:38.5,0,0.023,0.007,1.016
30:38.7,0,0.022,0.006,1.016
30:38.9,0,0.023,0.006,1.017
30:39.1,0,0.023,0.007,1.016
30:39.3,0,0.023,0.007,1.016
30:39.5,0,0.023,0.007,1.016
30:39.7,0,0.023,0.007,1.016
30:39.9,0,0.023,0.007,1.015
30:40.1,0,0.023,0.007,1.015
30:40.3,0,0.023,0.007,1.015
30:40.5,0,0.023,0.007,1.015
30:40.7,0,0.022,0.007,1.016
30:40.9,0,0.022,0.007,1.016
30:41.1,0,0.022,0.007,1.016
30:41.3,0,0.022,0.007,1.016
30:41.5,0,0.022,0.007,1.016
30:41.7,0,0.023,0.007,1.016
30:41.9,0,0.023,0.007,1.016
30:42.2,0,0.023,0.007,1.016
30:42.4,0,0.023,0.007,1.016
30:42.6,0,0.023,0.007,1.016
30:42.8,0,0.023,0.007,1.016
30:43.0,0,0.023,0.007,1.016
30:43.2,0,0.023,0.007,1.016
30:43.4,0,0.023,0.007,1.017
30:43.6,0,0.023,0.007,1.017
30:43.8,0,0.023,0.007,1.017
30:44.0,0,0.023,0.007,1.016
30:44.2,0,0.023,0.007,1.017
30:44.4,0,0.023,0.007,1.016
30:44.6,0,0.022,0.007,1.016
30:44.8,0,0.022,0.007,1.016
30:45.0,0,0.023,0.007,1.016
30:45.2,0,0.023,0.007,1.016
30:45.4,0,0.023,0.006,1.015
30:45.6,0,0.023,0.007,1.016
30:45.8,0,0.023,0.007,1.016
30:46.0,0,0.023,0.006,1.016
30:46.2,0,0.023,0.006,1.016
30:46.4,0,0.023,0.007,1.017
30:46.6,0,0.022,0.007,1.016
30:46.8,0,0.023,0.007,1.015
30:47.0,0,0.023,0.007,1.015
30:47.2,0,0.023,0.007,1.015
30:47.4,0,0.023,0.007,1.015
30:47.6,0,0.023,0.006,1.015
30:47.8,0,0.023,0.007,1.015
30:48.0,0,0.023,0.007,1.015
30:48.2,0,0.023,0.007,1.016
30:48.4,0,0.023,0.007,1.016
30:48.6,0,0.023,0.007,1.017
30:48.8,0,0.022,0.006,1.016
30:49.0,0,0.023,0.007,1.017
30:49.2,0,0.022,0.007,1.016
30:49.5,0,0.023,0.007,1.016
30:49.7,0,0.023,0.007,1.017
30:49.9,0,0.023,0.007,1.017
30:50.1,0,0.023,0.007,1.017
30:50.3,0,0.023,0.007,1.017
30:50.5,0,0.022,0.006,1.017
30:50.7,0,0.022,0.006,1.016
30:50.9,0,0.022,0.006,1.016
30:51.1,0,0.022,0.006,1.016
30:51.3,0,0.023,0.006,1.017
30:51.5,0,0.023,0.006,1.016
30:51.7,0,0.022,0.007,1.017
30:51.9,0,0.022,0.007,1.017
30:52.1,0,0.022,0.007,1.017
30:52.3,0,0.022,0.007,1.017
30:52.5,0,0.022,0.007,1.017
30:52.7,0,0.023,0.007,1.017
30:52.9,0,0.023,0.006,1.016
30:53.1,0,0.023,0.006,1.016
30:53.3,0,0.023,0.006,1.015
30:53.5,0,0.023,0.006,1.016
30:53.7,0,0.023,0.006,1.016
30:53.9,0,0.023,0.006,1.016
30:54.1,0,0.023,0.006,1.016
30:54.3,0,0.023,0.006,1.017
30:54.5,0,0.023,0.006,1.017
30:54.7,0,0.022,0.007,1.017
30:54.9,0,0.022,0.007,1.017
30:55.1,0,0.022,0.007,1.017
30:55.3,0,0.022,0.007,1.017
30:55.5,0,0.022,0.007,1.017
30:55.7,0,0.023,0.007,1.017
30:55.9,0,0.022,0.007,1.016
30:56.2,0,0.022,0.007,1.016
30:56.4,0,0.022,0.007,1.016
30:56.6,0,0.022,0.007,1.016
30:56.8,0,0.022,0.007,1.016
30:57.0,0,0.022,0.007,1.016
30:57.2,0,0.023,0.007,1.016
30:57.4,0,0.023,0.006,1.017
30:57.6,0,0.023,0.007,1.017
30:57.8,0,0.023,0.006,1.016
30:58.0,0,0.023,0.007,1.016
30:58.2,0,0.022,0.006,1.017
30:58.4,0,0.022,0.007,1.017
30:58.6,0,0.022,0.007,1.017
30:58.8,0,0.022,0.007,1.017
30:59.0,0,0.022,0.007,1.017
30:59.2,0,0.022,0.007,1.017
30:59.4,0,0.023,0.007,1.016
30:59.6,0,0.023,0.007,1.016
30:59.8,0,0.023,0.007,1.016
31:00.0,0,0.022,0.007,1.016
31:00.2,0,0.023,0.007,1.016
31:00.4,0,0.023,0.007,1.017
31:00.6,0,0.023,0.007,1.016
31:00.8,0,0.023,0.007,1.016
31:01.0,0,0.023,0.007,1.016
31:01.2,0,0.023,0.007,1.016
31:01.4,0,0.023,0.007,1.016
31:01.6,0,0.023,0.007,1.016
31:01.8,0,0.023,0.007,1.016
31:02.0,0,0.023,0.007,1.016
31:02.2,0,0.023,0.007,1.016
31:02.4,0,0.023,0.007,1.016
31:02.6,0,0.023,0.007,1.016
31:02.8,0,0.023,0.007,1.016
31:03.1,0,0.023,0.006,1.016
31:03.3,0,0.023,0.007,1.016
31:03.5,0,0.022,0.006,1.016
31:03.7,0,0.022,0.006,1.016
31:03.9,0,0.022,0.007,1.017
31:04.1,0,0.022,0.007,1.017
31:04.3,0,0.022,0.007,1.017
31:04.5,0,0.023,0.007,1.017
31:04.7,0,0.023,0.007,1.017
31:04.9,0,0.023,0.007,1.016
31:05.1,0,0.023,0.007,1.017
31:05.3,0,0.023,0.007,1.017
31:05.5,0,0.023,0.007,1.017
31:05.7,0,0.022,0.007,1.016
31:05.9,0,0.023,0.007,1.017
31:06.1,0,0.023,0.007,1.016
31:06.3,0,0.023,0.007,1.016
31:06.5,0,0.023,0.007,1.016
31:06.7,0,0.023,0.007,1.016
31:06.9,0,0.023,0.007,1.016
31:07.1,0,0.023,0.006,1.016
31:07.3,0,0.023,0.006,1.016
31:07.5,0,0.023,0.006,1.016
31:07.7,0,0.023,0.007,1.016
31:07.9,0,0.023,0.007,1.016
31:08.1,0,0.023,0.007,1.016
31:08.3,0,0.023,0.007,1.016
31:08.5,0,0.023,0.007,1.015
31:08.7,0,0.023,0.007,1.015
31:08.9,0,0.023,0.007,1.015
31:09.1,0,0.023,0.007,1.015
31:09.3,0,0.023,0.007,1.015
31:09.5,0,0.022,0.007,1.016
31:09.7,0,0.022,0.007,1.016
31:09.9,0,0.023,0.007,1.016
31:10.1,0,0.023,0.007,1.016
31:10.4,0,0.023,0.007,1.016
31:10.6,0,0.023,0.007,1.016
31:10.8,0,0.023,0.007,1.016
31:11.0,0,0.023,0.006,1.017
31:11.2,0,0.023,0.006,1.015
31:11.4,0,0.023,0.006,1.016
31:11.6,0,0.023,0.006,1.015
31:11.8,0,0.022,0.006,1.015
31:12.0,0,0.023,0.006,1.015
31:12.2,0,0.023,0.006,1.015
31:12.4,0,0.023,0.006,1.015
31:12.6,0,0.023,0.006,1.015
31:12.8,0,0.023,0.006,1.015
31:13.0,0,0.023,0.007,1.015
31:13.2,0,0.022,0.008,1.017
31:13.4,0,0.022,0.007,1.015
31:13.6,0,0.022,0.007,1.016
31:13.8,0,0.022,0.007,1.017
31:14.0,0,0.022,0.007,1.017
31:14.2,0,0.022,0.006,1.016
31:14.4,0,0.023,0.008,1.018
31:14.6,0,0.023,0.007,1.017
31:14.8,0,0.023,0.007,1.016
31:15.0,0,0.023,0.008,1.017
31:15.2,0,0.023,0.007,1.016
31:15.4,0,0.023,0.007,1.017
31:15.6,0,0.023,0.007,1.017
31:15.8,0,0.023,0.007,1.016
31:16.0,0,0.023,0.006,1.017
31:16.2,0,0.023,0.007,1.017
31:16.4,0,0.023,0.006,1.015
31:16.6,0,0.022,0.007,1.016
31:16.8,0,0.023,0.007,1.017
31:17.0,0,0.023,0.007,1.016
31:17.3,0,23,0.007,1.016
31:17.5,0,0.023,0.007,1.016
31:17.7,0,0.023,0.007,1.016
31:17.9,0,0.022,0.007,1.016
31:18.1,0,0.022,0.007,1.017
31:18.3,0,0.023,0.007,1.016
31:18.5,0,0.022,0.007,1.017
31:18.7,0,0.023,0.007,1.017
31:18.9,0,0.023,0.007,1.016
31:19.1,0,0.023,0.007,1.016
31:19.3,0,0.023,0.006,1.016
31:19.5,0,0.023,0.007,1.016
31:19.7,0,0.022,0.007,1.016
31:19.9,0,0.022,0.007,1.016
31:20.1,0,0.022,0.007,1.016
31:20.3,0,0.023,0.007,1.016
31:20.5,0,0.023,0.007,1.016
31:20.7,0,0.023,0.007,1.016
31:20.9,0,0.023,0.007,1.016
31:21.1,0,0.023,0.007,1.015
31:21.3,0,0.023,0.007,1.016
31:21.5,0,0.023,0.007,1.016
31:21.7,0,0.023,0.007,1.016
31:22.0,0,0.023,0.007,1.016
31:22.2,0,0.023,0.007,1.017
31:22.4,0,0.023,0.007,1.017
31:22.6,0,0.023,0.007,1.017
31:22.8,0,0.023,0.007,1.017
31:23.0,0,0.023,0.007,1.017
31:23.2,0,0.022,0.007,1.016
31:23.4,0,0.023,0.007,1.017
31:23.6,0,0.023,0.007,1.017
31:23.8,0,0.022,0.007,1.016
31:24.0,0,0.022,0.007,1.016
31:24.2,0,0.023,0.006,1.016
31:24.4,0,0.022,0.006,1.016
31:24.6,0,0.023,0.006,1.015
31:24.8,0,0.023,0.007,1.016
31:25.0,0,0.023,0.007,1.016
31:25.2,0,0.023,0.007,1.016
31:25.4,0,0.023,0.007,1.016
31:25.6,0,0.023,0.007,1.016
31:25.8,0,0.023,0.007,1.016
31:26.0,0,0.022,0.006,1.016
31:26.2,0,0.023,0.006,1.016
31:26.4,0,0.023,0.006,1.016
31:26.6,0,0.022,0.007,1.016
31:26.8,0,0.022,0.007,1.017
31:27.0,0,0.022,0.007,1.017
31:27.2,0,0.022,0.007,1.016
31:27.4,0,0.022,0.007,1.016
31:27.6,0,0.022,0.007,1.016
31:27.8,0,0.022,0.007,1.016
31:28.0,0,0.022,0.007,1.016
31:28.2,0,0.022,0.007,1.016
31:28.4,0,0.023,0.007,1.016
31:28.6,0,0.022,0.007,1.016
31:28.8,0,0.022,0.006,1.016
31:29.0,0,0.022,0.007,1.016
31:29.3,1,0.022,0.007,1.017
31:29.5,1,0.022,0.007,1.017
31:29.7,1,0.022,0.007,1.017
31:29.9,1,0.023,0.007,1.017
31:30.1,1,0.023,0.007,1.017
31:30.3,1,0.022,0.006,1.017
31:30.5,0,0.023,0.006,1.017
31:30.7,0,0.023,0.007,1.017
31:30.9,0,0.022,0.007,1.017
31:31.1,0,0.022,0.006,1.016
31:31.3,0,0.022,0.007,1.016
31:31.5,0,0.022,0.007,1.016
31:31.7,0,0.022,0.006,1.015
31:31.9,0,0.022,0.007,1.016
31:32.1,0,0.022,0.007,1.016
31:32.3,0,0.023,0.006,1.015
31:32.5,0,0.023,0.007,1.016
31:32.7,0,0.023,0.007,1.017
31:32.9,0,0.023,0.007,1.016
31:33.1,0,0.023,0.007,1.016
31:33.3,0,0.023,0.007,1.017
31:33.5,0,0.023,0.007,1.017
31:33.7,0,0.023,0.007,1.017
31:33.9,0,0.023,0.007,1.017
31:34.1,0,0.023,0.007,1.017
31:34.3,0,0.023,0.006,1.017
31:34.5,0,0.023,0.006,1.017
31:34.7,0,0.023,0.007,1.017
31:34.9,0,0.023,0.007,1.016
31:35.1,0,0.023,0.007,1.017
31:35.3,0,0.023,0.007,1.016
31:35.5,0,0.023,0.007,1.017
31:35.7,0,0.023,0.007,1.017
31:35.9,0,0.023,0.007,1.017
31:36.1,0,0.023,0.007,1.016
31:36.3,0,0.023,0.007,1.016
31:36.6,0,0.023,0.007,1.016
31:36.8,0,0.023,0.006,1.016
31:37.0,0,0.022,0.007,1.016
31:37.2,0,0.022,0.007,1.016
31:37.4,0,0.022,0.006,1.016
31:37.6,0,0.022,0.006,1.016
31:37.8,0,0.022,0.006,1.016
31:38.0,0,0.022,0.006,1.015
31:38.2,0,0.022,0.006,1.015
31:38.4,0,0.023,0.007,1.015
31:38.6,0,0.022,0.007,1.015
31:38.8,0,0.022,0.007,1.016
31:39.0,0,0.022,0.007,1.016
31:39.2,0,0.022,0.007,1.016
31:39.4,0,0.022,0.007,1.016
31:39.6,0,0.022,0.007,1.017
31:39.8,0,0.022,0.007,1.016
31:40.0,0,0.023,0.007,1.016
31:40.2,0,0.023,0.006,1.016
31:40.4,0,0.023,0.006,1.016
31:40.6,0,0.023,0.006,1.016
31:40.8,0,0.023,0.007,1.016
31:41.0,0,0.022,0.007,1.016
31:41.2,0,0.022,0.007,1.016
31:41.4,0,0.022,0.007,1.016
31:41.6,0,0.022,0.007,1.016
31:41.8,0,0.023,0.007,1.016
31:42.0,0,0.023,0.007,1.017
31:42.2,0,0.023,0.007,1.017
31:42.4,0,0.023,0.007,1.017
31:42.6,0,0.023,0.007,1.017
31:42.8,0,0.023,0.007,1.016
31:43.0,0,0.023,0.007,1.016
31:43.2,0,0.023,0.006,1.016
31:43.4,0,0.023,0.006,1.016
31:43.7,0,0.023,0.006,1.016
31:43.9,0,0.022,0.006,1.016
31:44.1,0,0.022,0.006,1.016
31:44.3,0,0.022,0.007,1.016
31:44.5,0,0.022,0.006,1.016
31:44.7,0,0.022,0.006,1.016
31:44.9,0,0.022,0.007,1.016
31:45.1,0,0.022,0.006,1.016
31:45.3,0,0.022,0.006,1.016
31:45.5,0,0.022,0.007,1.016
31:45.7,0,0.022,0.007,1.016
31:45.9,0,0.022,0.007,1.016
31:46.1,0,0.023,0.007,1.017
31:46.3,0,0.023,0.007,1.016
31:46.5,0,0.022,0.007,1.016
31:46.7,0,0.022,0.007,1.016
31:46.9,0,0.023,0.007,1.016
31:47.1,0,0.023,0.007,1.016
31:47.3,0,0.023,0.007,1.016
31:47.5,0,0.023,0.007,1.016
31:47.7,0,0.023,0.007,1.016
31:47.9,0,0.022,0.007,1.016
31:48.1,0,0.022,0.007,1.016
31:48.3,0,0.022,0.007,1.016
31:48.5,0,0.023,0.007,1.016
31:48.7,0,0.023,0.007,1.016
31:48.9,0,0.023,0.007,1.017
31:49.1,0,0.023,0.007,1.017
31:49.3,0,0.022,0.006,1.016
31:49.5,0,0.023,0.007,1.016
31:49.7,0,0.023,0.007,1.016
31:49.9,0,0.023,0.007,1.015
31:50.1,1,0.023,0.007,1.016
31:50.3,1,0.023,0.007,1.016
31:50.6,1,0.023,0.007,1.016
31:50.8,1,0.023,0.007,1.016
31:51.0,1,0.023,0.007,1.016
31:51.2,0,0.023,0.007,1.016
31:51.4,0,0.023,0.007,1.016
31:51.6,0,0.023,0.007,1.016
31:51.8,0,0.023,0.007,1.016
31:52.0,0,0.023,0.007,1.016
31:52.2,0,0.023,0.007,1.016
31:52.4,0,0.023,0.008,1.017
31:52.6,0,0.023,0.008,1.017
31:52.8,0,0.023,0.007,1.017
31:53.0,0,0.022,0.007,1.018
31:53.2,0,0.022,0.007,1.018
31:53.4,0,0.023,0.007,1.015
31:53.6,0,0.023,0.007,1.016
31:53.8,0,0.023,0.007,1.016
31:54.0,0,0.024,0.007,1.016
31:54.2,0,0.023,0.007,1.017
31:54.4,0,0.022,0.007,1.023
31:54.6,1,0.022,0.007,1.02
31:54.8,1,0.022,0.007,1.019
31:55.0,1,0.021,0.007,1.019
31:55.2,1,0.021,0.007,1.018
31:55.4,1,0.023,0.008,1.014
31:55.6,1,0.023,0.007,1.013
31:55.8,0,0.023,0.007,1.012
31:56.0,0,0.024,0.008,1.013
31:56.2,0,0.024,0.007,1.013
31:56.4,0,0.024,0.007,1.013
31:56.6,0,0.022,0.007,1.015
31:56.8,0,0.022,0.007,1.017
31:57.0,0,0.022,0.007,1.016
31:57.2,0,0.022,0.007,1.016
31:57.4,0,0.022,0.007,1.016
31:57.6,0,0.023,0.007,1.016
31:57.8,0,0.023,0.007,1.016
31:58.1,0,0.023,0.007,1.016
31:58.3,0,0.023,0.007,1.015
31:58.5,0,0.023,0.007,1.016
31:58.7,0,0.023,0.007,1.015
31:58.9,0,0.023,0.007,1.016
31:59.1,0,0.023,0.007,1.016
31:59.3,0,0.024,0.008,1.016
31:59.5,0,0.023,0.007,1.017
31:59.7,0,0.023,0.007,1.017
31:59.9,0,0.024,0.007,1.016
32:00.1,0,0.024,0.007,1.017
32:00.3,0,0.023,0.006,1.017
32:00.5,0,0.023,0.007,1.016
32:00.7,0,0.023,0.007,1.016
32:00.9,0,0.023,0.007,1.016
32:01.1,0,0.023,0.007,1.016
32:01.3,0,0.023,0.007,1.016
32:01.5,0,0.023,0.006,1.016
32:01.7,0,0.022,0.006,1.016
32:01.9,0,0.022,0.007,1.016
32:02.1,0,0.022,0.007,1.016
32:02.3,0,0.022,0.007,1.016
32:02.5,0,0.022,0.007,1.016
32:02.7,0,0.022,0.007,1.016
32:02.9,0,0.022,0.008,1.016
32:03.1,0,0.023,0.007,1.016
32:03.3,0,0.022,0.007,1.016
32:03.5,0,0.02,0.007,1.018
32:03.7,0,0.021,0.007,1.015
32:03.9,0,0.021,0.006,1.015
32:04.1,0,0.021,0.007,1.015
32:04.3,0,0.021,0.007,1.016
32:04.5,0,0.023,0.007,1.014
32:04.7,0,0.022,0.007,1.016
32:04.9,0,0.022,0.007,1.017
32:05.1,0,0.022,0.007,1.016
32:05.3,0,0.022,0.007,1.016
32:05.5,0,0.022,0.007,1.016
32:05.8,0,0.022,0.007,1.016
32:06.0,0,0.022,0.007,1.016
32:06.2,0,0.022,0.007,1.016
32:06.4,0,0.022,0.007,1.016
32:06.6,0,0.022,0.007,1.016
32:06.8,0,0.022,0.007,1.016
32:07.0,0,0.022,0.007,1.016
32:07.2,0,0.022,0.007,1.016
32:07.4,0,0.022,0.007,1.016
32:07.6,0,0.022,0.007,1.016
32:07.8,0,0.022,0.007,1.016
32:08.0,0,0.022,0.007,1.016
32:08.2,0,0.022,0.007,1.016
32:08.4,0,0.022,0.007,1.016
32:08.6,0,0.022,0.007,1.016
32:08.8,0,0.022,0.007,1.016
32:09.0,0,0.022,0.007,1.016
32:09.2,0,0.022,0.007,1.016
32:09.4,0,0.022,0.007,1.016
32:09.6,0,0.022,0.007,1.016
32:09.8,0,0.022,0.007,1.016
32:10.0,0,0.022,0.007,1.016
32:10.2,0,0.022,0.006,1.016
32:10.4,0,0.022,0.006,1.016
32:10.6,0,0.022,0.006,1.016
32:10.8,0,0.022,0.006,1.016
32:11.0,0,0.022,0.007,1.016
32:11.2,0,0.022,0.007,1.016
32:11.4,0,0.023,0.008,1.014
32:11.6,1,0.023,0.008,1.014
32:11.8,1,0.023,0.008,1.015
32:12.0,1,0.023,0.008,1.015
32:12.2,1,0.023,0.008,1.015
32:12.4,1,0.023,0.007,1.018
32:12.6,1,0.023,0.007,1.017
32:12.8,0,0.023,0.007,1.016
32:13.1,0,0.023,0.007,1.017
32:13.3,0,0.023,0.007,1.017
32:13.5,0,0.023,0.007,1.017
32:13.7,0,0.023,0.007,1.017
32:13.9,0,0.022,0.007,1.018
32:14.1,0,0.023,0.007,1.017
32:14.3,0,0.023,0.007,1.017
32:14.5,0,0.023,0.007,1.017
32:14.7,0,0.023,0.007,1.016
32:14.9,0,0.023,0.007,1.016
32:15.1,0,0.022,0.007,1.018
32:15.3,0,0.022,0.008,1.017
32:15.5,0,0.022,0.007,1.017
32:15.7,0,0.022,0.007,1.017
32:15.9,0,0.022,0.007,1.017
32:16.1,0,0.022,0.006,1.017
32:16.3,0,0.021,0.005,1.017
32:16.5,0,0.022,0.006,1.016
32:16.7,0,0.022,0.006,1.016
32:16.9,0,0.021,0.006,1.017
32:17.1,0,0.022,0.008,1.017
32:17.3,0,0.023,0.008,1.016
32:17.5,0,0.023,0.008,1.016
32:17.7,0,0.023,0.008,1.016
32:17.9,0,0.023,0.007,1.016
32:18.1,0,0.023,0.006,1.015
32:18.3,0,0.023,0.007,1.016
32:18.5,0,0.023,0.007,1.016
32:18.7,0,0.023,0.007,1.016
32:18.9,0,0.023,0.007,1.016
32:19.1,0,0.023,0.008,1.017
32:19.3,0,0.023,0.008,1.017
32:19.5,0,0.023,0.007,1.017
32:19.7,0,0.023,0.008,1.016
32:19.9,0,0.023,0.007,1.016
32:20.2,0,0.023,0.007,1.016
32:20.4,0,0.023,0.007,1.016
32:20.6,0,0.023,0.007,1.016
32:20.8,0,0.023,0.007,1.016
32:21.0,0,0.023,0.007,1.016
32:21.2,0,0.023,0.007,1.016
32:21.4,0,0.023,0.007,1.016
32:21.6,0,0.023,0.007,1.016
32:21.8,0,0.023,0.007,1.016
32:22.0,0,0.023,0.007,1.016
32:22.2,0,0.023,0.007,1.016
32:22.4,0,0.023,0.007,1.016
32:22.6,0,0.023,0.007,1.016
32:22.8,0,0.023,0.007,1.016
32:23.0,0,0.023,0.007,1.016
32:23.2,0,0.023,0.006,1.016
32:23.4,1,0.022,0.006,1.016
32:23.6,1,0.022,0.006,1.016
32:23.8,1,0.022,0.006,1.016
32:24.0,1,0.023,0.007,1.017
32:24.2,1,0.023,0.007,1.016
32:24.4,1,0.023,0.006,1.015
32:24.6,0,0.022,0.007,1.016
32:24.8,0,0.022,0.007,1.016
32:25.0,0,0.022,0.006,1.016
32:25.2,0,0.022,0.006,1.016
32:25.4,0,0.023,0.007,1.016
32:25.6,0,0.023,0.006,1.016
32:25.8,0,0.023,0.007,1.016
32:26.0,0,0.023,0.007,1.016
32:26.2,0,0.023,0.006,1.016
32:26.4,0,0.023,0.006,1.016
32:26.6,0,0.023,0.007,1.016
32:26.8,0,0.023,0.007,1.016
32:27.0,0,0.023,0.007,1.016
32:27.2,0,0.023,0.007,1.016
32:27.5,0,0.023,0.007,1.016
32:27.7,0,0.023,0.007,1.016
32:27.9,0,0.023,0.007,1.016
32:28.1,0,0.023,0.007,1.016
32:28.3,0,0.023,0.006,1.016
32:28.5,0,0.023,0.006,1.016
32:28.7,0,0.023,0.006,1.016
32:28.9,0,0.023,0.006,1.016
32:29.1,0,0.023,0.007,1.016
32:29.3,0,0.022,0.007,1.016
32:29.5,0,0.022,0.007,1.016
32:29.7,0,0.023,0.007,1.016
32:29.9,0,0.023,0.007,1.016
32:30.1,0,0.023,0.007,1.016
32:30.3,0,0.023,0.007,1.017
32:30.5,0,0.023,0.007,1.017
32:30.7,0,0.023,0.007,1.017
32:30.9,0,0.023,0.007,1.017
32:31.1,0,0.023,0.007,1.018
32:31.3,0,0.023,0.007,1.017
32:31.5,0,0.023,0.007,1.017
32:31.7,0,0.022,0.007,1.017
32:31.9,0,0.022,0.007,1.016
32:32.1,0,0.023,0.007,1.016
32:32.3,0,0.023,0.007,1.015
32:32.5,0,0.023,0.006,1.015
32:32.7,0,0.023,0.007,1.016
32:32.9,0,0.023,0.006,1.016
32:33.1,0,0.023,0.006,1.016
32:33.3,0,0.022,0.006,1.017
32:33.5,0,0.022,0.007,1.017
32:33.7,0,0.023,0.007,1.017
32:33.9,0,0.023,0.007,1.017
32:34.1,0,0.022,0.007,1.017
32:34.3,0,0.022,0.007,1.017
32:34.5,0,0.023,0.007,1.016
32:34.7,0,0.023,0.007,1.016
32:35.0,0,0.022,0.007,1.016
32:35.2,0,0.022,0.007,1.016
32:35.4,0,0.023,0.007,1.016
32:35.6,0,0.023,0.007,1.016
32:35.8,0,0.023,0.007,1.016
32:36.0,0,0.023,0.007,1.017
32:36.2,0,0.023,0.007,1.018
32:36.4,0,0.022,0.007,1.017
32:36.6,0,0.023,0.007,1.017
32:36.8,0,0.022,0.007,1.018
32:37.0,0,0.023,0.007,1.017
32:37.2,0,0.023,0.007,1.016
32:37.4,0,0.022,0.007,1.017
32:37.6,0,0.023,0.007,1.017
32:37.8,0,0.023,0.007,1.016
32:38.0,0,0.023,0.007,1.016
32:38.2,0,0.023,0.007,1.017
32:38.4,0,0.023,0.007,1.016
32:38.6,0,0.023,0.007,1.016
32:38.8,0,0.023,0.006,1.016
32:39.0,0,0.023,0.007,1.016
32:39.2,0,0.023,0.006,1.016
32:39.4,0,0.023,0.007,1.016
32:39.6,0,0.022,0.006,1.016
32:39.8,0,0.022,0.006,1.017
32:40.0,0,0.022,0.006,1.017
32:40.2,0,0.022,0.007,1.017
32:40.4,0,0.023,0.007,1.017
32:40.6,0,0.023,0.007,1.017
32:40.8,0,0.022,0.006,1.016
32:41.0,0,0.023,0.007,1.016
32:41.2,0,0.023,0.007,1.017
32:41.4,0,0.022,0.007,1.017
32:41.6,1,0.023,0.007,1.016
32:41.8,1,0.022,0.007,1.021
32:42.0,1,0.022,0.007,1.02
32:42.3,1,0.022,0.007,1.019
32:42.5,1,0.022,0.007,1.019
32:42.7,0,0.021,0.007,1.019
32:42.9,0,0.022,0.007,1.015
32:43.1,0,0.022,0.007,1.016
32:43.3,0,0.022,0.007,1.017
32:43.5,0,0.022,0.007,1.016
32:43.7,0,0.022,0.007,1.016
32:43.9,0,0.022,0.007,1.016
32:44.1,0,0.022,0.007,1.016
32:44.3,0,0.022,0.007,1.017
32:44.5,0,0.023,0.008,1.018
32:44.7,0,0.023,0.007,1.017
32:44.9,0,0.023,0.007,1.017
32:45.1,0,0.022,0.008,1.02
32:45.3,0,0.021,0.008,1.021
32:45.5,0,0.021,0.007,1.019
32:45.7,0,0.021,0.007,1.021
32:45.9,0,0.021,0.008,1.021
32:46.1,0,0.022,0.007,1.018
32:46.3,0,0.022,0.007,1.016
32:46.5,0,0.022,0.007,1.016
32:46.7,0,0.022,0.007,1.017
32:46.9,0,0.022,0.007,1.017
32:47.1,0,0.022,0.007,1.016
32:47.3,0,0.022,0.007,1.016
32:47.5,0,0.022,0.007,1.016
32:47.7,0,0.022,0.007,1.016
32:47.9,0,0.023,0.007,1.016
32:48.1,0,0.023,0.007,1.016
32:48.3,0,0.022,0.007,1.016
32:48.5,0,0.022,0.007,1.016
32:48.7,0,0.022,0.007,1.016
32:48.9,0,0.022,0.007,1.016
32:49.1,0,0.022,0.007,1.016
32:49.3,0,0.022,0.008,1.016
32:49.5,0,0.022,0.008,1.017
32:49.7,0,0.022,0.008,1.017
32:50.0,0,0.022,0.008,1.016
32:50.2,0,0.022,0.008,1.016
32:50.4,0,0.022,0.007,1.016
32:50.6,0,0.022,0.007,1.016
32:50.8,0,0.022,0.007,1.016
32:51.0,0,0.022,0.007,1.016
32:51.2,0,0.022,0.007,1.016
32:51.4,0,0.022,0.007,1.016
32:51.6,0,0.022,0.007,1.016
32:51.8,0,0.022,0.007,1.016
32:52.0,0,0.022,0.007,1.016
32:52.2,0,0.022,0.007,1.016
32:52.4,0,0.022,0.007,1.016
32:52.6,0,0.022,0.007,1.016
32:52.8,0,0.022,0.007,1.016
32:53.0,0,0.022,0.007,1.016
32:53.2,0,0.022,0.007,1.016
32:53.4,0,0.022,0.007,1.016
32:53.6,0,0.022,0.007,1.016
32:53.8,0,0.022,0.007,1.016
32:54.0,0,0.022,0.007,1.016
32:54.2,0,0.022,0.007,1.016
32:54.4,0,0.022,0.007,1.016
32:54.6,0,0.022,0.007,1.016
32:54.8,0,0.022,0.007,1.016
32:55.0,0,0.023,0.007,1.016
32:55.2,0,0.023,0.007,1.016
32:55.4,0,0.023,0.007,1.016
32:55.6,0,0.022,0.007,1.016
32:55.8,0,0.022,0.007,1.016
32:56.0,0,0.022,0.007,1.016
32:56.3,0,22,0.007,1.016
32:56.5,0,0.022,0.007,1.016
32:56.7,0,0.022,0.007,1.016
32:56.9,0,0.022,0.007,1.016
32:57.1,0,0.022,0.007,1.016
32:57.3,0,0.022,0.007,1.016
32:57.5,0,0.022,0.007,1.016
32:57.7,0,0.022,0.007,1.017
32:57.9,0,0.022,0.007,1.017
32:58.1,0,0.023,0.006,1.015
32:58.3,0,0.023,0.007,1.015
32:58.5,0,0.023,0.007,1.016
32:58.7,0,0.023,0.006,1.015
32:58.9,0,0.022,0.006,1.015
32:59.1,0,0.022,0.007,1.016
32:59.3,0,0.022,0.006,1.017
32:59.5,0,0.022,0.006,1.016
32:59.7,0,0.022,0.007,1.016
32:59.9,0,0.022,0.007,1.016
33:00.1,0,0.022,0.007,1.016
33:00.3,0,0.022,0.007,1.015
33:00.5,0,0.022,0.007,1.015
33:00.7,0,0.022,0.006,1.016
33:00.9,0,0.022,0.006,1.016
33:01.1,0,0.022,0.006,1.016
33:01.3,0,0.023,0.006,1.016
33:01.5,0,0.023,0.007,1.016
33:01.7,0,0.023,0.007,1.016
33:01.9,0,0.023,0.007,1.016
33:02.2,0,0.022,0.007,1.017
33:02.4,0,0.022,0.007,1.017
33:02.6,0,0.022,0.007,1.017
33:02.8,0,0.022,0.007,1.017
33:03.0,0,0.022,0.007,1.016
33:03.2,0,0.022,0.007,1.015
33:03.4,0,0.022,0.007,1.016
33:03.6,0,0.022,0.007,1.016
33:03.8,0,0.022,0.007,1.015
33:04.0,0,0.022,0.007,1.016
33:04.2,0,0.023,0.007,1.016
33:04.4,0,0.023,0.007,1.015
33:04.6,0,0.023,0.007,1.016
33:04.8,0,0.023,0.007,1.016
33:05.0,0,0.022,0.007,1.016
33:05.2,0,0.023,0.007,1.015
33:05.4,0,0.022,0.007,1.016
33:05.6,0,0.022,0.007,1.016
33:05.8,0,0.022,0.006,1.016
33:06.0,0,0.023,0.007,1.016
33:06.2,0,0.023,0.007,1.016
33:06.4,0,0.023,0.006,1.016
33:06.6,0,0.023,0.006,1.016
33:06.8,0,0.023,0.007,1.016
33:07.0,0,0.023,0.007,1.015
33:07.2,0,0.023,0.007,1.015
33:07.4,0,0.023,0.007,1.016
33:07.6,0,0.023,0.007,1.016
33:07.8,0,0.023,0.007,1.016
33:08.0,0,0.023,0.007,1.016
33:08.2,0,0.023,0.007,1.016
33:08.4,0,0.023,0.007,1.016
33:08.6,0,0.023,0.007,1.017
33:08.8,0,0.023,0.008,1.017
33:09.0,0,0.023,0.007,1.017
33:09.2,0,0.023,0.007,1.017
33:09.4,0,0.022,0.007,1.017
33:09.6,0,0.022,0.007,1.016
33:09.8,0,0.023,0.007,1.016
33:10.1,0,0.023,0.007,1.016
33:10.3,0,0.023,0.007,1.016
33:10.5,0,0.023,0.007,1.016
33:10.7,0,0.023,0.007,1.016
33:10.9,0,0.022,0.007,1.016
33:11.1,0,0.022,0.007,1.016
33:11.3,0,0.022,0.007,1.016
33:11.5,0,0.022,0.007,1.016
33:11.7,0,0.023,0.007,1.016
33:11.9,0,0.023,0.007,1.016
33:12.1,0,0.022,0.007,1.016
33:12.3,0,0.022,0.007,1.016
33:12.5,0,0.022,0.007,1.017
33:12.7,0,0.022,0.007,1.017
33:12.9,0,0.022,0.008,1.017
33:13.1,0,0.022,0.007,1.017
33:13.3,0,0.023,0.007,1.017
33:13.5,0,0.023,0.007,1.017
33:13.7,0,0.022,0.007,1.016
33:13.9,0,0.022,0.006,1.016
33:14.1,0,0.023,0.006,1.016
33:14.3,0,0.023,0.006,1.017
33:14.5,0,0.023,0.006,1.016
33:14.7,0,0.023,0.007,1.016
33:14.9,0,0.023,0.007,1.017
33:15.1,0,0.023,0.007,1.017
33:15.3,0,0.022,0.007,1.016
33:15.5,0,0.022,0.007,1.016
33:15.7,0,0.022,0.007,1.016
33:15.9,0,0.022,0.006,1.016
33:16.1,0,0.022,0.006,1.016
33:16.3,0,0.023,0.006,1.016
33:16.5,0,0.023,0.006,1.016
33:16.7,0,0.023,0.006,1.016
33:16.9,0,0.023,0.007,1.016
33:17.1,0,0.023,0.007,1.016
33:17.3,0,0.023,0.006,1.016
33:17.5,0,0.023,0.007,1.016
33:17.8,0,0.023,0.007,1.016
33:18.0,0,0.023,0.007,1.016
33:18.2,0,0.023,0.007,1.016
33:18.4,0,0.023,0.007,1.017
33:18.6,0,0.022,0.007,1.017
33:18.8,0,0.023,0.006,1.017
33:19.0,0,0.023,0.007,1.016
33:19.2,0,0.023,0.007,1.016
33:19.4,0,0.023,0.007,1.016
33:19.6,0,0.023,0.007,1.016
33:19.8,0,0.023,0.007,1.016
33:20.0,0,0.023,0.007,1.016
33:20.2,0,0.022,0.007,1.016
33:20.4,0,0.022,0.007,1.016
33:20.6,0,0.023,0.007,1.016
33:20.8,0,0.023,0.007,1.016
33:21.0,0,0.023,0.007,1.016
33:21.2,0,0.023,0.007,1.016
33:21.4,0,0.023,0.007,1.016
33:21.6,0,0.023,0.007,1.016
33:21.8,0,0.023,0.007,1.016
33:22.0,0,0.022,0.007,1.016
33:22.2,0,0.023,0.007,1.016
33:22.4,0,0.023,0.007,1.016
33:22.6,0,0.022,0.007,1.016
33:22.8,0,0.023,0.007,1.016
33:23.0,0,0.023,0.007,1.016
33:23.2,0,0.023,0.007,1.016
33:23.4,0,0.023,0.007,1.016
33:23.6,0,0.023,0.007,1.016
33:23.8,0,0.023,0.007,1.016
33:24.0,0,0.023,0.007,1.016
33:24.2,0,0.022,0.007,1.016
33:24.4,0,0.023,0.007,1.016
33:24.6,0,0.023,0.007,1.016
33:24.8,0,0.023,0.007,1.016
33:25.1,0,0.022,0.007,1.016
33:25.3,0,0.023,0.007,1.016
33:25.5,0,0.023,0.007,1.016
33:25.7,0,0.023,0.007,1.016
33:25.9,0,0.023,0.007,1.016
33:26.1,0,0.023,0.007,1.016
33:26.3,0,0.023,0.007,1.016
33:26.5,0,0.023,0.007,1.017
33:26.7,0,0.022,0.007,1.017
33:26.9,0,0.022,0.007,1.017
33:27.5,0,0.023,0.007,1.016
33:27.7,0,0.023,0.007,1.015
33:27.9,0,0.023,0.007,1.016
33:28.1,0,0.023,0.007,1.016
33:28.3,0,0.023,0.007,1.016
33:28.5,0,0.023,0.007,1.016
33:28.7,0,0.023,0.007,1.016
33:28.9,0,0.023,0.007,1.016
33:29.1,0,0.023,0.006,1.016
33:29.3,0,0.023,0.007,1.016
33:29.6,0,0.023,0.007,1.016
33:29.8,0,0.023,0.007,1.016
33:30.0,0,0.022,0.007,1.016
33:30.2,0,0.023,0.007,1016
33:30.4,0,0.023,0.007,1.016
33:30.6,0,0.023,0.007,1.016
33:30.8,0,0.023,0.007,1.016
33:31.0,0,0.023,0.007,1.016
33:31.2,0,0.023,0.007,1.016
33:31.4,0,0.022,0.007,1.015
33:31.6,0,0.023,0.007,1.016
33:31.8,0,0.023,0.007,1.016
33:32.0,0,0.023,0.007,1.016
33:32.2,0,0.023,0.007,1.016
33:32.4,0,0.023,0.007,1.016
33:32.6,0,0.023,0.007,1.017
33:32.8,0,0.023,0.008,1.016
33:33.0,0,0.023,0.008,1.016
33:33.2,0,0.023,0.007,1.017
33:33.4,0,0.023,0.007,1.017
33:33.6,0,0.023,0.007,1.016
33:33.8,0,0.022,0.006,1.018
33:34.0,0,0.022,0.006,1.017
33:34.3,0,0.023,0.007,1.016
33:34.5,0,0.023,0.007,1.016
33:34.7,0,0.022,0.007,1.016
33:34.9,0,0.023,0.007,1.015
33:35.1,0,0.022,0.007,1.015
33:35.3,0,0.022,0.007,1.015
33:35.5,0,0.023,0.007,1.015
33:35.7,0,0.023,0.006,1.015
33:35.9,0,0.023,0.007,1.016
33:36.1,0,0.023,0.007,1.016
33:36.3,0,0.023,0.007,1.016
33:36.5,0,0.023,0.007,1.016
33:36.7,0,0.023,0.007,1.016
33:36.9,0,0.023,0.007,1.016
33:37.1,0,0.023,0.007,1.016
33:37.3,0,0.023,0.007,1.016
33:37.5,0,0.022,0.007,1.016
33:37.7,0,0.022,0.007,1.016
33:37.9,0,0.023,0.007,1.016
33:38.1,0,0.023,0.007,1.016
33:38.3,0,0.023,0.007,1.015
33:38.5,0,0.023,0.007,1.016
33:38.7,0,0.022,0.007,1.016
33:38.9,0,0.023,0.007,1.016
33:39.1,0,0.022,0.007,1.016
33:39.3,0,0.022,0.007,1.017
33:39.5,0,0.022,0.007,1.016
33:39.7,0,0.023,0.007,1.016
33:39.9,0,0.023,0.007,1.017
33:40.1,0,0.023,0.007,1.017
33:40.3,0,0.023,0.007,1.017
33:40.5,0,0.023,0.007,1.017
33:40.7,0,0.023,0.007,1.017
33:40.9,0,0.023,0.007,1.017
33:41.1,0,0.023,0.007,1.018
33:41.3,0,0.022,0.007,1.018
33:41.5,0,0.022,0.007,1.018
33:41.7,0,0.022,0.007,1.018
33:42.0,0,0.023,0.007,1.017
33:42.2,0,0.023,0.007,1.016
33:42.4,0,0.023,0.007,1.017
33:42.6,0,0.023,0.007,1.016
33:42.8,0,0.023,0.007,1.016
33:43.0,0,0.023,0.007,1.017
33:43.2,0,0.023,0.007,1.016
33:43.4,0,0.023,0.006,1.016
33:43.6,0,0.023,0.006,1.016
33:43.8,0,0.022,0.007,1.02
33:44.0,0,0.022,0.007,1.02
33:44.2,0,0.023,0.007,1.019
33:44.4,0,0.023,0.007,1.019
33:44.6,0,0.022,0.007,1.019
33:44.8,0,0.023,0.007,1.016
33:45.0,0,0.023,0.007,1.015
33:45.2,0,0.023,0.007,1.016
33:45.4,0,0.023,0.007,1.017
33:45.6,0,0.023,0.007,1.017
33:45.8,0,0.023,0.007,1.017
33:46.0,0,0.023,0.007,1.017
33:46.2,0,0.023,0.007,1.016
33:46.4,0,0.023,0.007,1.015
33:46.6,0,0.023,0.007,1.015
33:46.8,0,0.023,0.007,1.015
33:47.0,0,0.022,0.007,1.016
33:47.2,0,0.022,0.006,1.016
33:47.4,0,0.022,0.006,1.016
33:47.7,0,0.02,0.006,1.015
33:47.9,1,0.023,0.006,1.014
33:48.1,1,0.023,0.006,1.013
33:48.3,1,0.023,0.006,1.014
33:48.5,1,0.023,0.006,1.014
33:48.7,1,0.022,0.007,1.015
33:48.9,1,0.022,0.006,1.016
33:49.1,0,0.022,0.007,1.017
33:49.3,0,0.022,0.006,1.017
33:49.5,0,0.022,0.006,1.017
33:49.7,0,0.022,0.006,1.016
33:49.9,0,0.022,0.007,1.016
33:50.1,0,0.023,0.007,1.016
33:50.3,0,0.023,0.007,1.016
33:50.5,0,0.023,0.007,1.016
33:50.7,0,0.023,0.007,1.015
33:50.9,0,0.023,0.006,1.015
33:51.1,0,0.022,0.006,1.016
33:51.3,0,0.023,0.006,1.016
33:51.5,0,0.023,0.006,1.016
33:51.7,0,0.023,0.006,1.016
33:51.9,0,0.022,0.006,1.016
33:52.1,0,0.021,0.007,1.021
33:52.3,1,0.02,0.003,1.021
33:52.5,1,0.022,0.005,1.021
33:52.7,1,0.021,0.005,1.021
33:52.9,1,0.021,0.004,1.021
33:53.1,1,0.022,0.004,1.018
33:53.3,1,0.024,0.009,1.017
33:53.5,0,0.022,0.005,1.018
33:53.7,0,0.022,0.006,1.019
33:53.9,0,0.022,0.007,1.018
33:54.2,0,0.022,0.006,1.016
33:54.4,0,0.022,0.006,1.017
33:54.6,0,0.022,0.007,1.017
33:54.8,0,0.023,0.007,1.016
33:55.0,0,0.023,0.007,1.016
33:55.2,0,0.023,0.008,1.017
33:55.4,0,0.023,0.007,1.017
33:55.6,0,0.023,0.007,1.016
33:55.8,0,0.023,0.007,1.016
33:56.0,0,0.023,0.007,1.017
33:56.2,0,0.023,0.007,1.016
33:56.4,0,0.022,0.006,1.016
33:56.6,0,0.022,0.007,1.016
33:56.8,0,0.022,0.007,1.017
33:57.0,0,0.022,0.007,1.017
33:57.2,0,0.022,0.007,1.017
33:57.4,0,0.022,0.007,1.017
33:57.6,0,0.022,0.007,1.017
33:57.8,0,0.023,0.007,1.017
33:58.0,0,0.023,0.007,1.017
33:58.2,0,0.023,0.007,1.017
33:58.4,0,0.023,0.007,1.016
33:58.6,0,0.022,0.007,1.016
33:58.8,0,0.023,0.007,1.016
33:59.0,0,0.023,0.007,1.015
33:59.2,0,0.022,0.007,1.015
33:59.4,0,0.022,0.007,1.016
33:59.6,0,0.022,0.007,1.015
33:59.8,0,0.022,0.006,1.014
34:00.0,0,0.022,0.006,1.014
34:00.2,0,0.022,0.007,1.015
34:00.4,0,0.022,0.007,1.014
34:00.6,0,0.022,0.007,1.015
34:00.8,0,0.023,0.007,1.016
34:01.0,0,0.022,0.007,1.017
34:01.2,0,0.023,0.007,1.016
34:01.4,0,0.023,0.007,1.016
34:01.6,0,0.023,0.007,1.016
34:01.9,0,0.023,0.008,1.016
34:02.1,0,0.023,0.007,1.016
34:02.3,0,0.023,0.007,1.016
34:02.5,0,0.023,0.007,1.016
34:02.7,0,0.022,0.007,1.016
34:02.9,0,0.022,0.006,1.015
34:03.1,0,0.022,0.006,1.015
34:03.3,0,0.022,0.007,1.015
34:03.5,0,0.022,0.006,1.015
34:03.7,0,0.022,0.007,1.016
34:03.9,0,0.022,0.007,1.015
34:04.1,0,0.022,0.007,1.015
34:04.3,0,0.022,0.007,1.016
34:04.5,0,0.023,0.007,1.016
34:04.7,0,0.022,0.006,1.016
34:04.9,0,0.022,0.007,1.016
34:05.1,0,0.022,0.007,1.016
34:05.3,0,0.022,0.007,1.016
34:05.5,0,0.022,0.007,1.016
34:05.7,0,0.022,0.007,1.016
34:05.9,0,0.022,0.007,1.016
34:06.1,0,0.022,0.007,1.016
34:06.3,0,0.023,0.007,1.016
34:06.5,0,0.023,0.007,1.016
34:06.7,0,0.023,0.007,1.016
34:06.9,0,0.023,0.007,1.016
34:07.1,0,0.022,0.007,1.015
34:07.3,0,0.022,0.006,1.015
34:07.5,0,0.023,0.007,1.015
34:07.7,0,0.023,0.007,1.015
34:07.9,0,0.023,0.007,1.015
34:08.1,0,0.023,0.007,1.016
34:08.3,0,0.023,0.007,1.016
34:08.5,0,0.023,0.007,1.016
34:08.7,0,0.023,0.006,1.015
34:08.9,0,0.023,0.006,1.015
34:09.2,0,0.023,0.006,1.016
34:09.4,0,0.023,0.007,1.016
34:09.6,0,0.022,0.007,1.017
34:09.8,0,0.022,0.007,1.017
34:10.0,0,0.022,0.007,1.016
34:10.2,0,0.022,0.007,1.016
34:10.4,0,0.022,0.007,1.016
34:10.6,0,0.023,0.007,1.016
34:10.8,0,0.023,0.007,1.016
34:11.0,0,0.023,0.007,1.016
34:11.2,0,0.023,0.007,1.016
34:11.4,0,0.023,0.007,1.015
34:11.6,0,0.023,0.007,1.015
34:11.8,0,0.023,0.007,1.016
34:12.0,0,0.023,0.007,1.016
34:12.2,0,0.023,0.007,1.016
34:12.4,0,0.022,0.007,1.016
34:12.6,0,0.022,0.007,1.016
34:12.8,0,0.022,0.007,1.016
34:13.0,0,0.022,0.007,1.016
34:13.2,0,0.022,0.007,1.016
34:13.4,0,0.022,0.007,1.017
34:13.6,0,0.022,0.007,1.017
34:13.8,0,0.022,0.007,1.017
34:14.0,0,0.022,0.006,1.017
34:14.2,0,0.022,0.006,1.016
34:14.4,0,0.022,0.007,1.016
34:14.6,0,0.022,0.006,1.016
34:14.8,0,0.022,0.006,1.016
34:15.0,0,0.022,0.007,1.015
34:15.2,0,0.023,0.007,1.016
34:15.4,0,0.022,0.006,1.016
34:15.6,0,0.023,0.007,1.016
34:15.8,0,0.023,0.007,1.016
34:16.0,0,0.022,0.007,1.016
34:16.2,0,0.022,0.007,1.017
34:16.5,0,0.022,0.007,1.016
34:16.6,0,0.022,0.007,1.016
34:16.9,0,0.022,0.007,1.017
34:17.1,0,0.022,0.007,1.017
34:17.3,0,0.022,0.007,1.016
34:17.5,1,0.022,0.007,1.017
34:17.7,1,0.022,0.007,1.016
34:17.9,1,0.023,0.006,1.013
34:18.1,1,0.023,0.006,1.014
34:18.3,1,0.022,0.006,1.015
34:18.5,0,0.023,0.006,1.014
34:18.7,0,0.023,0.006,1.014
34:18.9,0,0.022,0.006,1.017
34:19.1,0,0.022,0.006,1.016
34:19.3,0,0.022,0.006,1.016
34:19.5,0,0.023,0.006,1.016
34:19.7,0,0.023,0.007,1.017
34:19.9,0,0.023,0.007,1.017
34:20.1,0,0.022,0.007,1.016
34:20.3,0,0.022,0.007,1.016
34:20.5,0,0.022,0.007,1.017
34:20.7,0,0.022,0.007,1.017
34:20.9,0,0.022,0.007,1.016
34:21.1,0,0.022,0.007,1.017
34:21.3,0,0.022,0.007,1.017
34:21.5,0,0.023,0.007,1.016
34:21.7,0,0.023,0.007,1.016
34:21.9,0,0.023,0.007,1.016
34:22.1,0,0.023,0.007,1.016
34:22.3,0,0.023,0.007,1.016
34:22.5,0,0.022,0.006,1.016
34:22.7,0,0.023,0.007,1.016
34:22.9,0,0.022,0.007,1.016
34:23.1,0,0.022,0.006,1.016
34:23.3,0,0.023,0.007,1.016
34:23.5,0,0.022,0.007,1.016
34:23.7,0,0.022,0.007,1.016
34:23.9,0,0.023,0.007,1.016
34:24.1,0,0.022,0.007,1.016
34:24.4,0,0.022,0.007,1.016
34:24.6,0,0.022,0.007,1.016
34:24.8,0,0.022,0.007,1.017
34:25.0,0,0.022,0.007,1.016
34:25.2,0,0.023,0.007,1.017
34:25.4,0,0.023,0.007,1.017
34:25.6,0,0.023,0.007,1.017
34:25.8,0,0.023,0.007,1.017
34:26.0,0,0.023,0.007,1.017
34:26.2,0,0.023,0.007,1.017
34:26.4,0,0.022,0.007,1.017
34:26.6,0,0.022,0.007,1.017
34:26.8,0,0.022,0.007,1.017
34:27.0,0,0.022,0.007,1.016
34:27.2,0,0.023,0.007,1.016
34:27.4,0,0.023,0.007,1.016
34:27.6,0,0.023,0.006,1.015
34:27.8,0,0.023,0.006,1.015
34:28.0,0,0.023,0.007,1.016
34:28.2,0,0.023,0.006,1.016
34:28.4,0,0.023,0.006,1.015
34:28.6,0,0.023,0.007,1.016
34:28.8,0,0.023,0.007,1.016
34:29.0,0,0.022,0.007,1.017
34:29.2,0,0.023,0.007,1.017
34:29.4,0,0.023,0.007,1.017
34:29.6,0,0.023,0.007,1.017
34:29.8,0,0.023,0.007,1.016
34:30.0,0,0.023,0.007,1.016
34:30.2,0,0.023,0.007,1.016
34:30.4,0,0.023,0.007,1.017
34:30.6,0,0.023,0.007,1.017
34:30.8,0,0.023,0.007,1.017
34:31.0,0,0.023,0.007,1.017
34:31.2,0,0.023,0.007,1.016
34:31.4,0,0.023,0.006,1.016
34:31.6,1,0.023,0.007,1.016
34:31.9,1,0.023,0.008,1.014
34:32.1,1,0.023,0.007,1.013
34:32.3,1,0.023,0.007,1.013
34:32.5,1,0.023,0.008,1.014
34:32.7,0,0.023,0.007,1.014
34:32.9,0,0.023,0.007,1.015
34:33.1,0,0.022,0.007,1.017
34:33.3,0,0.022,0.007,1.017
34:33.5,0,0.022,0.007,1.016
34:33.7,0,0.022,0.007,1.017
34:33.9,0,0.022,0.007,1.017
34:34.1,0,0.023,0.007,1.015
34:34.3,0,0.022,0.006,1.016
34:34.5,0,0.023,0.007,1.016
34:34.7,0,0.023,0.007,1.015
34:34.9,0,0.023,0.006,1.015
34:35.1,0,0.022,0.007,1.016
34:35.3,0,0.023,0.007,1.016
34:35.5,0,0.023,0.006,1.015
34:35.7,0,0.023,0.007,1.016
34:35.9,0,0.023,0.007,1.016
34:36.1,1,0.022,0.007,1.017
34:36.3,1,0.022,0.007,1.018
34:36.5,1,0.022,0.007,1.017
34:36.7,1,0.022,0.007,1.017
34:36.9,1,0.022,0.007,1.017
34:37.1,0,0.023,0.007,1.016
34:37.3,0,0.023,0.006,1.015
34:37.5,0,0.023,0.006,1.016
34:37.7,0,0.023,0.007,1.016
34:37.9,0,0.023,0.006,1.016
34:38.1,0,0.022,0.006,1.016
34:38.3,0,0.023,0.007,1.016
34:38.5,0,0.023,0.007,1.017
34:38.7,0,0.023,0.007,1.017
34:38.9,0,0.023,0.007,1.016
34:39.1,0,0.023,0.007,1.017
34:39.3,0,0.023,0.007,1.017
34:39.6,0,0.023,0.007,1.016
34:39.8,0,0.023,0.007,1.017
34:40.0,0,0.023,0.008,1.017
34:40.2,0,0.023,0.007,1.016
34:40.4,0,0.023,0.007,1.016
34:40.6,0,0.023,0.007,1.016
34:40.8,0,0.023,0.007,1.016
34:41.0,0,0.023,0.007,1.016
34:41.2,0,0.023,0.007,1.016
34:41.4,0,0.022,0.007,1.016
34:41.6,0,0.023,0.007,1.016
34:41.8,0,0.023,0.007,1.016
34:42.0,0,0.023,0.007,1.016
34:42.2,0,0.023,0.007,1.016
34:42.4,0,0.023,0.007,1.016
34:42.6,0,0.023,0.007,1.016
34:42.8,0,0.023,0.007,1.016
34:43.0,0,0.023,0.007,1.015
34:43.2,0,0.023,0.007,1.016
34:43.4,0,0.023,0.007,1.016
34:43.6,0,0.023,0.007,1.016
34:43.8,0,0.023,0.007,1.015
34:44.0,0,0.023,0.007,1.016
34:44.2,0,0.023,0.006,1.015
34:44.4,0,0.023,0.007,1.015
34:44.6,0,0.023,0.007,1.015
34:44.8,0,0.023,0.007,1.016
34:45.0,0,0.023,0.007,1.016
34:45.2,0,0.023,0.007,1.016
34:45.4,0,0.023,0.007,1.016
34:45.6,0,0.023,0.007,1.016
34:45.8,0,0.023,0.007,1.016
34:46.0,0,0.023,0.007,1.016
34:46.2,0,0.023,0.007,1.016
34:46.4,0,0.023,0.007,1.016
34:46.6,0,0.023,0.007,1.016
34:46.9,0,0.023,0.007,1.015
34:47.1,0,0.023,0.007,1.015
34:47.3,0,0.023,0.006,1.016
34:47.5,0,0.023,0.007,1.015
34:47.7,0,0.023,0.006,1.015
34:47.9,0,0.023,0.007,1.015
34:48.1,0,0.022,0.006,1.016
34:48.3,0,0.023,0.006,1.016
34:48.5,0,0.023,0.007,1.016
34:48.7,0,0.023,0.006,1.016
34:48.9,0,0.023,0.006,1.016
34:49.1,0,0.023,0.006,1.016
34:49.3,0,0.023,0.007,1.016
34:49.5,0,0.022,0.007,1.016
34:49.7,0,0.023,0.006,1.016
34:49.9,0,0.022,0.006,1.016
34:50.1,0,0.023,0.007,1.016
34:50.3,0,0.022,0.007,1.016
34:50.5,0,0.022,0.007,1.016
34:50.7,0,0.022,0.007,1.016
34:50.9,0,0.022,0.007,1.017
34:51.1,0,0.022,0.007,1.016
34:51.3,0,0.022,0.007,1.016
34:51.5,0,0.022,0.007,1.016
34:51.7,0,0.022,0.006,1.015
34:51.9,0,0.022,0.006,1.015
34:52.1,0,0.022,0.006,1.015
34:52.3,0,0.022,0.006,1.015
34:52.5,0,0.023,0.007,1.015
34:52.7,0,0.023,0.007,1.016
34:52.9,0,0.022,0.007,1.016
34:53.1,0,0.023,0.006,1.016
34:53.3,0,0.023,0.007,1.016
34:53.5,0,0.023,0.006,1.015
34:54.0,0,0.023,0.007,1.016
34:54.2,0,0.022,0.007,1.016
34:54.4,0,0.022,0.007,1.016
34:54.6,0,0.022,0.007,1.016
34:54.8,1,0.022,0.007,1.015
34:55.0,1,0.022,0.006,1.016
34:55.2,1,0.022,0.007,1.016
34:55.4,1,0.023,0.007,1.016
34:55.6,1,0.022,0.007,1.016
34:55.8,0,0.022,0.008,1.017
34:56.0,0,0.022,0.008,1.017
34:56.2,0,0.022,0.007,1.017
34:56.4,0,0.022,0.007,1.017
34:56.6,0,0.022,0.007,1.017
34:56.8,0,0.022,0.007,1.016
34:57.0,0,0.022,0.006,1.016
34:57.2,0,0.022,0.007,1.016
34:57.4,0,0.022,0.007,1.016
34:57.6,0,0.022,0.007,1.016
34:57.8,0,0.022,0.007,1.016
34:58.0,0,0.022,0.007,1.016
34:58.2,0,0.022,0.007,1.016
34:58.4,0,0.022,0.007,1.016
34:58.6,0,0.022,0.007,1.016
34:58.9,0,0.022,0.007,1.015
34:59.1,0,0.023,0.007,1.015
34:59.3,0,0.023,0.007,1.013
34:59.5,0,0.023,0.006,1.013
34:59.7,0,0.023,0.006,1.013
34:59.9,0,0.023,0.006,1.013
35:00.1,0,0.023,0.006,1.014
35:00.3,0,0.023,0.006,1.016
35:00.5,0,0.023,0.007,1.016
35:00.7,0,0.023,0.007,1.015
35:00.9,0,0.023,0.007,1.015
35:01.1,0,0.023,0.007,1.015
35:01.3,0,0.023,0.007,1.015
35:01.5,0,0.023,0.007,1.016
35:01.7,0,0.023,0.007,1.016
35:01.9,0,0.023,0.008,1.016
35:02.1,0,0.023,0.007,1.017
35:02.3,0,0.023,0.007,1.017
35:02.5,0,0.023,0.007,1.016
35:02.7,0,0.022,0.007,1.016
35:02.9,0,0.022,0.006,1.016
35:03.1,0,0.022,0.006,1.015
35:03.3,0,0.022,0.006,1.015
35:03.5,0,0.022,0.006,1.016
35:03.7,0,0.022,0.006,1.016
35:03.9,0,0.022,0.007,1.017
35:04.1,0,0.022,0.007,1.017
35:04.3,0,0.022,0.007,1.017
35:04.5,0,0.022,0.007,1.016
35:04.7,0,0.023,0.007,1.016
35:04.9,0,0.022,0.007,1.016
35:05.1,0,0.022,0.007,1.016
35:05.3,0,0.022,0.006,1.017
35:05.5,0,0.022,0.007,1.017
35:05.7,0,0.022,0.007,1.017
35:05.9,0,0.022,0.007,1.016
35:06.2,0,0.023,0.007,1.016
35:06.4,0,0.023,0.006,1.016
35:06.6,0,0.023,0.007,1.016
35:06.8,0,0.023,0.007,1.016
35:07.0,0,0.023,0.007,1.016
35:07.2,0,0.023,0.007,1.017
35:07.4,0,0.022,0.007,1.016
35:07.6,0,0.022,0.007,1.016
35:07.8,0,0.023,0.007,1.016
35:08.0,0,0.023,0.007,1.017
35:08.2,0,0.023,0.007,1.017
35:08.4,0,0.023,0.007,1.017
35:08.6,0,0.023,0.007,1.018
35:08.8,0,0.023,0.006,1.017
35:09.0,0,0.023,0.006,1.017
35:09.2,0,0.023,0.007,1.017
35:09.4,0,0.023,0.007,1.017
35:09.6,0,0.023,0.006,1.017
35:09.8,0,0.022,0.007,1.017
35:10.0,0,0.022,0.007,1.017
35:10.2,0,0.022,0.006,1.017
35:10.4,0,0.022,0.006,1.017
35:10.6,0,0.022,0.007,1.017
35:10.8,0,0.023,0.006,1.017
35:11.0,0,0.023,0.006,1.016
35:11.2,0,0.023,0.007,1.017
35:11.4,0,0.022,0.006,1.017
35:11.6,0,0.022,0.007,1.017
35:11.8,0,0.022,0.007,1.016
35:12.0,0,0.022,0.006,1.016
35:12.2,0,0.022,0.006,1.016
35:12.4,0,0.022,0.007,1.015
35:12.6,0,0.022,0.006,1.015
35:12.8,0,0.022,0.006,1.017
35:13.1,0,0.022,0.007,1.017
35:13.3,0,0.022,0.006,1.016
35:13.5,0,0.022,0.006,1.016
35:13.7,0,0.023,0.007,1.016
35:13.9,0,0.023,0.006,1.015
35:14.1,0,0.022,0.006,1.016
35:14.3,0,0.023,0.007,1.016
35:14.5,0,0.022,0.007,1.016
35:14.7,0,0.022,0.007,1.016
35:14.9,0,0.022,0.007,1.017
35:15.1,0,0.022,0.007,1.017
35:15.3,0,0.022,0.007,1.017
35:15.5,0,0.022,0.007,1.017
35:15.7,0,0.022,0.007,1.017
35:15.9,0,0.022,0.006,1.016
35:16.1,0,0.022,0.006,1.016
35:16.3,0,0.022,0.006,1.016
35:16.5,0,0.022,0.006,1.016
35:16.7,0,0.023,0.006,1.016
35:16.9,0,0.023,0.007,1.016
35:17.1,0,0.023,0.007,1.016
35:17.3,0,0.022,0.008,1.017
35:17.5,0,0.022,0.007,1.016
35:17.7,0,0.022,0.007,1.017
35:17.9,0,0.022,0.007,1.017
35:18.1,0,0.022,0.007,1.017
35:18.3,0,0.022,0.006,1.016
35:18.5,0,0.022,0.007,1.016
35:18.7,0,0.022,0.007,1.017
35:18.9,0,0.023,0.006,1.016
35:19.1,0,0.023,0.006,1.016
35:19.3,0,0.023,0.007,1.017
35:19.5,0,0.023,0.007,1.017
35:19.7,0,0.023,0.007,1.017
35:19.9,0,0.023,0.007,1.017
35:20.1,0,0.023,0.007,1.017
35:20.3,0,0.023,0.007,1.017
35:20.6,0,0.022,0.007,1.017
35:20.8,0,0.022,0.007,1.017
35:21.0,0,0.022,0.007,1.017
35:21.2,0,0.022,0.007,1.017
35:21.4,0,0.022,0.007,1.017
35:21.6,0,0.023,0.007,1.017
35:21.8,0,0.023,0.007,1.016
35:22.0,0,0.023,0.006,1.015
35:22.2,0,0.023,0.006,1.016
35:22.4,1,0.023,0.006,1.015
35:22.6,1,0.023,0.006,1.015
35:22.8,1,0.023,0.006,1.016
35:23.0,1,0.023,0.006,1.017
35:23.2,1,0.023,0.007,1.016
35:23.4,1,0.022,0.006,1.016
35:23.6,0,0.022,0.006,1.016
35:23.8,0,0.022,0.006,1.017
35:24.0,0,0.022,0.007,1.016
35:24.2,0,0.023,0.006,1.016
35:24.4,0,0.023,0.007,1.016
35:24.6,0,0.023,0.007,1.016
35:24.8,0,0.023,0.007,1.015
35:25.0,0,0.023,0.006,1.016
35:25.2,0,0.023,0.007,1.016
35:25.4,0,0.023,0.007,1.016
35:25.6,0,0.023,0.007,1.016
35:25.8,0,0.023,0.007,1.016
35:26.0,0,0.023,0.007,1.016
35:26.2,0,0.023,0.007,1.016
35:26.4,0,0.023,0.007,1.016
35:26.6,0,0.023,0.007,1.016
35:26.8,0,0.023,0.007,1.017
35:27.0,0,0.022,0.008,1.017
35:27.2,0,0.023,0.007,1.017
35:27.4,0,0.023,0.007,1.017
35:27.6,0,0.023,0.007,1.018
35:27.9,0,0.023,0.007,1.017
35:28.1,0,0.022,0.007,1.017
35:28.3,0,0.022,0.007,1.017
35:28.5,0,0.022,0.007,1.017
35:28.7,0,0.022,0.007,1.016
35:28.9,0,0.022,0.007,1.016
35:29.1,0,0.022,0.007,1.016
35:29.3,0,0.022,0.007,1.016
35:29.5,0,0.023,0.007,1.016
35:29.7,0,0.023,0.007,1.016
35:29.9,0,0.023,0.006,1.015
35:30.1,0,0.023,0.006,1.015
35:30.3,0,0.023,0.007,1.016
35:30.5,0,0.022,0.006,1.015
35:30.7,0,0.022,0.006,1.015
35:30.9,0,0.022,0.006,1.016
35:31.1,0,0.022,0.006,1.016
35:31.3,0,0.022,0.006,1.016
35:31.5,0,0.023,0.006,1.016
35:31.7,0,0.023,0.006,1.015
35:31.9,0,0.023,0.006,1.016
35:32.1,0,0.022,0.006,1.016
35:32.3,0,0.022,0.006,1.016
35:32.5,0,0.023,0.007,1.016
35:32.7,0,0.022,0.007,1.017
35:32.9,0,0.023,0.007,1.016
35:33.1,0,0.023,0.007,1.016
35:33.3,0,0.023,0.007,1.016
35:33.5,0,0.022,0.007,1.016
35:33.7,0,0.023,0.008,1.016
35:33.9,0,0.023,0.007,1.016
35:34.1,0,0.023,0.007,1.016
35:34.3,0,0.023,0.007,1.015
35:34.5,0,0.023,0.006,1.014
35:34.7,0,0.023,0.006,1.015
35:34.9,0,0.023,0.007,1.015
35:35.2,0,0.023,0.007,1.015
35:35.4,0,0.022,0.006,1.016
35:35.6,0,0.022,0.007,1.016
35:35.8,0,0.022,0.006,1.016
35:36.0,0,0.022,0.005,1.016
35:36.2,0,0.022,0.006,1.016
35:36.4,0,0.023,0.006,1.016
35:36.6,0,0.023,0.006,1.016
35:36.8,0,0.023,0.006,1.016
35:37.0,0,0.023,0.007,1.016
35:37.2,0,0.023,0.006,1.016
35:37.4,0,0.022,0.006,1.016
35:37.6,0,0.023,0.006,1.016
35:37.8,0,0.023,0.006,1.016
35:38.0,0,0.023,0.006,1.016
35:38.2,0,0.023,0.007,1.016
35:38.4,0,0.023,0.007,1.016
35:38.6,0,0.023,0.007,1.016
35:38.8,0,0.023,0.007,1.016
35:39.0,0,0.023,0.007,1.016
35:39.2,0,0.023,0.007,1.016
35:39.4,0,0.023,0.007,1.016
35:39.6,0,0.023,0.007,1.016
35:39.8,0,0.023,0.007,1.016
35:40.0,0,0.023,0.006,1.016
35:40.2,0,0.023,0.007,1.015
35:40.4,0,0.023,0.007,1.016
35:40.6,0,0.023,0.007,1.016
35:40.8,0,0.023,0.007,1.016
35:41.0,0,0.023,0.008,1.015
35:41.2,0,0.022,0.005,1.012
35:41.5,0,0.022,0.003,1.012
35:41.6,0,0.022,0.005,1.014
35:41.9,0,0.022,0.005,1.015
35:42.1,0,0.022,0.003,1.015
35:42.3,0,0.023,0.008,1.018
35:42.5,0,0.023,0.009,1.021
35:42.7,0,0.022,0.009,1.02
35:42.9,0,0.022,0.009,1.02
35:43.1,1,0.022,0.01,1.021
35:43.3,1,0.022,0.009,1.02
35:43.5,1,0.023,0.009,1.018
35:43.7,1,0.023,0.007,1.016
35:43.9,1,0.023,0.007,1.016
35:44.1,1,0.023,0.007,1.016
35:44.3,0,0.023,0.007,1.017
35:44.5,0,0.023,0.007,1.016
35:44.7,0,0.023,0.007,1.017
35:44.9,0,0.023,0.007,1.016
35:45.1,0,0.023,0.007,1.016
35:45.3,0,0.023,0.007,1.016
35:45.5,0,0.023,0.007,1.016
35:45.7,0,0.023,0.007,1.016
35:45.9,0,0.023,0.007,1.017
35:46.1,0,0.023,0.007,1.017
35:46.3,0,0.023,0.007,1.016
35:46.5,0,0.023,0.007,1.016
35:46.7,0,0.023,0.007,1.016
35:46.9,0,0.023,0.007,1.015
35:47.1,0,0.023,0.007,1.015
35:47.3,0,0.023,0.007,1.015
35:47.5,0,0.023,0.006,1.014
35:47.7,0,0.024,0.006,1.013
35:47.9,1,0.023,0.007,1.015
35:48.1,1,0.023,0.007,1.015
35:48.4,1,0.023,0.007,1.015
35:48.6,1,0.023,0.009,1.016
35:48.8,1,0.022,0.008,1.017
35:49.0,1,0.023,0.008,1.017
35:49.2,0,0.023,0.007,1.017
35:49.4,0,0.022,0.007,1.016
35:49.6,0,0.022,0.007,1.016
35:49.8,0,0.022,0.007,1.016
35:50.0,0,0.022,0.006,1.015
35:50.2,0,0.022,0.006,1.016
35:50.4,0,0.023,0.007,1.016
35:50.6,0,0.022,0.007,1.015
35:50.8,0,0.022,0.007,1.015
35:51.0,0,0.022,0.007,1.016
35:51.2,0,0.022,0.007,1.015
35:51.4,0,0.022,0.006,1.015
35:51.6,0,0.022,0.007,1.016
35:51.8,0,0.022,0.007,1.016
35:52.0,0,0.022,0.007,1.016
35:52.2,0,0.022,0.006,1.016
35:52.4,0,0.022,0.007,1.016
35:52.6,0,0.023,0.007,1.015
35:52.8,0,0.022,0.006,1.015
35:53.0,0,0.022,0.006,1.015
35:53.2,0,0.023,0.007,1.016
35:53.4,0,0.023,0.009,1.018
35:53.6,0,0.024,0.009,1.018
35:53.8,0,0.023,0.009,1.018
35:54.0,0,0.024,0.008,1.016
35:54.2,0,0.023,0.009,1.018
35:54.4,0,0.022,0.006,1.015
35:54.6,0,0.022,0.006,1.017
35:54.9,0,0.022,0.006,1.017
35:55.1,1,0.022,0.006,1.018
35:55.3,1,0.022,0.007,1.018
35:55.5,1,0.022,0.007,1.018
35:55.7,1,0.022,0.007,1.017
35:55.9,1,0.023,0.007,1.017
35:56.1,1,0.022,0.007,1.018
35:56.3,0,0.022,0.006,1.018
35:56.5,0,0.022,0.006,1.017
35:56.7,0,0.022,0.006,1.016
35:56.9,0,0.022,0.006,1.016
35:57.1,0,0.022,0.006,1.015
35:57.3,0,0.023,0.006,1.014
35:57.5,0,0.023,0.006,1.015
35:57.7,0,0.023,0.006,1.015
35:57.9,0,0.023,0.007,1.015
35:58.1,0,0.023,0.007,1.016
35:58.3,0,0.023,0.007,1.016
35:58.5,0,0.022,0.006,1.015
35:58.7,0,0.022,0.007,1.016
35:58.9,0,0.022,0.006,1.016
35:59.1,0,0.022,0.006,1.016
35:59.3,0,0.022,0.006,1.016
35:59.5,0,0.022,0.006,1.016
35:59.7,0,0.022,0.006,1.016
35:59.9,0,0.023,0.005,1.016
36:00.1,0,0.023,0.006,1.016
36:00.3,0,0.023,0.006,1.016
36:00.5,0,0.023,0.006,1.015
36:00.7,0,0.022,0.006,1.016
36:00.9,0,0.022,0.006,1.016
36:01.2,0,0.022,0.006,1.016
36:01.4,0,0.022,0.006,1.016
36:01.6,0,0.023,0.006,1.016
36:01.8,0,0.023,0.007,1.017
36:02.0,1,0.023,0.006,1.014
36:02.2,1,0.023,0.006,1.015
36:02.4,1,0.023,0.007,1.016
36:02.6,1,0.023,0.007,1.015
36:02.8,1,0.023,0.006,1.013
36:03.0,1,0.022,0.007,1.017
36:03.2,0,0.023,0.007,1.016
36:03.4,0,0.023,0.006,1.014
36:03.6,0,0.022,0.007,1.016
36:03.8,0,0.022,0.007,1.017
36:04.0,0,0.022,0.007,1.015
36:04.2,0,0.022,0.007,1.016
36:04.4,0,0.022,0.007,1.017
36:04.6,0,0.022,0.007,1.016
36:04.8,0,0.022,0.007,1.016
36:05.0,0,0.022,0.007,1.017
36:05.2,0,0.022,0.007,1.017
36:05.4,0,0.022,0.007,1.016
36:05.6,0,0.022,0.007,1.016
36:05.8,0,0.022,0.007,1.017
36:06.0,0,0.023,0.007,1.017
36:06.2,0,0.022,0.006,1.017
36:06.4,0,0.023,0.007,1.017
36:06.6,0,0.023,0.007,1.017
36:06.8,0,0.023,0.006,1.017
36:07.0,0,0.023,0.007,1.017
36:07.2,0,0.023,0.007,1.017
36:07.4,0,0.022,0.006,1.017
36:07.6,0,0.023,0.007,1.017
36:07.8,0,0.022,0.007,1.017
36:08.0,0,0.022,0.006,1.016
36:08.2,0,0.022,0.007,1.016
36:08.5,0,0.023,0.007,1.016
36:08.7,0,0.022,0.007,1.016
36:08.9,0,0.023,0.007,1.016
36:09.1,0,0.023,0.007,1.016
36:09.3,0,0.023,0.007,1.016
36:09.5,0,0.023,0.007,1.016
36:09.7,0,0.023,0.007,1.016
36:09.9,0,0.023,0.007,1.016
36:10.1,0,0.023,0.007,1.016
36:10.3,0,0.022,0.007,1.016
36:10.5,0,0.023,0.007,1.016
36:10.7,0,0.023,0.007,1.013
36:10.9,0,0.023,0.008,1.013
36:11.1,0,0.023,0.007,1.012
36:11.3,0,0.023,0.007,1.013
36:11.5,0,0.022,0.007,1.013
36:11.7,0,0.022,0.007,1.016
36:11.9,0,0.022,0.007,1.017
36:12.1,0,0.022,0.006,1.017
36:12.3,0,0.022,0.007,1.017
36:12.5,0,0.023,0.008,1.017
36:12.7,0,0.023,0.007,1.016
36:12.9,0,0.023,0.007,1.016
36:13.1,0,0.023,0.008,1.016
36:13.3,0,0.023,0.007,1.015
36:13.5,0,0.023,0.006,1.016
36:13.7,0,0.023,0.007,1.017
36:13.9,0,0.023,0.007,1.017
36:14.1,0,0.023,0.007,1.017
36:14.3,0,0.023,0.007,1.017
36:14.5,0,0.023,0.007,1.016
36:14.7,0,0.023,0.007,1.016
36:14.9,0,0.023,0.007,1.017
36:15.2,0,0.022,0.007,1.017
36:15.4,0,0.022,0.007,1.017
36:15.6,0,0.022,0.007,1.017
36:15.8,0,0.023,0.007,1.017
36:16.0,0,0.022,0.007,1.016
36:16.2,0,0.023,0.007,1.017
36:16.4,0,0.023,0.007,1.017
36:16.6,0,0.023,0.007,1.017
36:16.8,0,0.023,0.007,1.016
36:17.0,0,0.023,0.007,1.016
36:17.2,0,0.023,0.007,1.016
36:17.4,0,0.022,0.007,1.016
36:17.6,0,0.023,0.007,1.016
36:17.8,0,0.023,0.007,1.016
36:18.0,0,0.023,0.007,1.016
36:18.2,0,0.023,0.008,1.007
36:18.4,0,0.024,0.01,1.002
36:18.6,0,0.025,0.011,0.999
36:18.8,0,0.025,0.01,0.998
36:19.0,0,0.025,0.01,0.999
36:19.2,0,0.024,0.009,1.009
36:19.4,0,0.023,0.007,1.013
36:19.6,1,0.022,0.006,1.016
36:19.8,1,0.022,0.007,1.017
36:20.0,1,0.022,0.007,1.017
36:20.2,1,0.023,0.007,1.016
36:20.4,1,0.023,0.007,1.017
36:20.6,1,0.023,0.007,1.016
36:20.8,0,0.023,0.007,1.016
36:21.0,0,0.023,0.006,1.015
36:21.2,0,0.023,0.006,1.016
36:21.4,0,0.023,0.006,1.016
36:21.7,0,0.023,0.006,1.016
36:21.9,0,0.023,0.006,1.016
36:22.1,0,0.022,0.007,1.016
36:22.3,0,0.022,0.006,1.016
36:22.5,0,0.023,0.006,1.015
36:22.7,0,0.023,0.006,1.015
36:22.9,0,0.023,0.006,1.015
36:23.1,0,0.023,0.007,1.016
36:23.3,0,0.023,0.007,1.016
36:23.5,0,0.023,0.007,1.016
36:23.7,0,0.022,0.007,1.016
36:23.9,0,0.022,0.007,1.017
36:24.1,0,0.022,0.007,1.016
36:24.3,0,0.022,0.007,1.017
36:24.5,0,0.022,0.007,1.017
36:24.7,0,0.022,0.007,1.017
36:24.9,0,0.022,0.006,1.017
36:25.1,0,0.022,0.006,1.017
36:25.3,0,0.023,0.007,1.016
36:25.5,0,0.022,0.006,1.016
36:25.7,0,0.022,0.007,1.017
36:25.9,0,0.022,0.007,1.017
36:26.1,0,0.022,0.007,1.017
36:26.3,0,0.022,0.007,1.017
36:26.5,0,0.023,0.007,1.017
36:26.7,0,0.022,0.007,1.016
36:26.9,0,0.023,0.007,1.017
36:27.1,0,0.023,0.007,1.016
36:27.3,0,0.022,0.007,1.016
36:27.5,0,0.022,0.007,1.016
36:27.7,0,0.023,0.007,1.016
36:27.9,0,0.022,0.007,1.015
36:28.1,0,0.022,0.007,1.016
36:28.3,0,0.022,0.007,1.016
36:28.6,0,0.022,0.007,1.016
36:28.8,0,0.022,0.007,1.016
36:29.0,0,0.023,0.007,1.016
36:29.2,0,0.023,0.007,1.016
36:29.4,0,0.023,0.007,1.016
36:29.6,0,0.023,0.007,1.016
36:29.8,0,0.022,0.007,1.016
36:30.0,0,0.022,0.007,1.017
36:30.2,0,0.022,0.007,1.016
36:30.4,0,0.022,0.007,1.016
36:30.6,0,0.022,0.007,1.016
36:30.8,0,0.022,0.007,1.016
36:31.0,0,0.022,0.007,1.016
36:31.2,0,0.022,0.007,1.017
36:31.4,0,0.022,0.007,1.017
36:31.6,0,0.022,0.007,1.017
36:31.8,0,0.023,0.007,1.017
36:32.0,0,0.023,0.007,1.017
36:32.2,0,0.023,0.007,1.016
36:32.4,0,0.023,0.007,1.016
36:32.6,0,0.023,0.007,1.016
36:32.8,0,0.023,0.007,1.017
36:33.0,0,0.023,0.008,1.017
36:33.2,0,0.023,0.007,1.016
36:33.4,0,0.023,0.008,1.016
36:33.6,0,0.023,0.009,1.017
36:33.8,0,0.023,0.007,1.016
36:34.0,0,0.023,0.008,1.016
36:34.2,0,0.023,0.008,1.017
36:34.4,0,0.022,0.007,1.016
36:34.6,0,0.022,0.006,1.016
36:34.8,0,0.023,0.007,1.016
36:35.0,0,0.023,0.006,1.016
36:35.2,1,0.023,0.007,1.015
36:35.4,1,0.023,0.007,1.016
36:35.6,1,0.023,0.007,1.016
36:35.9,1,0.023,0.006,1.016
36:36.1,1,0.023,0.006,1.016
36:36.3,1,0.023,0.006,1.016
36:36.5,0,0.023,0.006,1.016
36:36.7,0,0.023,0.007,1.016
36:36.9,0,0.022,0.007,1.016
36:37.1,0,0.022,0.006,1.016
36:37.3,0,0.022,0.007,1.016
36:37.5,0,0.023,0.007,1.016
36:37.7,0,0.023,0.006,1.015
36:37.9,0,0.023,0.007,1.015
36:38.1,0,0.023,0.007,1.016
36:38.3,0,0.023,0.007,1.015
36:38.5,0,0.023,0.007,1.015
36:38.7,0,0.023,0.007,1.016
36:38.9,0,0.023,0.007,1.016
36:39.1,0,0.023,0.007,1.016
36:39.3,0,0.023,0.007,1.016
36:39.5,0,0.022,0.007,1.016
36:39.7,0,0.022,0.006,1.016
36:39.9,0,0.022,0.006,1.016
36:40.1,0,0.022,0.006,1.016
36:40.3,0,0.022,0.006,1.017
36:40.5,0,0.022,0.006,1.016
36:40.7,0,0.022,0.007,1.016
36:40.9,0,0.022,0.007,1.016
36:41.1,0,0.022,0.007,1.016
36:41.3,0,0.022,0.007,1.015
36:41.5,0,0.023,0.007,1.015
36:41.7,0,0.023,0.007,1.015
36:41.9,0,0.023,0.007,1.015
36:42.1,0,0.023,0.006,1.015
36:42.3,0,0.023,0.006,1.016
36:42.5,0,0.023,0.007,1.016
36:42.7,0,0.023,0.006,1.016
36:42.9,0,0.023,0.007,1.016
36:43.1,0,0.023,0.007,1.016
36:43.3,0,0.023,0.007,1.016
36:43.6,0,0.023,0.007,1.016
36:43.8,0,0.023,0.007,1.016
36:44.0,0,0.022,0.007,1.016
36:44.2,0,0.022,0.007,1.016
36:44.4,0,0.022,0.007,1.017
36:44.6,0,0.022,0.007,1.016
36:44.8,0,0.022,0.007,1.017
36:45.0,0,0.022,0.007,1.017
36:45.2,0,0.023,0.007,1.017
36:45.4,0,0.023,0.007,1.017
36:45.6,0,0.022,0.006,1.017
36:45.8,0,0.022,0.006,1.017
36:46.0,0,0.022,0.006,1.017
36:46.2,0,0.022,0.006,1.017
36:46.4,0,0.022,0.006,1.017
36:46.6,0,0.022,0.007,1.017
36:46.8,0,0.023,0.006,1.016
36:47.0,0,0.023,0.006,1.016
36:47.2,0,0.023,0.007,1.017
36:47.4,0,0.023,0.006,1.016
36:47.6,0,0.023,0.006,1.016
36:47.8,0,0.023,0.006,1.016
36:48.0,0,0.023,0.007,1.016
36:48.2,0,0.023,0.007,1.016
36:48.4,0,0.023,0.007,1.016
36:48.6,0,0.023,0.007,1.016
36:48.8,0,0.022,0.006,1.016
36:49.0,0,0.022,0.007,1.016
36:49.2,0,0.022,0.006,1.016
36:49.4,0,0.022,0.007,1.017
36:49.6,0,0.023,0.007,1.016
36:49.8,0,0.022,0.007,1.017
36:50.0,0,0.022,0.006,1.016
36:50.2,0,0.022,0.007,1.016
36:50.4,0,0.022,0.006,1.016
36:50.6,0,0.022,0.006,1.016
36:50.9,0,0.023,0.007,1.016
36:51.1,0,0.022,0.007,1.016
36:51.3,0,0.022,0.007,1.016
36:51.5,0,0.023,0.007,1.016
36:51.7,0,0.023,0.007,1.016
36:51.9,0,0.022,0.007,1.017
36:52.1,0,0.022,0.007,1.016
36:52.3,0,0.023,0.007,1.017
36:52.5,0,0.023,0.007,1.017
36:52.7,0,0.023,0.007,1.017
36:52.9,0,0.023,0.007,1.017
36:53.1,0,0.022,0.007,1.017
36:53.3,0,0.022,0.006,1.017
36:53.5,0,0.022,0.007,1.017
36:53.7,0,0.022,0.007,1.017
36:53.9,0,0.022,0.007,1.017
36:54.1,0,0.022,0.007,1.016
36:54.3,0,0.022,0.007,1.016
36:54.5,0,0.022,0.006,1.015
36:54.7,0,0.022,0.007,1.016
36:54.9,0,0.022,0.006,1.016
36:55.1,0,0.022,0.006,1.016
36:55.3,0,0.022,0.006,1.016
36:55.5,0,0.023,0.007,1.016
36:55.7,0,0.023,0.006,1.016
36:55.9,0,0.023,0.007,1.016
36:56.1,0,0.023,0.007,1.016
36:56.3,0,0.023,0.007,1.016
36:56.5,0,0.022,0.007,1.016
36:56.7,0,0.023,0.007,1.017
36:56.9,0,0.023,0.007,1.017
36:57.1,0,0.022,0.006,1.017
36:57.3,0,0.023,0.006,1.017
36:57.5,0,0.023,0.006,1.017
36:57.7,0,0.022,0.006,1.017
36:57.9,0,0.022,0.007,1.017
36:58.2,0,0.023,0.007,1.016
36:58.4,0,0.023,0.007,1.016
36:58.6,0,0.023,0.007,1.017
36:58.8,0,0.023,0.007,1.017
36:59.0,0,0.023,0.007,1.016
36:59.2,0,0.023,0.007,1.016
36:59.4,0,0.023,0.007,1.016
36:59.6,0,0.022,0.006,1.015
36:59.8,0,0.022,0.006,1.015
37:00.0,0,0.022,0.007,1.016
37:00.2,0,0.022,0.006,1.016
37:00.4,0,0.022,0.006,1.016
37:00.6,0,0.022,0.007,1.016
37:00.8,0,0.022,0.007,1.016
37:01.0,0,0.022,0.007,1.016
37:01.2,0,0.022,0.006,1.016
37:01.4,0,0.022,0.007,1.016
37:01.6,0,0.022,0.006,1.016
37:01.8,0,0.022,0.007,1.016
37:02.0,0,0.022,0.007,1.016
37:02.2,0,0.022,0.007,1.016
37:02.4,0,0.022,0.007,1.016
37:02.6,0,0.023,0.007,1.015
37:02.8,0,0.023,0.007,1.016
37:03.0,0,0.022,0.007,1.016
37:03.2,0,0.023,0.007,1.016
37:03.4,0,0.023,0.007,1.016
37:03.6,0,0.022,0.007,1.017
37:03.8,0,0.022,0.007,1.017
37:04.0,0,0.022,0.007,1.016
37:04.2,0,0.022,0.007,1.016
37:04.4,0,0.022,0.007,1.016
37:04.6,0,0.022,0.006,1.016
37:04.8,0,0.022,0.006,1.016
37:05.1,0,0.023,0.007,1.016
37:05.3,0,0.023,0.006,1.016
37:05.5,0,0.023,0.007,1.017
37:05.7,0,0.023,0.007,1.016
37:05.9,0,0.023,0.007,1.016
37:06.1,0,0.023,0.007,1.016
37:06.3,0,0.023,0.007,1.016
37:06.5,0,0.023,0.007,1.016
37:06.7,0,0.022,0.007,1.016
37:06.9,0,0.022,0.007,1.016
37:07.1,0,0.022,0.007,1.016
37:07.3,0,0.022,0.007,1.016
37:07.5,0,0.022,0.007,1.016
37:07.7,0,0.022,0.007,1.016
37:07.9,0,0.023,0.007,1.016
37:08.1,0,0.023,0.007,1.016
37:08.3,0,0.023,0.007,1.016
37:08.5,0,0.023,0.007,1.015
37:08.7,0,0.023,0.007,1.016
37:08.9,0,0.022,0.006,1.015
37:09.1,0,0.022,0.006,1.016
37:09.3,0,0.022,0.006,1.016
37:09.5,0,0.022,0.006,1.016
37:09.7,0,0.022,0.007,1.016
37:09.9,0,0.023,0.007,1.016
37:10.1,0,0.022,0.007,1.016
37:10.3,0,0.022,0.007,1.016
37:10.5,0,0.023,0.007,1.016
37:10.7,0,0.022,0.006,1.016
37:10.9,0,0.022,0.006,1.016
37:11.1,1,0.022,0.006,1.016
37:11.3,1,0.022,0.006,1.016
37:11.5,1,0.022,0.006,1.016
37:11.7,1,0.022,0.007,1.016
37:11.9,1,0.022,0.007,1.016
37:12.1,1,0.022,0.007,1.016
37:12.4,0,0.022,0.007,1.016
37:12.6,0,0.022,0.007,1.016
37:12.8,0,0.022,0.007,1.016
37:13.0,0,0.023,0.007,1.016
37:13.2,0,0.023,0.006,1.016
37:13.4,0,0.023,0.006,1.016
37:13.6,0,0.023,0.007,1.016
37:13.8,0,0.022,0.007,1.016
37:14.0,0,0.022,0.006,1.016
37:14.2,0,0.022,0.007,1.017
37:14.4,0,0.022,0.006,1.017
37:14.6,0,0.022,0.006,1.017
37:14.8,0,0.022,0.006,1.017
37:15.0,0,0.023,0.007,1.017
37:15.2,0,0.023,0.006,1.017
37:15.4,0,0.023,0.007,1.016
37:15.6,0,0.023,0.006,1.016
37:15.8,0,0.023,0.006,1.016
37:16.0,0,0.023,0.007,1.016
37:16.2,0,0.023,0.007,1.016
37:16.4,0,0.023,0.007,1.016
37:16.6,0,0.023,0.007,1.016
37:16.8,0,0.022,0.007,1.016
37:17.0,0,0.022,0.007,1.016
37:17.2,0,0.022,0.007,1.016
37:17.4,0,0.022,0.007,1.016
37:17.6,0,0.022,0.007,1.016
37:17.8,0,0.023,0.007,1.016
37:18.0,0,0.023,0.007,1.016
37:18.2,0,0.023,0.007,1.016
37:18.4,0,0.023,0.006,1.016
37:18.6,0,0.023,0.007,1.016
37:18.8,0,0.023,0.007,1.016
37:19.0,0,0.023,0.007,1.016
37:19.3,0,0.022,0.007,1.016
37:19.5,0,0.022,0.007,1.016
37:19.7,0,0.023,0.007,1.016
37:19.9,0,0.022,0.007,1.016
37:20.1,0,0.022,0.007,1.016
37:20.3,0,0.023,0.007,1.016
37:20.5,0,0.023,0.007,1.016
37:20.7,0,0.022,0.007,1.016
37:20.9,0,0.022,0.007,1.017
37:21.1,0,0.022,0.007,1.016
37:21.3,0,0.022,0.007,1.016
37:21.5,0,0.022,0.007,1.016
37:21.7,0,0.022,0.007,1.016
37:21.9,0,0.023,0.007,1.016
37:22.1,0,0.022,0.007,1.015
37:22.3,0,0.022,0.007,1.015
37:22.5,0,0.022,0.007,1.016
37:22.7,0,0.022,0.006,1.016
37:22.9,0,0.022,0.006,1.016
37:23.1,0,0.022,0.006,1.016
37:23.3,0,0.022,0.006,1.016
37:23.5,0,0.022,0.006,1.015
37:23.7,0,0.022,0.006,1.015
37:23.9,0,0.023,0.007,1.016
37:24.1,0,0.023,0.007,1.016
37:24.3,0,0.023,0.007,1.015
37:24.5,0,0.023,0.007,1.015
37:24.7,0,0.023,0.007,1.016
37:24.9,0,0.023,0.007,1.016
37:25.1,0,0.023,0.007,1.016
37:25.3,0,0.023,0.007,1.016
37:25.5,0,0.022,0.007,1.016
37:25.7,0,0.023,0.008,1.016
37:25.9,0,0.022,0.006,1.016
37:26.1,0,0.022,0.007,1.016
37:26.4,0,0.022,0.007,1.016
37:26.6,0,0.022,0.006,1.016
37:26.8,0,0.022,0.006,1.016
37:27.0,0,0.023,0.007,1.016
37:27.2,0,0.023,0.007,1.016
37:27.4,0,0.023,0.007,1.016
37:27.6,0,0.022,0.007,1.016
37:27.8,0,0.022,0.007,1.016
37:28.0,0,0.023,0.007,1.016
37:28.2,0,0.023,0.007,1.016
37:28.4,0,0.023,0.006,1.016
37:28.6,0,0.023,0.006,1.016
37:28.8,0,0.023,0.007,1.016
37:29.0,0,0.022,0.007,1.016
37:29.2,0,0.022,0.007,1.016
37:29.4,0,0.022,0.007,1.016
37:29.6,0,0.023,0.007,1.017
37:29.8,0,0.022,0.007,1.017
37:30.0,0,0.023,0.007,1.016
37:30.2,0,0.023,0.007,1.017
37:30.4,0,0.023,0.007,1.016
37:30.6,0,0.022,0.007,1.016
37:30.8,0,0.023,0.007,1.016
37:31.0,0,0.023,0.007,1.016
37:31.2,0,0.023,0.007,1.016
37:31.4,0,0.023,0.007,1.017
37:31.6,0,0.022,0.007,1.017
37:31.8,0,0.022,0.007,1.017
37:32.0,0,0.022,0.007,1.017
37:32.2,0,0.022,0.007,1.017
37:32.4,0,0.022,0.007,1.017
37:32.6,0,0.023,0.007,1.017
37:32.8,0,0.023,0.007,1.016
37:33.0,0,0.023,0.007,1.016
37:33.2,0,0.023,0.007,1.016
37:33.4,0,0.023,0.007,1.016
37:33.6,0,0.023,0.006,1.016
37:33.9,0,0.023,0.006,1.016
37:34.1,0,0.022,0.006,1.016
37:34.3,0,0.022,0.006,1.016
37:34.5,0,0.022,0.006,1.016
37:34.7,0,0.022,0.007,1.017
37:34.9,0,0.022,0.007,1.017
37:35.1,0,0.022,0.007,1.017
37:35.3,0,0.022,0.007,1.017
37:35.5,0,0.022,0.007,1.016
37:35.7,0,0.022,0.007,1.016
37:35.9,0,0.022,0.007,1.016
37:36.1,0,0.022,0.007,1.016
37:36.3,0,0.023,0.008,1.016
37:36.5,0,0.023,0.007,1.016
37:36.7,0,0.023,0.007,1.016
37:36.9,1,0.023,0.008,1.018
37:37.1,1,0.022,0.008,1.019
37:37.3,1,0.022,0.007,1.019
37:37.5,1,0.022,0.007,1.018
37:37.7,1,0.022,0.007,1.019
37:37.9,0,0.022,0.006,1.016
37:38.1,0,0.022,0.006,1.015
37:38.3,0,0.022,0.007,1.016
37:38.5,0,0.022,0.007,1.016
37:38.7,0,0.022,0.007,1.016
37:38.9,0,0.022,0.007,1.016
37:39.1,0,0.022,0.007,1.016
37:39.3,0,0.022,0.007,1.016
37:39.5,0,0.022,0.007,1.016
37:39.7,0,0.022,0.007,1.016
37:39.9,0,0.022,0.007,1.016
37:40.1,0,0.022,0.007,1.016
37:40.3,0,0.022,0.007,1.016
37:40.5,0,0.022,0.006,1.016
37:40.7,0,0.022,0.007,1.016
37:40.9,0,0.022,0.006,1.016
37:41.2,0,0.022,0.006,1.015
37:41.4,0,0.022,0.006,1.016
37:41.6,0,0.022,0.007,1.016
37:41.8,0,0.022,0.006,1.015
37:42.0,0,0.022,0.007,1.015
37:42.2,0,0.022,0.007,1.016
37:42.4,0,0.022,0.006,1.016
37:42.6,0,0.022,0.007,1.016
37:42.8,0,0.022,0.007,1.016
37:43.0,0,0.022,0.007,1.016
37:43.2,0,0.022,0.007,1.016
37:43.4,0,0.022,0.007,1.016
37:43.6,0,0.022,0.007,1.017
37:43.8,0,0.022,0.007,1.016
37:44.0,0,0.022,0.006,1.016
37:44.2,0,0.023,0.007,1.015
37:44.4,0,0.023,0.007,1.014
37:44.6,0,0.023,0.006,1.014
37:44.8,0,0.024,0.006,1.014
37:45.0,0,0.024,0.006,1.013
37:45.2,1,0.023,0.006,1.014
37:45.4,1,0.023,0.007,1.016
37:45.6,1,0.023,0.007,1.015
37:45.8,1,0.023,0.008,1.016
37:46.0,1,0.023,0.008,1.017
37:46.2,1,0.023,0.008,1.017
37:46.4,0,0.023,0.008,1.017
37:46.6,0,0.023,0.007,1.017
37:46.8,0,0.023,0.007,1.018
37:47.0,0,0.023,0.007,1.017
37:47.2,0,0.023,0.007,1.016
37:47.4,0,0.023,0.007,1.017
37:47.6,0,0.023,0.007,1.016
37:47.8,0,0.023,0.006,1.016
37:48.0,0,0.023,0.006,1.015
37:48.2,0,0.023,0.007,1.016
37:48.4,0,0.023,0.006,1.015
37:48.7,0,0.022,0.007,1.016
37:48.9,0,0.023,0.007,1.016
37:49.1,0,0.023,0.007,1.016
37:49.3,0,0.023,0.007,1.016
37:49.5,0,0.023,0.007,1.017
37:49.7,0,0.022,0.006,1.016
37:49.9,0,0.023,0.007,1.016
37:50.1,0,0.023,0.007,1.015
37:50.3,0,0.023,0.007,1.016
37:50.5,0,0.023,0.007,1.016
37:50.7,0,0.023,0.007,1.015
37:50.9,0,0.023,0.007,1.015
37:51.1,1,0.023,0.006,1.016
37:51.3,1,0.023,0.007,1.016
37:51.5,1,0.023,0.006,1.016
37:51.7,1,0.022,0.007,1.016
37:51.9,1,0.022,0.006,1.016
37:52.1,1,0.022,0.006,1.015
37:52.3,0,0.022,0.007,1.016
37:52.5,0,0.022,0.007,1.016
37:52.7,0,0.022,0.007,1.016
37:52.9,0,0.022,0.007,1.016
37:53.1,0,0.023,0.007,1.017
37:53.3,0,0.023,0.006,1.016
37:53.5,0,0.023,0.006,1.016
37:53.7,0,0.023,0.007,1.016
37:53.9,0,0.023,0.007,1.016
37:54.1,0,0.023,0.007,1.016
37:54.3,0,0.023,0.007,1.017
37:54.5,0,0.023,0.008,1.017
37:54.7,0,0.022,0.007,1.017
37:54.9,0,0.022,0.007,1.017
37:55.1,0,0.023,0.007,1.016
37:55.3,0,0.023,0.007,1.016
37:55.6,0,0.022,0.006,1.016
37:55.8,0,0.023,0.007,1.016
37:56.0,0,0.023,0.008,1.017
37:56.2,0,0.022,0.007,1.017
37:56.4,0,0.023,0.007,1.017
37:56.6,0,0.023,0.007,1.017
37:56.8,0,0.022,0.006,1.016
37:57.0,0,0.023,0.006,1.016
37:57.2,0,0.023,0.007,1.016
37:57.4,0,0.022,0.006,1.016
37:57.6,0,0.022,0.006,1.016
37:57.8,0,0.022,0.007,1.016
37:58.0,0,0.022,0.006,1.016
37:58.2,0,0.022,0.006,1.016
37:58.4,0,0.022,0.006,1.016
37:58.6,0,0.022,0.006,1.016
37:58.8,0,0.022,0.006,1.016
37:59.0,0,0.022,0.007,1.017
37:59.2,0,0.022,0.007,1.016
37:59.4,0,0.022,0.007,1.017
37:59.6,0,0.023,0.007,1.017
37:59.8,0,0.023,0.006,1.017
38:00.0,0,0.023,0.007,1.017
38:00.2,0,0.023,0.007,1.018
38:00.4,0,0.023,0.006,1.017
38:00.6,0,0.022,0.007,1.017
38:00.8,0,0.022,0.007,1.018
38:01.0,0,0.022,0.006,1.017
38:01.2,0,0.022,0.007,1.017
38:01.4,0,0.022,0.007,1.017
38:01.6,0,0.022,0.007,1.017
38:01.8,0,0.022,0.006,1.016
38:02.0,0,0.022,0.007,1.016
38:02.2,0,0.022,0.007,1.017
38:02.5,0,0.022,0.007,1.017
38:02.7,0,0.022,0.007,1.016
38:02.9,0,0.022,0.007,1.017
38:03.1,0,0.022,0.007,1.017
38:03.3,0,0.022,0.007,1.016
38:03.5,0,0.023,0.007,1.017
38:03.7,0,0.023,0.007,1.017
38:03.9,0,0.023,0.006,1.017
38:04.1,0,0.023,0.007,1.017
38:04.3,0,0.023,0.006,1.017
38:04.5,0,0.023,0.006,1.016
38:04.7,0,0.023,0.006,1.016
38:04.9,0,0.022,0.006,1.016
38:05.1,0,0.022,0.006,1.016
38:05.3,0,0.022,0.006,1.015
38:05.5,0,0.023,0.006,1.015
38:05.7,0,0.023,0.007,1.015
38:05.9,0,0.023,0.007,1.016
38:06.1,0,0.023,0.006,1.016
38:06.3,0,0.023,0.007,1.017
38:06.5,0,0.023,0.007,1.017
38:06.7,0,0.023,0.007,1.017
38:06.9,0,0.023,0.007,1.017
38:07.1,0,0.023,0.007,1.018
38:07.3,0,0.022,0.007,1.017
38:07.5,0,0.022,0.007,1.017
38:07.7,0,0.022,0.006,1.017
38:07.9,0,0.022,0.006,1.017
38:08.1,0,0.022,0.007,1.017
38:08.3,0,0.022,0.007,1.017
38:08.5,0,0.022,0.007,1.017
38:08.7,0,0.023,0.007,1.017
38:08.9,0,0.023,0.007,1.016
38:09.1,0,0.023,0.006,1.016
38:09.3,0,0.022,0.007,1.017
38:09.5,0,0.022,0.007,1.017
38:09.8,0,0.022,0.007,1.016
38:10.0,0,0.022,0.006,1.016
38:10.2,0,0.022,0.007,1.016
38:10.4,0,0.023,0.007,1.016
38:10.6,0,0.023,0.006,1.016
38:10.8,0,0.022,0.006,1.016
38:11.0,1,0.023,0.006,1.016
38:11.2,1,0.022,0.008,1.017
38:11.4,1,0.022,0.006,1.013
38:11.6,1,0.022,0.008,1.014
38:11.8,1,0.022,0.007,1.015
38:12.0,0,0.022,0.007,1.014
38:12.2,0,0.022,0.005,1.014
38:12.4,0,0.022,0.007,1.018
38:12.6,0,0.022,0.006,1.017
38:12.8,0,0.022,0.006,1.016
38:13.0,0,0.022,0.007,1.017
38:13.2,0,0.022,0.006,1.016
38:13.4,0,0.022,0.007,1.016
38:13.6,0,0.023,0.007,1.016
38:13.8,0,0.023,0.007,1.016
38:14.0,0,0.023,0.007,1.015
38:14.2,0,0.023,0.007,1.016
38:14.4,0,0.022,0.007,1.016
38:14.6,0,0.022,0.007,1.016
38:14.8,0,0.022,0.007,1.016
38:15.0,0,0.023,0.007,1.017
38:15.2,0,0.023,0.007,1.017
38:15.4,0,0.023,0.007,1.016
38:15.6,1,0.022,0.006,1.016
38:15.8,1,0.022,0.006,1.016
38:16.0,1,0.023,0.007,1.016
38:16.2,1,0.022,0.006,1.016
38:16.4,1,0.023,0.006,1.016
38:16.6,1,0.023,0.007,1.016
38:16.9,0,0.023,0.006,1.016
38:17.1,0,0.022,0.007,1.016
38:17.3,0,0.022,0.007,1.016
38:17.5,0,0.022,0.007,1.016
38:17.7,0,0.022,0.007,1.017
38:17.9,0,0.022,0.007,1.017
38:18.1,0,0.023,0.007,1.016
38:18.3,0,0.023,0.007,1.016
38:18.5,0,0.022,0.006,1.016
38:18.7,0,0.022,0.006,1.015
38:18.9,0,0.022,0.006,1.016
38:19.1,0,0.022,0.006,1.016
38:19.3,0,0.022,0.007,1.017
38:19.5,0,0.023,0.007,1.017
38:19.7,0,0.023,0.007,1.017
38:19.9,0,0.023,0.007,1.017
38:20.1,0,0.023,0.007,1.017
38:20.3,0,0.023,0.007,1.017
38:20.5,0,0.023,0.007,1.016
38:20.7,0,0.023,0.007,1.017
38:20.9,0,0.023,0.007,1.017
38:21.1,0,0.023,0.007,1.016
38:21.3,0,0.023,0.006,1.016
38:21.5,0,0.022,0.007,1.016
38:21.7,0,0.023,0.006,1.015
38:21.9,0,0.023,0.006,1.015
38:22.1,0,0.022,0.007,1.016
38:22.3,0,0.022,0.007,1.015
38:22.5,0,0.023,0.007,1.015
38:22.7,0,0.023,0.007,1.015
38:22.9,0,0.023,0.007,1.016
38:23.1,0,0.023,0.007,1.016
38:23.3,0,0.023,0.006,1.016
38:23.5,0,0.023,0.006,1.016
38:23.8,0,0.022,0.006,1.016
38:24.0,0,0.023,0.006,1.016
38:24.2,0,0.022,0.007,1.017
38:24.4,0,0.022,0.007,1.016
38:24.6,0,0.022,0.007,1.016
38:24.8,0,0.023,0.007,1.016
38:25.0,0,0.022,0.006,1.016
38:25.2,0,0.023,0.007,1.016
38:25.4,0,0.023,0.006,1.016
38:25.6,0,0.023,0.006,1.017
38:25.8,0,0.023,0.006,1.016
38:26.0,0,0.023,0.006,1.016
38:26.2,0,0.023,0.006,1.016
38:26.4,0,0.023,0.007,1.016
38:26.6,0,0.023,0.007,1.016
38:26.8,0,0.022,0.007,1.016
38:27.0,0,0.023,0.006,1.016
38:27.2,0,0.023,0.006,1.016
38:27.4,0,0.023,0.006,1.016
38:27.6,0,0.023,0.006,1.016
38:27.8,0,0.023,0.006,1.016
38:28.0,0,0.023,0.007,1.016
38:28.2,0,0.023,0.007,1.016
38:28.4,0,0.022,0.006,1.016
38:28.6,0,0.022,0.006,1.015
38:28.8,0,0.022,0.007,1.015
38:29.0,0,0.022,0.006,1.016
38:29.2,0,0.022,0.007,1.016
38:29.4,0,0.023,0.007,1.016
38:29.6,0,0.022,0.007,1.016
38:29.8,0,0.023,0.007,1.016
38:30.0,0,0.023,0.007,1.016
38:30.2,0,0.023,0.007,1.016
38:30.4,0,0.022,0.006,1.016
38:30.6,0,0.022,0.007,1.016
38:30.8,0,0.022,0.007,1.015
38:31.0,0,0.022,0.007,1.015
38:31.3,0,0.022,0.007,1.015
38:31.5,0,0.022,0.007,1.015
38:31.7,0,0.022,0.007,1.015
38:31.9,0,0.022,0.006,1.016
38:32.1,0,0.022,0.006,1.016
38:32.3,0,0.023,0.006,1.016
38:32.5,0,0.023,0.007,1.016
38:32.7,0,0.023,0.006,1.016
38:32.9,0,0.023,0.006,1.016
38:33.1,0,0.023,0.007,1.016
38:33.3,0,0.023,0.007,1.016
38:33.5,0,0.022,0.007,1.016
38:33.7,0,0.023,0.007,1.016
38:33.9,0,0.022,0.007,1.016
38:34.1,0,0.022,0.007,1.016
38:34.3,0,0.022,0.007,1.017
38:34.5,0,0.023,0.006,1.016
38:34.7,0,0.022,0.006,1.016
38:34.9,0,0.022,0.006,1.016
38:35.1,0,0.022,0.007,1.016
38:35.3,0,0.022,0.006,1.016
38:35.5,0,0.022,0.007,1.017
38:35.7,0,0.022,0.007,1.016
38:35.9,0,0.022,0.007,1.017
38:36.1,0,0.022,0.007,1.017
38:36.3,0,0.022,0.007,1.016
38:36.5,0,0.023,0.006,1.016
38:36.7,0,0.022,0.006,1.017
38:36.9,0,0.022,0.006,1.016
38:37.1,0,0.022,0.006,1.016
38:37.3,0,0.022,0.006,1.017
38:37.5,0,0.022,0.006,1.017
38:37.7,0,0.022,0.006,1.016
38:37.9,0,0.022,0.006,1.017
38:38.1,0,0.022,0.007,1.018
38:38.3,0,0.022,0.007,1.017
38:38.6,0,0.022,0.007,1.016
38:38.8,0,0.022,0.007,1.017
38:39.0,0,0.022,0.007,1.017
38:39.2,0,0.022,0.006,1.016
38:39.4,0,0.023,0.007,1.016
38:39.6,0,0.023,0.006,1.016
38:39.8,0,0.022,0.006,1.016
38:40.0,0,0.03,0.006,1.016
38:40.2,0,0.023,0.007,1.016
38:40.4,0,0.023,0.007,1.016
38:40.6,0,0.022,0.007,1.016
38:40.8,0,0.023,0.007,1.016
38:41.0,0,0.022,0.007,1.016
38:41.2,0,0.022,0.007,1.016
38:41.4,0,0.022,0.006,1.016
38:41.6,0,0.022,0.006,1.016
38:41.8,0,0.023,0.006,1.016
38:42.0,0,0.023,0.006,1.016
38:42.2,0,0.022,0.007,1.016
38:42.4,0,0.022,0.007,1.017
38:42.6,0,0.023,0.007,1.016
38:42.8,0,0.023,0.007,1.017
38:43.0,0,0.023,0.007,1.017
38:43.3,0,0.022,0.007,1.016
38:43.5,0,0.023,0.007,1.016
38:43.7,0,0.023,0.007,1.017
38:43.9,0,0.023,0.007,1.018
38:44.1,0,0.023,0.007,1.017
38:44.3,0,0.023,0.007,1.017
38:44.5,0,0.023,0.007,1.018
38:44.7,0,0.022,0.006,1.016
38:44.9,0,0.022,0.006,1.016
38:45.1,0,0.022,0.006,1.016
38:45.3,0,0.022,0.007,1.016
38:45.5,0,0.022,0.006,1.016
38:45.7,0,0.022,0.006,1.016
38:45.9,0,0.022,0.007,1.016
38:46.1,0,0.022,0.006,1.016
38:46.3,0,0.022,0.007,1.016
38:46.5,0,0.022,0.007,1.017
38:46.7,0,0.023,0.007,1.016
38:46.9,0,0.023,0.007,1.016
38:47.1,0,0.023,0.007,1.016
38:47.3,0,0.023,0.007,1.016
38:47.5,0,0.022,0.006,1.015
38:47.7,0,0.022,0.006,1.016
38:47.9,0,0.022,0.006,1.015
38:48.1,0,0.023,0.006,1.016
38:48.3,0,0.023,0.006,1.016
38:48.5,0,0.023,0.006,1.016
38:48.7,0,0.023,0.007,1.016
38:48.9,0,0.022,0.007,1.016
38:49.1,0,0.023,0.007,1.016
38:49.3,0,0.022,0.007,1.016
38:49.5,0,0.022,0.007,1.016
38:49.7,0,0.022,0.007,1.016
38:49.9,0,0.022,0.006,1.016
38:50.1,0,0.022,0.006,1.016
38:50.3,0,0.022,0.006,1.016
38:50.5,0,0.022,0.006,1.016
38:50.8,0,0.022,0.006,1.016
38:51.0,0,0.022,0.007,1.016
38:51.2,0,0.022,0.007,1.016
38:51.4,0,0.022,0.007,1.016
38:51.6,0,0.022,0.007,1.015
38:51.8,0,0.022,0.007,1.015
38:52.0,0,0.022,0.007,1.016
38:52.2,0,0.022,0.007,1.016
38:52.4,0,0.022,0.007,1.016
38:52.6,0,0.022,0.007,1.016
38:52.8,0,0.022,0.006,1.016
38:53.0,0,0.022,0.006,1.016
38:53.2,0,0.022,0.006,1.016
38:53.4,0,0.022,0.006,1.016
38:53.6,0,0.022,0.006,1.016
38:53.8,0,0.022,0.006,1.016
38:54.0,0,0.022,0.006,1.017
38:54.2,0,0.022,0.007,1.016
38:54.4,0,0.022,0.006,1.016
38:54.6,0,0.023,0.006,1.016
38:54.8,0,0.023,0.007,1.016
38:55.0,0,0.023,0.007,1.016
38:55.2,0,0.022,0.007,1.016
38:55.4,0,0.022,0.007,1.016
38:55.6,0,0.022,0.007,1.016
38:55.8,0,0.022,0.007,1.016
38:56.0,0,0.022,0.007,1.016
38:56.2,0,0.022,0.007,1.016
38:56.4,0,0.023,0.007,1.016
38:56.6,0,0.022,0.006,1.016
38:56.8,0,0.022,0.007,1.017
38:57.0,0,0.023,0.007,1.017
38:57.2,0,0.023,0.006,1.016
38:57.5,1,0.02,0.007,1.016
38:57.7,1,0.023,0.007,1.015
38:57.9,1,0.022,0.006,1.014
38:58.1,1,0.023,0.006,1.014
38:58.3,1,0.022,0.006,1.014
38:58.5,1,0.022,0.006,1.014
38:58.7,0,0.022,0.006,1.015
38:58.9,0,0.022,0.007,1.016
38:59.1,0,0.022,0.006,1.016
38:59.3,0,0.023,0.007,1.016
38:59.5,0,0.023,0.006,1.016
38:59.7,0,0.023,0.007,1.016
38:59.9,0,0.023,0.006,1.015
39:00.1,0,0.022,0.006,1.016
39:00.3,0,0.022,0.007,1.016
39:00.5,0,0.022,0.007,1.016
39:00.7,0,0.022,0.006,1.015
39:00.9,0,0.022,0.007,1.016
39:01.1,0,0.022,0.007,1.016
39:01.3,0,0.022,0.007,1.016
39:01.6,0,0.023,0.007,1.15
39:01.8,0,0.023,0.007,1.015
39:02.0,0,0.023,0.007,1.015
39:02.2,0,0.022,0.007,1.016
39:02.4,0,0.022,0.007,1.015
39:02.6,0,0.022,0.007,1.016
39:02.8,0,0.022,0.007,1.017
39:03.0,0,0.022,0.007,1.016
39:03.2,0,0.023,0.006,1.015
39:03.4,0,0.022,0.007,1.016
39:03.6,0,0.022,0.007,1.017
39:03.8,0,0.022,0.007,1.016
39:04.0,0,0.022,0.007,1.016
39:04.2,0,0.022,0.007,1.016
39:04.4,0,0.022,0.007,1.016
39:04.6,0,0.022,0.006,1.016
39:04.8,0,0.022,0.006,1.016
39:05.0,0,0.022,0.006,1.016
39:05.2,0,0.022,0.006,1.016
39:05.4,0,0.022,0.006,1.017
39:05.6,0,0.022,0.007,1.017
39:05.8,0,0.023,0.006,1.017
39:06.0,0,0.023,0.007,1.017
39:06.2,0,0.023,0.008,1.017
39:06.4,0,0.023,0.007,1.016
39:06.6,0,0.023,0.008,1.016
39:06.9,0,0.023,0.008,1.016
39:07.1,0,0.023,0.007,1.015
39:07.3,0,0.023,0.007,1.016
39:07.5,0,0.023,0.007,1.015
39:07.7,0,0.023,0.007,1.016
39:07.9,0,0.023,0.007,1.016
39:08.1,0,0.023,0.007,1.016
39:08.3,0,0.023,0.007,1.016
39:08.5,0,0.023,0.007,1.016
39:08.7,0,0.022,0.006,1.015
39:08.9,0,0.022,0.006,1.015
39:09.1,0,0.022,0.007,1.016
39:09.3,0,0.022,0.007,1.015
39:09.5,0,0.022,0.007,1.016
39:09.7,0,0.022,0.007,1.016
39:09.9,0,0.023,0.007,1.016
39:10.1,0,0.023,0.006,1.016
39:10.3,0,0.023,0.006,1.017
39:10.5,0,0.023,0.006,1.017
39:10.7,0,0.023,0.006,1.017
39:10.9,0,0.023,0.006,1.016
39:11.1,0,0.023,0.006,1.016
39:11.3,0,0.023,0.006,1.016
39:11.5,0,0.022,0.005,1.015
39:11.7,0,0.022,0.006,1.015
39:11.9,0,0.022,0.007,1.016
39:12.1,0,0.023,0.007,1.016
39:12.3,0,0.022,0.006,1.016
39:12.5,0,0.022,0.007,1.016
39:12.7,0,0.022,0.007,1.017
39:12.9,0,0.022,0.006,1.017
39:13.1,0,0.022,0.006,1.016
39:13.3,0,0.022,0.006,1.016
39:13.5,0,0.022,0.006,1.016
39:13.7,0,0.022,0.005,1.016
39:13.9,0,0.022,0.006,1.016
39:14.1,0,0.023,0.006,1.016
39:14.4,0,0.022,0.006,1.016
39:14.6,0,0.023,0.007,1.016
39:14.8,0,0.023,0.006,1.016
39:15.0,0,0.023,0.007,1.016
39:15.2,0,0.022,0.006,1.016
39:15.4,0,0.022,0.007,1.016
39:15.6,0,0.023,0.006,1.016
39:15.8,0,0.023,0.007,1.016
39:16.0,0,0.022,0.006,1.016
39:16.2,0,0.023,0.007,1.016
39:16.4,0,0.023,0.007,1.016
39:16.6,1,0.023,0.007,1.017
39:16.8,1,0.023,0.007,1.016
39:17.0,1,0.023,0.007,1.017
39:17.2,1,0.023,0.006,1.016
39:17.4,1,0.023,0.006,1.015
39:17.6,1,0.023,0.006,1.015
39:17.8,0,0.022,0.007,1.016
39:18.0,0,0.022,0.007,1.016
39:18.2,0,0.023,0.007,1.016
39:18.4,0,0.022,0.008,1.017
39:18.6,0,0.022,0.007,1.017
39:18.8,0,0.022,0.007,1.017
39:19.0,0,0.022,0.007,1.016
39:19.2,0,0.022,0.006,1.017
39:19.4,0,0.022,0.007,1.016
39:19.6,0,0.022,0.006,1.016
39:19.8,0,0.023,0.006,1.016
39:20.0,0,0.023,0.006,1.016
39:20.2,0,0.023,0.006,1.016
39:20.4,0,0.023,0.006,1.016
39:20.6,0,0.023,0.007,1.016
39:20.8,0,0.022,0.007,1.016
39:21.3,1,0.022,0.006,1.017
39:21.5,1,0.022,0.007,1.016
39:21.7,1,0.022,0.006,1.016
39:21.9,1,0.022,0.006,1.016
39:22.1,1,0.022,0.006,1.016
39:22.3,1,0.023,0.007,1.016
39:22.5,0,0.022,0.007,1.016
39:22.7,0,0.023,0.007,1.015
39:22.9,0,0.022,0.007,1.015
39:23.1,0,0.022,0.007,1.016
39:23.3,0,0.022,0.007,1.016
39:23.5,0,0.023,0.007,1.016
39:23.7,0,0.022,0.007,1.017
39:23.9,0,0.023,0.007,1.016
39:24.1,0,0.023,0.007,1.016
39:24.3,0,0.023,0.007,1.016
39:24.5,0,0.023,0.006,1.016
39:24.7,0,0.023,0.006,1.015
39:24.9,0,0.023,0.006,1.015
39:25.1,0,0.023,0.006,1.016
39:25.3,0,0.023,0.006,1.016
39:25.5,0,0.022,0.007,1.017
39:25.7,0,0.023,0.007,1.017
39:25.9,0,0.022,0.007,1.017
39:26.1,0,0.022,0.007,1.017
39:26.4,0,0.022,0.007,1.017
39:26.6,0,0.023,0.007,1.017
39:26.8,0,0.023,0.007,1.017
39:27.0,0,0.022,0.006,1.016
39:27.2,0,0.023,0.007,1.016
39:27.4,0,0.023,0.007,1.016
39:27.6,0,0.023,0.007,1.015
39:27.8,0,0.023,0.007,1.016
39:28.0,1,0.023,0.007,1.016
39:28.2,1,0.023,0.007,1.016
39:28.4,1,0.023,0.006,1.016
39:28.6,1,0.023,0.006,1.016
39:28.8,1,0.023,0.006,1.016
39:29.0,1,0.022,0.006,1.015
39:29.2,0,0.022,0.007,1.016
39:29.4,0,0.022,0.007,1.016
39:29.6,0,0.022,0.007,1.016
39:29.8,0,0.022,0.007,1.016
39:30.0,0,0.022,0.007,1.016
39:30.2,0,0.022,0.007,1.016
39:30.4,0,0.022,0.007,1.016
39:30.6,0,0.022,0.007,1.016
39:30.8,0,0.022,0.007,1.016
39:31.0,0,0.022,0.007,1.016
39:31.2,0,0.022,0.007,1.016
39:31.4,0,0.022,0.007,1.016
39:31.6,0,0.023,0.007,1.016
39:31.8,0,0.022,0.007,1.016
39:32.0,0,0.023,0.007,1.016
39:32.2,0,0.023,0.006,1.015
39:32.4,0,0.023,0.006,1.015
39:32.6,0,0.023,0.007,1.016
39:32.8,0,0.022,0.007,1.016
39:33.0,0,0.022,0.007,1.016
39:33.2,0,0.022,0.007,1.016
39:33.4,0,0.022,0.007,1.016
39:33.7,0,0.022,0.006,1.016
39:33.9,0,0.023,0.007,1.016
39:34.1,0,0.023,0.006,1.015
39:34.3,0,0.023,0.006,1.016
39:34.5,0,0.023,0.006,1.017
39:34.7,0,0.022,0.007,1.016
39:34.9,0,0.022,0.007,1.016
39:35.1,0,0.022,0.007,1.017
39:35.3,0,0.022,0.007,1.017
39:35.5,0,0.023,0.007,1.016
39:35.7,0,0.023,0.007,1.016
39:35.9,0,0.023,0.007,1.017
39:36.1,0,0.023,0.007,1.016
39:36.3,0,0.023,0.007,1.016
39:36.5,0,0.023,0.007,1.017
39:36.7,0,0.023,0.007,1.016
39:36.9,0,0.023,0.007,1.017
39:37.1,0,0.022,0.007,1.017
39:37.3,0,0.023,0.007,1.017
39:37.5,0,0.023,0.007,1.017
39:37.7,0,0.022,0.007,1.017
39:37.9,0,0.022,0.007,1.016
39:38.1,0,0.023,0.007,1.016
39:38.3,0,0.022,0.007,1.016
39:38.5,0,0.023,0.007,1.016
39:38.7,0,0.022,0.007,1.016
39:38.9,0,0.022,0.007,1.017
39:39.1,0,0.022,0.007,1.016
39:39.3,0,0.022,0.007,1.017
39:39.5,0,0.023,0.007,1.017
39:39.7,0,0.023,0.007,1.016
39:39.9,0,0.023,0.006,1.016
39:40.1,0,0.023,0.007,1.017
39:40.3,0,0.023,0.007,1.017
39:40.5,0,0.023,0.007,1.018
39:40.7,0,0.022,0.006,1.018
39:41.0,0,0.023,0.007,1.018
39:41.2,0,0.023,0.007,1.017
39:41.4,0,0.023,0.007,1.017
39:41.6,0,0.023,0.007,1.016
39:41.8,0,0.022,0.006,1.016
39:42.0,0,0.022,0.007,1.016
39:42.2,1,0.022,0.007,1.016
39:42.4,1,0.022,0.007,1.016
39:42.6,1,0.022,0.006,1.016
39:42.8,1,0.022,0.007,1.016
39:43.0,1,0.022,0.006,1.015
39:43.2,1,0.022,0.006,1.015
39:43.4,0,0.022,0.006,1.015
39:43.6,0,0.022,0.006,1.017
39:43.8,0,0.022,0.007,1.017
39:44.0,0,0.023,0.007,1.017
39:44.2,0,0.022,0.007,1.017
39:44.4,0,0.023,0.007,1.017
39:44.6,0,0.023,0.007,1.017
39:44.8,0,0.023,0.006,1.016
39:45.0,0,0.022,0.006,1.017
39:45.2,0,0.023,0.007,1.017
39:45.4,0,0.022,0.007,1.017
39:45.6,0,0.022,0.006,1.016
39:45.8,0,0.023,0.006,1.016
39:46.0,0,0.022,0.006,1.016
39:46.2,0,0.023,0.006,1.015
39:46.4,0,0.023,0.006,1.016
39:46.6,0,0.023,0.006,1.016
39:46.8,0,0.023,0.006,1.015
39:47.0,0,0.023,0.007,1.016
39:47.2,0,0.022,0.006,1.017
39:47.4,0,0.023,0.006,1.016
39:47.6,0,0.023,0.006,1.016
39:47.8,0,0.023,0.006,1.016
39:48.1,0,0.023,0.006,1.016
39:48.3,0,0.023,0.006,1.016
39:48.5,0,0.023,0.007,1.016
39:48.7,0,0.023,0.007,1.016
39:48.9,0,0.023,0.007,1.016
39:49.1,0,0.022,0.007,1.016
39:49.3,0,0.022,0.007,1.016
39:49.5,0,0.022,0.007,1.016
39:49.7,0,0.022,0.006,1.016
39:49.9,0,0.022,0.006,1.016
39:50.1,0,0.022,0.006,1.017
39:50.3,0,0.022,0.006,1.016
39:50.5,0,0.022,0.006,1.016
39:50.7,0,0.023,0.006,1.016
39:50.9,0,0.023,0.006,1.017
39:51.1,0,0.023,0.007,1.017
39:51.3,0,0.023,0.007,1.017
39:51.5,0,0.023,0.007,1.017
39:51.7,0,0.023,0.007,1.017
39:51.9,0,0.023,0.007,1.016
39:52.1,0,0.023,0.007,1.016
39:52.3,0,0.023,0.007,1.016
39:52.5,0,0.023,0.006,1.016
39:52.7,0,0.023,0.006,1.016
39:52.9,0,0.023,0.006,1.016
39:53.1,0,0.023,0.006,1.016
39:53.3,0,0.023,0.006,1.017
39:53.5,0,0.023,0.006,1.017
39:53.7,0,0.023,0.006,1.017
39:53.9,0,0.023,0.007,1.017
39:54.1,0,0.023,0.007,1.017
39:54.3,0,0.023,0.007,1.016
39:54.5,0,0.023,0.007,1.016
39:54.7,0,0.023,0.006,1.016
39:54.9,0,0.022,0.006,1.016
39:55.1,0,0.023,0.007,1.015
39:55.3,0,0.023,0.007,1.015
39:55.5,0,0.022,0.006,1.016
39:55.8,0,0.023,0.007,1.016
39:56.0,0,0.023,0.006,1.016
39:56.2,0,0.022,0.006,1.016
39:56.4,0,0.022,0.006,1.017
39:56.6,0,0.022,0.006,1.017
39:56.8,0,0.022,0.006,1.016
39:57.0,0,0.022,0.006,1.016
39:57.2,0,0.022,0.006,1.016
39:57.4,0,0.022,0.006,1.015
39:57.6,0,0.023,0.006,1.015
39:57.8,0,0.022,0.006,1.016
39:58.0,0,0.022,0.007,1.016
39:58.2,0,0.022,0.007,1.016
39:58.4,0,0.022,0.007,1.016
39:58.6,0,0.023,0.007,1.016
39:58.8,0,0.023,0.007,1.016
39:59.0,0,0.023,0.006,1.016
39:59.2,0,0.023,0.007,1.016
39:59.4,0,0.023,0.006,1.015
39:59.6,0,0.022,0.006,1.015
39:59.8,0,0.022,0.007,1.016
40:00.0,0,0.022,0.007,1.015
40:00.2,0,0.022,0.006,1.016
40:00.4,0,0.022,0.007,1.016
40:00.6,0,0.023,0.007,1.016
40:00.8,0,0.023,0.007,1.016
40:01.0,0,0.023,0.007,1.016
40:01.2,0,0.023,0.007,1.016
40:01.4,0,0.023,0.007,1.016
40:01.6,0,0.023,0.007,1.017
40:01.8,0,0.022,0.007,1.017
40:02.0,0,0.023,0.007,1.017
40:02.2,0,0.022,0.006,1.017
40:02.4,0,0.022,0.006,1.016
40:02.6,0,0.023,0.007,1.016
40:02.8,0,0.023,0.007,1.016
40:03.1,0,0.023,0.007,1.016
40:03.3,0,0.023,0.007,1.016
40:03.5,0,0.023,0.006,1.016
40:03.7,0,0.023,0.006,1.016
40:03.9,0,0.023,0.006,1.016
40:04.1,0,0.023,0.006,1.016
40:04.3,0,0.022,0.006,1.016
40:04.5,0,0.023,0.007,1.016
40:04.7,0,0.023,0.007,1.016
40:04.9,0,0.022,0.007,1.016
40:05.1,0,0.022,0.007,1.016
40:05.3,0,0.022,0.006,1.016
40:05.5,0,0.022,0.006,1.016
40:05.7,0,0.022,0.006,1.016
40:05.9,0,0.023,0.007,1.016
40:06.1,0,0.023,0.007,1.016
40:06.3,0,0.023,0.007,1.017
40:06.5,0,0.023,0.007,1.016
40:06.7,0,0.023,0.007,1.016
40:06.9,0,0.023,0.007,1.016
40:07.1,0,0.023,0.007,1.016
40:07.3,0,0.023,0.007,1.016
40:07.5,0,0.022,0.007,1.016
40:07.7,0,0.022,0.007,1.016
40:07.9,0,0.023,0.007,1.016
40:08.1,0,0.023,0.007,1.016
40:08.3,0,0.022,0.006,1.015
40:08.5,0,0.023,0.007,1.016
40:08.7,0,0.023,0.007,1.016
40:08.9,0,0.022,0.007,1.016
40:09.1,0,0.022,0.007,1.016
40:09.3,0,0.022,0.007,1.016
40:09.5,0,0.022,0.006,1.016
40:09.7,0,0.022,0.007,1.016
40:09.9,0,0.023,0.006,1.016
40:10.2,0,0.023,0.007,1.016
40:10.4,0,0.022,0.006,1.015
40:10.6,0,0.022,0.007,1.016
40:10.8,0,0.022,0.007,1.016
40:11.0,0,0.022,0.007,1.015
40:11.2,0,0.022,0.007,1.016
40:11.4,0,0.022,0.007,1.016
40:11.6,0,0.022,0.007,1.016
40:11.8,0,0.022,0.007,1.016
40:12.0,0,0.022,0.007,1.016
40:12.2,0,0.023,0.007,1.016
40:12.4,0,0.022,0.006,1.016
40:12.6,0,0.022,0.006,1.016
40:12.8,0,0.023,0.007,1.016
40:13.0,0,0.022,0.006,1.016
40:13.2,0,0.022,0.006,1.016
40:13.4,0,0.022,0.006,1.016
40:13.6,0,0.022,0.006,1.016
40:13.8,0,0.022,0.006,1.016
40:14.0,0,0.022,0.006,1.017
40:14.2,0,0.022,0.006,1.018
40:14.4,0,0.022,0.006,1.018
40:14.6,0,0.022,0.007,1.018
40:14.8,0,0.022,0.006,1.017
40:15.0,0,0.022,0.007,1.017
40:15.2,0,0.022,0.007,1.017
40:15.4,0,0.022,0.007,1.017
40:15.6,0,0.022,0.007,1.017
40:15.8,0,0.022,0.007,1.017
40:16.0,0,0.022,0.007,1.017
40:16.2,0,0.023,0.007,1.016
40:16.4,0,0.022,0.006,1.016
40:16.6,0,0.022,0.007,1.016
40:16.8,0,0.022,0.007,1.016
40:17.0,0,0.022,0.006,1.016
40:17.2,0,0.022,0.007,1.016
40:17.4,0,0.023,0.007,1.016
40:17.7,0,0.023,0.006,1.016
40:17.9,0,0.023,0.006,1.016
40:18.1,0,0.023,0.008,1.016
40:18.3,0,0.023,0.007,1.016
40:18.5,0,0.023,0.006,1.016
40:18.7,0,0.023,0.007,1.015
40:18.9,0,0.023,0.007,1.015
40:19.1,0,0.023,0.006,1.015
40:19.3,0,0.023,0.006,1.015
40:19.5,0,0.023,0.007,1.016
40:19.7,0,0.023,0.007,1.015
40:19.9,0,0.022,0.007,1.016
40:20.1,0,0.022,0.006,1.016
40:20.3,0,0.022,0.006,1.016
40:20.5,0,0.022,0.006,1.016
40:20.7,0,0.022,0.006,1.017
40:20.9,0,0.023,0.006,1.016
40:21.1,0,0.023,0.007,1.017
40:21.3,0,0.023,0.007,1.016
40:21.5,0,0.023,0.006,1.015
40:21.7,0,0.023,0.007,1.015
40:21.9,0,0.022,0.007,1.015
40:22.1,0,0.022,0.006,1.015
40:22.3,0,0.022,0.007,1.016
40:22.5,0,0.022,0.007,1.017
40:22.7,0,0.022,0.006,1.017
40:22.9,0,0.022,0.007,1.017
40:23.1,0,0.022,0.007,1.017
40:23.3,0,0.022,0.007,1.017
40:23.5,0,0.022,0.007,1.016
40:23.7,0,0.023,0.007,1.016
40:23.9,0,0.022,0.006,1.016
40:24.1,0,0.022,0.006,1.016
40:24.3,0,0.022,0.006,1.016
40:24.5,0,0.022,0.006,1.016
40:24.7,0,0.022,0.007,1.017
40:25.0,0,0.022,0.007,1.016
40:25.2,0,0.022,0.007,1.016
40:25.4,0,0.022,0.007,1.016
40:25.6,0,0.022,0.006,1.016
40:25.8,0,0.022,0.007,1.016
40:26.0,0,0.023,0.007,1.017
40:26.2,0,0.023,0.007,1.017
40:26.4,0,0.023,0.007,1.017
40:26.6,0,0.023,0.007,1.017
40:26.8,0,0.023,0.006,1.016
40:27.0,0,0.023,0.007,1.016
40:27.2,0,0.022,0.007,1.016
40:27.4,0,0.022,0.006,1.016
40:27.6,0,0.022,0.007,1.016
40:27.8,0,0.022,0.007,1.016
40:28.0,0,0.022,0.007,1.016
40:28.2,0,0.022,0.006,1.015
40:28.4,0,0.023,0.007,1.015
40:28.6,0,0.022,0.007,1.016
40:28.8,0,0.022,0.007,1.016
40:29.0,0,0.022,0.006,1.016
40:29.2,0,0.023,0.007,1.016
40:29.4,0,0.022,0.007,1.017
40:29.6,0,0.022,0.006,1.017
40:29.8,0,0.022,0.006,1.016
40:30.0,0,0.022,0.006,1.017
40:30.2,0,0.022,0.006,1.017
40:30.4,0,0.022,0.007,1.016
40:30.6,0,0.022,0.007,1.016
40:30.8,0,0.023,0.007,1.017
40:31.0,0,0.023,0.007,1.016
40:31.2,0,0.023,0.007,1.016
40:31.4,0,0.023,0.007,1.017
40:31.6,0,0.023,0.007,1.017
40:31.8,0,0.023,0.007,1.017
40:32.0,0,0.023,0.007,1.017
40:32.2,0,0.023,0.007,1.017
40:32.5,0,0.022,0.007,1.017
40:32.7,0,0.022,0.007,1.017
40:32.9,0,0.022,0.007,1.017
40:33.1,0,0.022,0.006,1.016
40:33.3,0,0.023,0.007,1.016
40:33.5,0,0.023,0.007,1.016
40:33.7,0,0.023,0.007,1.016
40:33.9,0,0.023,0.007,1.016
40:34.1,0,0.023,0.007,1.016
40:34.3,0,0.023,0.008,1.017
40:34.5,0,0.023,0.007,1.016
40:34.7,0,0.023,0.007,1.016
40:34.9,0,0.022,0.007,1.016
40:35.1,0,0.023,0.007,1.016
40:35.3,0,0.023,0.006,1.015
40:35.5,0,0.022,0.006,1.016
40:35.7,0,0.022,0.007,1.017
40:35.9,0,0.023,0.007,1.016
40:36.1,0,0.023,0.007,1.015
40:36.3,0,0.023,0.007,1.016
40:36.5,0,0.023,0.007,1.015
40:36.7,0,0.023,0.007,1.015
40:36.9,0,0.023,0.007,1.016
40:37.1,0,0.023,0.008,1.017
40:37.3,0,0.022,0.007,1.02
40:37.5,0,0.022,0.008,1.02
40:37.7,0,0.022,0.007,1.02
40:37.9,0,0.022,0.007,1.02
40:38.1,0,0.022,0.006,1.019
40:38.3,0,0.022,0.006,1.016
40:38.5,0,0.022,0.006,1.016
40:38.7,0,0.022,0.007,1.017
40:38.9,0,0.022,0.006,1.016
40:39.1,0,0.023,0.007,1.015
40:39.3,0,0.022,0.006,1.016
40:39.6,0,0.022,0.006,1.016
40:39.8,0,0.022,0.006,1.016
40:40.0,0,0.022,0.006,1.017
40:40.2,0,0.022,0.006,1.017
40:40.4,0,0.022,0.007,1.017
40:40.6,0,0.022,0.007,1.017
40:40.8,0,0.022,0.007,1.017
40:41.0,0,0.023,0.006,1.016
40:41.2,0,0.023,0.007,1.016
40:41.4,0,0.022,0.006,1.016
40:41.6,0,0.023,0.006,1.016
40:41.8,0,0.022,0.006,1.016
40:42.0,0,0.022,0.007,1.016
40:42.2,0,0.022,0.006,1.016
40:42.4,0,0.022,0.006,1.015
40:42.6,0,0.023,0.007,1.016
40:42.8,0,0.022,0.006,1.016
40:43.0,0,0.022,0.006,1.015
40:43.2,0,0.023,0.007,1.016
40:43.4,0,0.023,0.007,1.015
40:43.6,0,0.023,0.007,1.015
40:43.8,0,0.023,0.007,1.015
40:44.0,0,0.023,0.007,1.016
40:44.2,0,0.022,0.007,1.016
40:44.4,0,0.022,0.007,1.017
40:44.6,0,0.022,0.006,1.017
40:44.8,0,0.022,0.007,1.016
40:45.0,0,0.022,0.007,1.016
40:45.2,0,0.023,0.006,1.016
40:45.4,0,0.023,0.006,1.016
40:45.6,0,0.023,0.006,1.016
40:45.8,0,0.023,0.006,1.017
40:46.1,0,0.023,0.006,1.016
40:46.3,0,0.023,0.006,1.016
40:46.5,0,0.023,0.006,1.016
40:46.7,0,0.023,0.007,1.016
40:46.9,0,0.023,0.006,1.015
40:47.1,0,0.023,0.007,1.016
40:47.3,0,0.022,0.007,1.016
40:47.5,0,0.022,0.007,1.016
40:47.7,0,0.022,0.007,1.016
40:47.9,0,0.022,0.007,1.016
40:48.1,0,0.022,0.007,1.016
40:48.3,0,0.022,0.007,1.017
40:48.5,0,0.022,0.007,1.016
40:48.7,0,0.022,0.007,1.016
40:48.9,0,0.022,0.007,1.017
40:49.1,0,0.022,0.007,1.017
40:49.3,0,0.022,0.007,1.017
40:49.5,0,0.022,0.006,1.016
40:49.7,0,0.022,0.006,1.016
40:49.9,0,0.022,0.007,1.017
40:50.1,0,0.022,0.006,1.016
40:50.3,0,0.022,0.006,1.016
40:50.5,0,0.022,0.006,1.016
40:50.7,0,0.022,0.006,1.016
40:50.9,0,0.022,0.006,1.016
40:51.1,0,0.022,0.006,1.016
40:51.3,0,0.022,0.006,1.016
40:51.5,0,0.022,0.006,1.017
40:51.7,0,0.022,0.006,1.017
40:51.9,0,0.022,0.006,1.016
40:52.1,0,0.022,0.006,1.016
40:52.3,0,0.022,0.007,1.016
40:52.5,0,0.022,0.007,1.016
40:52.7,0,0.022,0.007,1.016
40:53.0,0,0.023,0.007,1.016
40:53.2,0,0.022,0.006,1.017
40:53.4,0,0.022,0.006,1.016
40:53.6,0,0.023,0.007,1.016
40:53.8,0,0.022,0.006,1.016
40:54.0,0,0.022,0.006,1.016
40:54.2,0,0.023,0.006,1.015
40:54.4,0,0.023,0.006,1.015
40:54.6,0,0.023,0.006,1.015
40:54.8,0,0.023,0.006,1.016
40:55.0,0,0.023,0.006,1.016
40:55.2,0,0.023,0.006,1.016
40:55.4,0,0.023,0.006,1.016
40:55.6,0,0.022,0.006,1.016
40:55.8,0,0.022,0.006,1.016
40:56.0,0,0.023,0.007,1.016
40:56.2,0,0.022,0.006,1.016
40:56.4,0,0.022,0.006,1.016
40:56.6,0,0.022,0.006,1.016
40:56.8,0,0.022,0.006,1.016
40:57.0,0,0.022,0.006,1.016
40:57.2,0,0.023,0.006,1.016
40:57.4,0,0.022,0.006,1.016
40:57.6,0,0.022,0.006,1.016
40:57.8,0,0.023,0.006,1.016
40:58.0,0,0.022,0.006,1.016
40:58.2,0,0.022,0.006,1.016
40:58.4,0,0.022,0.006,1.016
40:58.6,0,0.022,0.006,1.016
40:58.8,0,0.022,0.006,1.016
40:59.0,0,0.022,0.006,1.016
40:59.2,0,0.022,0.006,1.016
40:59.4,0,0.023,0.007,1.016
40:59.7,0,0.023,0.007,1.017
40:59.9,0,0.023,0.006,1.017
41:00.1,0,0.023,0.007,1.017
41:00.3,0,0.023,0.007,1.016
41:00.5,0,0.023,0.007,1.016
41:00.7,0,0.023,0.007,1.016
41:00.9,0,0.023,0.007,1.016
41:01.1,0,0.023,0.007,1.016
41:01.3,0,0.023,0.007,1.016
41:01.5,0,0.023,0.007,1.016
41:01.7,0,0.023,0.007,1.017
41:01.9,0,0.023,0.007,1.016
41:02.1,0,0.023,0.007,1.017
41:02.3,0,0.023,0.007,1.017
41:02.5,0,0.023,0.007,1.016
41:02.7,0,0.023,0.006,1.016
41:02.9,0,0.023,0.007,1.016
41:03.1,0,0.023,0.007,1.016
41:03.3,0,0.022,0.007,1.015
41:03.5,0,0.022,0.007,1.016
41:03.7,0,0.022,0.007,1.016
41:03.9,0,0.022,0.007,1.016
41:04.1,0,0.022,0.006,1.015
41:04.3,0,0.023,0.006,1.016
41:04.5,0,0.023,0.006,1.016
41:04.7,0,0.023,0.006,1.016
41:04.9,0,0.023,0.006,1.016
41:05.1,0,0.023,0.006,1.016
41:05.3,0,0.023,0.006,1.016
41:05.5,0,0.022,0.007,1.016
41:05.7,0,0.022,0.007,1.016
41:05.9,0,0.023,0.007,1.017
41:06.1,0,0.023,0.006,1.016
41:06.3,0,0.023,0.007,1.016
41:06.5,0,0.022,0.007,1.017
41:06.7,0,0.022,0.007,1.017
41:07.0,0,0.022,0.006,1.016
41:07.2,0,0.022,0.006,1.017
41:07.4,0,0.022,0.006,1.017
41:07.6,0,0.022,0.006,1.017
41:07.8,0,0.022,0.006,1.016
41:08.0,0,0.022,0.006,1.016
41:08.2,0,0.022,0.006,1.016
41:08.4,0,0.022,0.007,1.016
41:08.6,0,0.022,0.007,1.016
41:08.8,0,0.023,0.006,1.016
41:09.0,0,0.023,0.006,1.017
41:09.2,0,0.023,0.007,1.016
41:09.4,0,0.023,0.007,1.016
41:09.6,0,0.022,0.007,1.016
41:09.8,0,0.022,0.007,1.016
41:10.0,0,0.022,0.007,1.016
41:10.2,0,0.022,0.006,1.016
41:10.4,0,0.022,0.006,1.016
41:10.6,0,0.022,0.007,1.016
41:10.8,0,0.022,0.007,1.016
41:11.0,0,0.022,0.007,1.016
41:11.2,0,0.022,0.006,1.016
41:11.4,0,0.022,0.006,1.016
41:11.6,0,0.022,0.007,1.016
41:11.8,0,0.022,0.006,1.016
41:12.0,0,0.022,0.006,1.016
41:12.2,0,0.022,0.007,1.016
41:12.4,0,0.023,0.007,1.016
41:12.6,0,0.023,0.006,1.016
41:12.8,0,0.023,0.007,1.016
41:13.0,0,0.023,0.007,1.016
41:13.3,0,0.023,0.006,1.016
41:13.5,0,0.022,0.006,1.016
41:13.7,0,0.022,0.007,1.016
41:13.9,0,0.022,0.007,1.016
41:14.1,0,0.022,0.006,1.016
41:14.3,0,0.022,0.006,1.016
41:14.5,0,0.023,0.007,1.016
41:14.7,0,0.023,0.007,1.016
41:14.9,0,0.022,0.006,1.017
41:15.1,0,0.022,0.007,1.017
41:15.3,0,0.023,0.006,1.017
41:15.5,0,0.023,0.006,1.016
41:15.7,0,0.022,0.006,1.017
41:15.9,0,0.022,0.006,1.016
41:16.1,0,0.023,0.006,1.016
41:16.3,0,0.022,0.007,1.016
41:16.5,0,0.022,0.007,1.017
41:16.7,0,0.022,0.007,1.017
41:16.9,0,0.022,0.006,1.016
41:17.1,0,0.022,0.006,1.016
41:17.3,0,0.022,0.006,1.016
41:17.5,0,0.022,0.006,1.015
41:17.7,0,0.022,0.006,1.015
41:17.9,0,0.022,0.006,1.015
41:18.1,0,0.022,0.006,1.016
41:18.3,0,0.022,0.007,1.016
41:18.5,0,0.023,0.006,1.016
41:18.7,0,0.022,0.006,1.016
41:18.9,0,0.022,0.006,1.017
41:19.1,0,0.022,0.006,1.016
41:19.3,0,0.022,0.006,1.016
41:19.5,0,0.022,0.006,1.016
41:19.7,0,0.022,0.006,1.017
41:20.0,0,0.023,0.007,1.016
41:20.2,0,0.023,0.007,1.016
41:20.4,0,0.023,0.007,1.016
41:20.6,0,0.023,0.006,1.016
41:20.8,0,0.023,0.007,1.015
41:21.0,0,0.023,0.006,1.015
41:21.2,0,0.023,0.006,1.016
41:21.4,0,0.023,0.007,1.015
41:21.6,0,0.023,0.007,1.016
41:21.8,0,0.023,0.007,1.016
41:22.0,0,0.022,0.006,1.016
41:22.2,0,0.023,0.007,1.016
41:22.4,0,0.023,0.006,1.016
41:22.6,0,0.022,0.006,1.016
41:22.8,0,0.022,0.006,1.016
41:23.0,0,0.022,0.007,1.016
41:23.2,0,0.022,0.006,1.016
41:23.4,0,0.022,0.006,1.016
41:23.6,0,0.022,0.006,1.016
41:23.8,0,0.022,0.006,1.016
41:24.0,0,0.022,0.006,1.016
41:24.2,0,0.022,0.006,1.016
41:24.4,0,0.022,0.006,1.016
41:24.6,0,0.023,0.006,1.016
41:24.8,0,0.023,0.007,1.016
41:25.0,0,0.023,0.007,1.016
41:25.2,0,0.023,0.006,1.016
41:25.4,0,0.023,0.007,1.016
41:25.6,0,0.023,0.006,1.016
41:25.8,0,0.023,0.006,1.016
41:26.0,0,0.023,0.006,1.015
41:26.2,0,0.022,0.006,1.015
41:26.4,0,0.022,0.006,1.015
41:26.6,0,0.022,0.006,1.015
41:26.8,0,0.023,0.006,1.015
41:27.0,0,0.023,0.006,1.016
41:27.3,0,0.023,0.007,1.016
41:27.5,0,0.023,0.006,1.015
41:27.7,0,0.023,0.007,1.016
41:27.9,0,0.022,0.007,1.016
41:28.1,0,0.022,0.007,1.016
41:28.3,0,0.022,0.006,1.016
41:28.5,0,0.022,0.006,1.016
41:28.7,0,0.022,0.006,1.016
41:28.9,0,0.022,0.007,1.016
41:29.1,0,0.022,0.007,1.016
41:29.3,0,0.022,0.006,1.016
41:29.5,0,0.022,0.007,1.017
41:29.7,0,0.022,0.006,1.016
41:29.9,0,0.022,0.006,1.016
41:30.1,0,0.022,0.006,1.016
41:30.3,0,0.023,0.006,1.015
41:30.5,0,0.023,0.006,1.015
41:30.7,0,0.022,0.006,1.015
41:30.9,0,0.022,0.006,1.015
41:31.1,0,0.022,0.006,1.015
41:31.3,0,0.022,0.006,1.015
41:31.5,0,0.022,0.006,1.015
41:31.7,0,0.022,0.006,1.016
41:31.9,0,0.022,0.006,1.016
41:32.1,0,0.022,0.006,1.016
41:32.3,0,0.022,0.006,1.016
41:32.5,0,0.022,0.006,1.017
41:32.7,0,0.023,0.006,1.017
41:32.9,0,0.023,0.006,1.017
41:33.1,0,0.022,0.006,1.017
41:33.3,0,0.022,0.006,1.017
41:33.5,0,0.022,0.006,1.016
41:33.7,0,0.022,0.006,1.016
41:33.9,0,0.022,0.006,1.016
41:34.1,0,0.022,0.007,1.016
41:34.3,0,0.023,0.007,1.015
41:34.5,0,0.022,0.007,1.016
41:34.8,0,0.022,0.007,1.016
41:35.0,0,0.022,0.007,1.016
41:35.2,0,0.022,0.007,1.016
41:35.4,0,0.022,0.007,1.017
41:35.6,0,0.022,0.007,1.017
41:35.8,0,0.022,0.007,1.017
41:36.0,0,0.022,0.007,1.016
41:36.2,0,0.022,0.006,1.016
41:36.4,0,0.022,0.007,1.016
41:36.6,0,0.022,0.006,1.016
41:36.8,0,0.022,0.006,1.016
41:37.0,0,0.022,0.006,1.016
41:37.2,0,0.022,0.007,1.017
41:37.4,0,0.022,0.007,1.017
41:37.6,0,0.023,0.007,1.017
41:37.8,0,0.023,0.007,1.016
41:38.0,0,0.023,0.006,1.016
41:38.2,0,0.023,0.007,1.016
41:38.4,0,0.023,0.006,1.016
41:38.6,0,0.022,0.006,1.016
41:38.8,0,0.022,0.006,1.016
41:39.0,0,0.022,0.006,1.015
41:39.2,0,0.022,0.006,1.015
41:39.4,0,0.022,0.006,1.016
41:39.6,0,0.022,0.006,1.015
41:39.8,0,0.022,0.006,1.015
41:40.0,0,0.022,0.007,1.016
41:40.5,0,0.023,0.007,1.016
41:40.7,0,0.023,0.007,1.016
41:40.9,0,0.023,0.007,1.016
41:41.1,0,0.023,0.007,1.016
41:41.3,0,0.023,0.007,1.016
41:41.5,0,0.023,0.007,1.017
41:41.7,0,0.022,0.007,1.017
41:41.9,0,0.022,0.006,1.016
41:42.1,0,0.022,0.006,1.016
41:42.3,0,0.023,0.007,1.016
41:42.5,0,0.023,0.006,1.016
41:42.7,0,0.023,0.006,1.016
41:42.9,0,0.023,0.007,1.017
41:43.1,0,0.023,0.007,1.017
41:43.3,0,0.023,0.007,1.017
41:43.5,0,0.023,0.007,1.017
41:43.7,0,0.023,0.007,1.017
41:43.9,0,0.022,0.007,1.017
41:44.1,0,0.022,0.007,1.016
41:44.3,0,0.022,0.007,1.016
41:44.5,0,0.022,0.007,1.016
41:44.7,0,0.022,0.007,1.016
41:44.9,0,0.022,0.007,1.016
41:45.1,0,0.023,0.007,1.016
41:45.3,0,0.022,0.007,1.017
41:45.5,0,0.022,0.007,1.016
41:45.7,0,0.022,0.006,1.016
41:45.9,0,0.022,0.006,1.017
41:46.1,0,0.022,0.006,1.017
41:46.3,0,0.022,0.006,1.017
41:46.5,0,0.022,0.006,1.017
41:46.8,0,0.023,0.006,1.017
41:47.0,0,0.022,0.006,1.016
41:47.2,0,0.023,0.006,1.016
41:47.4,0,0.022,0.006,1.016
41:47.6,0,0.023,0.007,1.016
41:47.8,0,0.022,0.007,1.017
41:48.0,0,0.022,0.007,1.017
41:48.2,0,0.022,0.007,1.017
41:48.4,0,0.022,0.007,1.018
41:48.6,0,0.022,0.006,1.017
41:48.8,0,0.023,0.006,1.017
41:49.0,0,0.023,0.006,1.017
41:49.2,0,0.022,0.007,1.017
41:49.4,0,0.022,0.006,1.017
41:49.6,0,0.022,0.007,1.017
41:49.8,0,0.022,0.007,1.016
41:50.0,0,0.022,0.007,1.016
41:50.2,0,0.022,0.007,1.016
41:50.4,0,0.022,0.007,1.016
41:50.6,0,0.023,0.007,1.016
41:50.8,0,0.023,0.006,1.015
41:51.0,0,0.023,0.007,1.016
41:51.2,0,0.023,0.006,1.016
41:51.4,0,0.023,0.006,1.015
41:51.6,0,0.023,0.006,1.016
41:51.8,0,0.023,0.007,1.017
41:52.0,0,0.022,0.006,1.016
41:52.2,0,0.022,0.006,1.016
41:52.4,0,0.022,0.007,1.016
41:52.6,0,0.022,0.006,1.016
41:52.8,0,0.022,0.006,1.016
41:53.0,0,0.022,0.007,1.016
41:53.2,0,0.022,0.006,1.016
41:53.4,0,0.022,0.007,1.016
41:53.6,0,0.023,0.007,1.016
41:53.9,0,0.023,0.007,1.015
41:54.1,0,0.023,0.006,1.015
41:54.3,0,0.023,0.006,1.015
41:54.5,0,0.022,0.006,1.015
41:54.7,0,0.022,0.006,1.015
41:54.9,0,0.022,0.006,1.016
41:55.1,0,0.022,0.006,1.016
41:55.3,0,0.022,0.006,1.016
41:55.5,0,0.023,0.007,1.016
41:55.7,0,0.023,0.007,1.016
41:55.9,0,0.023,0.007,1.016
41:56.1,0,0.023,0.006,1.016
41:56.3,0,0.023,0.006,1.015
41:56.5,0,0.022,0.006,1.015
41:56.7,0,0.023,0.006,1.016
41:56.9,0,0.023,0.006,1.016
41:57.1,0,0.023,0.007,1.016
41:57.3,0,0.023,0.007,1.016
41:57.5,0,0.023,0.007,1.016
41:57.7,0,0.023,0.007,1.016
41:57.9,0,0.022,0.007,1.016
41:58.1,0,0.023,0.007,1.016
41:58.3,0,0.022,0.007,1.016
41:58.5,0,0.022,0.006,1.016
41:58.7,0,0.022,0.006,1.016
41:58.9,0,0.022,0.007,1.016
41:59.1,0,0.022,0.006,1.016
41:59.3,0,0.022,0.007,1.016
41:59.5,0,0.022,0.007,1.016
41:59.7,0,0.023,0.007,1.016
41:59.9,0,0.023,0.007,1.016
42:00.1,0,0.023,0.007,1.016
42:00.3,0,0.023,0.007,1.016
42:00.5,0,0.023,0.007,1.016
42:00.7,0,0.023,0.007,1.016
42:00.9,0,0.022,0.007,1.016
42:01.2,0,0.022,0.007,1.016
42:01.4,0,0.023,0.007,1.016
42:01.6,0,0.022,0.007,1.016
42:01.8,0,0.022,0.007,1.016
42:02.0,0,0.022,0.007,1.016
42:02.2,0,0.022,0.007,1.016
42:02.4,0,0.022,0.007,1.016
42:02.6,0,0.022,0.007,1.016
42:02.8,0,0.022,0.007,1.016
42:03.0,0,0.023,0.007,1.016
42:03.2,0,0.023,0.007,1.016
42:03.6,0,0.023,0.007,1.016
42:03.8,0,0.023,0.007,1.016
42:04.0,0,0.023,0.007,1.016
42:04.2,0,0.022,0.007,1.016
42:04.4,0,0.022,0.007,1.017
42:04.6,0,0.022,0.007,1.017
42:04.8,0,0.022,0.006,1.018
42:05.0,1,0.022,0.007,1.018
42:05.2,1,0.022,0.007,1.018
42:05.4,1,0.022,0.006,1.018
42:05.7,1,0.022,0.007,1.019
42:05.9,1,0.022,0.006,1.017
42:06.1,1,0.022,0.007,1.017
42:06.3,0,0.022,0.007,1.017
42:06.5,0,0.022,0.007,1.017
42:06.7,0,0.022,0.006,1.016
42:06.9,0,0.023,0.007,1.016
42:07.1,0,0.022,0.006,1.016
42:07.3,0,0.022,0.006,1.017
42:07.5,0,0.023,0.007,1.017
42:07.7,0,0.023,0.007,1.016
42:07.9,0,0.023,0.007,1.016
42:08.1,0,0.023,0.007,1.016
42:08.3,0,0.023,0.007,1.015
42:08.5,0,0.023,0.006,1.015
42:08.7,0,0.023,0.007,1.016
42:08.9,0,0.023,0.006,1.016
42:09.1,0,0.022,0.006,1.016
42:09.3,0,0.023,0.007,1.016
42:09.5,0,0.022,0.007,1.016
42:09.7,0,0.022,0.006,1.016
42:09.9,0,0.022,0.007,1.017
42:10.1,0,0.022,0.006,1.016
42:10.3,0,0.022,0.006,1.015
42:10.5,0,0.022,0.006,1.015
42:10.7,0,0.023,0.007,1.015
42:10.9,0,0.023,0.006,1.015
42:11.1,0,0.023,0.006,1.016
42:11.3,0,0.023,0.006,1.017
42:11.5,0,0.023,0.006,1.017
42:11.7,0,0.023,0.007,1.017
42:11.9,0,0.022,0.007,1.017
42:12.1,0,0.022,0.007,1.017
42:12.3,0,0.023,0.007,1.016
42:12.6,0,0.023,0.006,1.016
42:12.8,0,0.023,0.006,1.016
42:13.0,0,0.023,0.007,1.016
42:13.2,0,0.023,0.007,1.016
42:13.4,0,0.022,0.007,1.017
42:13.6,0,0.023,0.007,1.017
42:13.8,0,0.022,0.006,1.016
42:14.0,0,0.022,0.006,1.016
42:14.2,0,0.023,0.006,1.016
42:14.4,0,0.023,0.006,1.016
42:14.6,0,0.022,0.006,1.016
42:14.8,0,0.023,0.007,1.016
42:15.0,0,0.022,0.007,1.016
42:15.2,0,0.022,0.007,1.017
42:15.4,0,0.022,0.007,1.017
42:15.6,0,0.022,0.007,1.017
42:15.8,0,0.022,0.007,1.016
42:16.0,0,0.023,0.007,1.016
42:16.2,1,0.022,0.007,1.015
42:16.4,1,0.022,0.006,1.015
42:16.6,1,0.023,0.006,1.015
42:16.8,1,0.023,0.006,1.015
42:17.0,1,0.023,0.006,1.016
42:17.2,0,0.023,0.006,1.016
42:17.4,0,0.023,0.006,1.015
42:17.6,0,0.023,0.006,1.016
42:17.8,0,0.023,0.006,1.016
42:18.0,0,0.023,0.007,1.017
42:18.2,0,0.023,0.007,1.016
42:18.4,0,0.023,0.007,1.017
42:18.6,0,0.022,0.007,1.017
42:18.8,0,0.023,0.007,1.017
42:19.0,0,0.022,0.007,1.017
42:19.2,0,0.022,0.007,1.017
42:19.4,0,0.023,0.007,1.017
42:19.7,0,0.023,0.006,1.017
42:19.9,0,0.023,0.007,1.017
42:20.1,0,0.023,0.007,1.016
42:20.3,0,0.023,0.007,1.016
42:20.5,0,0.022,0.006,1.016
42:20.7,0,0.022,0.007,1.016
42:20.9,0,0.022,0.007,1.016
42:21.1,0,0.023,0.007,1.016
42:21.3,0,0.023,0.006,1.016
42:21.5,0,0.023,0.007,1.016
42:21.7,0,0.022,0.006,1.016
42:21.9,0,0.022,0.006,1.016
42:22.1,0,0.022,0.007,1.016
42:22.3,0,0.023,0.007,1.016
42:22.5,0,0.022,0.007,1.017
42:22.7,0,0.022,0.007,1.017
42:22.9,0,0.023,0.007,1.017
42:23.1,0,0.023,0.006,1.017
42:23.3,0,0.023,0.007,1.017
42:23.5,0,0.023,0.007,1.017
42:23.7,0,0.023,0.006,1.017
42:23.9,0,0.023,0.006,1.017
42:24.1,0,0.023,0.007,1.017
42:24.3,0,0.023,0.007,1.016
42:24.5,0,0.023,0.007,1.016
42:24.7,0,0.023,0.007,1.017
42:24.9,0,0.022,0.007,1.017
42:25.1,0,0.022,0.006,1.017
42:25.3,0,0.022,0.006,1.016
42:25.5,0,0.022,0.006,1.017
42:25.7,0,0.022,0.006,1.016
42:25.9,0,0.022,0.006,1.016
42:26.1,0,0.022,0.006,1.016
42:26.3,0,0.022,0.006,1.017
42:26.6,0,0.022,0.006,1.017
42:26.8,0,0.022,0.006,1.017
42:27.0,0,0.022,0.006,1.017
42:27.2,0,0.022,0.006,1.017
42:27.4,0,0.022,0.006,1.017
42:27.6,0,0.022,0.007,1.017
42:27.8,0,0.022,0.006,1.017
42:28.0,0,0.022,0.007,1.017
42:28.2,0,0.022,0.006,1.017
42:28.4,0,0.022,0.006,1.017
42:28.6,0,0.022,0.006,1.017
42:28.8,0,0.022,0.007,1.017
42:29.0,0,0.022,0.006,1.016
42:29.2,0,0.022,0.007,1.017
42:29.4,0,0.022,0.007,1.017
42:29.6,0,0.023,0.006,1.016
42:29.8,0,0.023,0.006,1.016
42:30.0,0,0.023,0.006,1.017
42:30.2,0,0.023,0.007,1.017
42:30.4,0,0.022,0.007,1.017
42:30.6,0,0.022,0.006,1.017
42:30.8,0,0.022,0.006,1.016
42:31.0,0,0.022,0.006,1.016
42:31.2,0,0.022,0.006,1.016
42:31.4,0,0.022,0.006,1.016
42:31.6,0,0.022,0.007,1.016
42:31.8,0,0.022,0.007,1.017
42:32.0,0,0.022,0.007,1.016
42:32.2,0,0.022,0.006,1.016
42:32.4,0,0.022,0.007,1.016
42:32.6,0,0.022,0.007,1.016
42:32.8,0,0.023,0.007,1.016
42:33.0,0,0.023,0.007,1.016
42:33.3,0,0.023,0.007,1.016
42:33.5,0,0.023,0.007,1.016
42:33.7,0,0.023,0.006,1.016
42:33.9,0,0.023,0.006,1.016
42:34.1,0,0.023,0.006,1.015
42:34.3,0,0.023,0.006,1.015
42:34.5,0,0.023,0.006,1.015
42:34.7,0,0.023,0.006,1.016
42:34.9,0,0.023,0.006,1.016
42:35.1,0,0.023,0.007,1.016
42:35.3,0,0.022,0.007,1.016
42:35.5,0,0.023,0.007,1.016
42:35.7,0,0.022,0.006,1.016
42:35.9,0,0.022,0.007,1.016
42:36.1,0,0.022,0.006,1.016
42:36.3,0,0.022,0.006,1.016
42:36.5,0,0.023,0.006,1.017
42:36.7,0,0.023,0.006,1.016
42:36.9,0,0.023,0.006,1.016
42:37.1,0,0.023,0.006,1.016
42:37.3,0,0.023,0.006,1.016
42:37.5,0,0.023,0.007,1.016
42:37.7,0,0.023,0.007,1.016
42:37.9,0,0.023,0.007,1.016
42:38.1,0,0.023,0.007,1.017
42:38.3,0,0.023,0.008,1.017
42:38.5,0,0.023,0.007,1.016
42:38.7,0,0.022,0.007,1.017
42:38.9,0,0.023,0.007,1.017
42:39.1,0,0.022,0.007,1.017
42:39.3,0,0.022,0.007,1.017
42:39.5,0,0.023,0.007,1.017
42:39.8,0,0.023,0.007,1.017
42:40.0,0,0.023,0.007,1.017
42:40.2,0,0.023,0.007,1.017
42:40.4,0,0.022,0.007,1.017
42:40.6,0,0.023,0.007,1.017
42:40.8,0,0.023,0.007,1.017
42:41.0,0,0.022,0.007,1.017
42:41.2,0,0.022,0.007,1.017
42:41.4,0,0.022,0.007,1.017
42:41.6,0,0.022,0.007,1.016
42:41.8,0,0.022,0.007,1.016
42:42.0,0,0.022,0.007,1.016
42:42.2,0,0.022,0.006,1.016
42:42.4,0,0.023,0.007,1.016
42:42.6,0,0.023,0.007,1.016
42:42.8,0,0.022,0.007,1.017
42:43.0,0,0.022,0.007,1.016
42:43.2,0,0.023,0.007,1.016
42:43.4,0,0.022,0.007,1.016
42:43.6,0,0.022,0.007,1.016
42:43.8,0,0.023,0.007,1.015
42:44.0,0,0.022,0.007,1.016
42:44.2,0,0.022,0.007,1.016
42:44.4,0,0.023,0.007,1.017
42:44.6,0,0.023,0.006,1.016
42:44.8,0,0.022,0.006,1.016
42:45.0,0,0.022,0.006,1.016
42:45.2,0,0.023,0.006,1.016
42:45.4,0,0.022,0.006,1.016
42:45.6,0,0.022,0.007,1.017
42:45.8,0,0.022,0.007,1.017
42:46.0,0,0.022,0.008,1.018
42:46.2,0,0.022,0.007,1.017
42:46.4,0,0.023,0.007,1.017
42:46.7,0,0.023,0.007,1.017
42:46.9,0,0.023,0.007,1.016
42:47.1,0,0.022,0.006,1.016
42:47.3,0,0.022,0.006,1.016
42:47.5,0,0.022,0.006,1.016
42:47.7,0,0.022,0.006,1.016
42:47.9,0,0.022,0.006,1.016
42:48.1,0,0.022,0.007,1.017
42:48.3,0,0.022,0.007,1.016
42:48.5,0,0.022,0.007,1.017
42:48.7,0,0.022,0.007,1.017
42:48.9,0,0.022,0.007,1.016
42:49.1,0,0.022,0.007,1.016
42:49.3,0,0.022,0.007,1.016
42:49.5,0,0.022,0.007,1.016
42:49.7,0,0.022,0.007,1.017
42:49.9,0,0.022,0.007,1.017
42:50.1,0,0.022,0.007,1.017
42:50.3,0,0.022,0.007,1.017
42:50.5,0,0.022,0.006,1.016
42:50.7,0,0.023,0.006,1.016
42:50.9,0,0.022,0.006,1.016
42:51.1,0,0.022,0.006,1.016
42:51.3,0,0.022,0.006,1.016
42:51.5,0,0.022,0.006,1.016
42:51.7,0,0.022,0.006,1.016
42:51.9,0,0.022,0.006,1.016
42:52.1,0,0.023,0.006,1.016
42:52.3,0,0.023,0.006,1.016
42:52.5,0,0.023,0.007,1.017
42:52.7,0,0.023,0.007,1.017
42:52.9,0,0.023,0.008,1.017
42:53.1,0,0.022,0.007,1.017
42:53.4,0,0.022,0.007,1.016
42:53.6,0,0.023,0.007,1.016
42:53.8,0,0.022,0.007,1.016
42:54.0,0,0.022,0.006,1.016
42:54.2,0,0.022,0.007,1.016
42:54.4,0,0.022,0.007,1.017
42:54.6,0,0.022,0.007,1.017
42:54.8,0,0.022,0.008,1.017
42:55.0,0,0.022,0.007,1.017
42:55.2,0,0.022,0.007,1.017
42:55.4,0,0.022,0.006,1.017
42:55.6,0,0.022,0.006,1.017
42:55.8,0,0.022,0.005,1.016
42:56.0,0,0.022,0.005,1.015
42:56.2,0,0.022,0.005,1.015
42:56.4,0,0.022,0.006,1.015
42:56.6,0,0.022,0.006,1.015
42:56.8,0,0.022,0.006,1.016
42:57.0,0,0.023,0.007,1.016
42:57.2,0,0.023,0.007,1.016
42:57.4,0,0.023,0.007,1.017
42:57.6,0,0.022,0.006,1.017
42:57.8,0,0.022,0.007,1.017
42:58.0,0,0.022,0.006,1.016
42:58.2,0,0.022,0.007,1.016
42:58.4,0,0.022,0.007,1.016
42:58.6,0,0.022,0.006,1.016
42:58.8,0,0.023,0.007,1.016
42:59.0,0,0.023,0.007,1.016
42:59.2,0,0.022,0.006,1.016
42:59.4,0,0.023,0.007,1.016
42:59.6,0,0.023,0.007,1.016
42:59.8,0,0.023,0.006,1.016
43:00.0,0,0.023,0.007,1.016
43:00.2,0,0.023,0.007,1.016
43:00.5,0,0.023,0.006,1.015
43:00.7,0,0.023,0.007,1.015
43:00.9,0,0.023,0.007,1.015
43:01.1,0,0.023,0.006,1.015
43:01.3,1,0.023,0.007,1.015
43:01.5,1,0.022,0.007,1.017
43:01.7,1,0.022,0.007,1.017
43:01.9,1,0.022,0.007,1.017
43:02.1,1,0.022,0.007,1.017
43:02.3,1,0.022,0.006,1.017
43:02.5,0,0.022,0.007,1.016
43:02.7,0,0.022,0.007,1.016
43:02.9,0,0.022,0.006,1.016
43:03.1,0,0.022,0.006,1.016
43:03.3,0,0.022,0.007,1.016
43:03.5,0,0.022,0.006,1.016
43:03.7,0,0.023,0.007,1.016
43:03.9,0,0.023,0.006,1.016
43:04.1,0,0.022,0.006,1.017
43:04.3,0,0.022,0.006,1.017
43:04.5,0,0.023,0.006,1.016
43:04.7,0,0.022,0.006,1.017
43:04.9,0,0.022,0.007,1.016
43:05.1,0,0.023,0.007,1.016
43:05.3,0,0.022,0.007,1.016
43:05.5,0,0.022,0.007,1.017
43:05.7,0,0.022,0.007,1.016
43:05.9,0,0.022,0.007,1.016
43:06.1,0,0.022,0.007,1.017
43:06.3,0,0.023,0.007,1.017
43:06.5,0,0.023,0.007,1.017
43:06.7,0,0.023,0.007,1.017
43:06.9,0,0.023,0.007,1.017
43:07.2,0,0.023,0.007,1.017
43:07.4,0,0.023,0.006,1.017
43:07.6,0,0.23,0.006,1.017
43:07.8,0,0.022,0.006,1.016
43:08.0,0,0.022,0.006,1.016
43:08.2,0,0.022,0.006,1.016
43:08.4,0,0.022,0.006,1.016
43:08.6,0,0.022,0.006,1.017
43:08.8,0,0.022,0.006,1.017
43:09.0,0,0.022,0.007,1.017
43:09.2,0,0.022,0.006,1.017
43:09.4,0,0.022,0.006,1.017
43:09.6,0,0.022,0.006,1.017
43:09.8,0,0.022,0.007,1.017
43:10.0,0,0.022,0.007,1.017
43:10.2,0,0.022,0.007,1.017
43:10.4,0,0.022,0.007,1.016
43:10.6,0,0.022,0.007,1.016
43:10.8,0,0.023,0.007,1.016
43:11.0,0,0.023,0.007,1.017
43:11.2,0,0.023,0.007,1.016
43:11.5,0,0.022,0.006,1.017
43:11.7,0,0.022,0.006,1.017
43:11.9,0,0.022,0.006,1.017
43:12.1,0,0.022,0.006,1.016
43:12.3,0,0.022,0.006,1.017
43:12.5,0,0.022,0.006,1.016
43:12.7,0,0.022,0.006,1.016
43:12.9,0,0.022,0.006,1.017
43:13.1,0,0.022,0.006,1.016
43:13.3,0,0.022,0.006,1.016
43:13.5,0,0.022,0.006,1.016
43:13.7,0,0.022,0.006,1.016
43:13.9,0,0.023,0.006,1.016
43:14.1,0,0.023,0.007,1.016
43:14.3,0,0.022,0.007,1.016
43:14.5,0,0.023,0.007,1.016
43:14.7,0,0.022,0.007,1.017
43:14.9,0,0.022,0.006,1.016
43:15.1,0,0.022,0.007,1.016
43:15.3,0,0.022,0.007,1.016
43:15.5,0,0.022,0.007,1.016
43:15.7,0,0.022,0.007,1.016
43:15.9,0,0.022,0.007,1.017
43:16.1,0,0.022,0.007,1.016
43:16.3,0,0.022,0.006,1.016
43:16.5,0,0.022,0.007,1.016
43:16.7,0,0.023,0.006,1.016
43:16.9,0,0.023,0.006,1.016
43:17.1,0,0.023,0.007,1.016
43:17.3,0,0.022,0.007,1.016
43:17.5,0,0.023,0.007,1.017
43:17.7,0,0.023,0.008,1.017
43:17.9,0,0.023,0.008,1.016
43:18.2,0,0.022,0.007,1.015
43:18.4,0,0.023,0.008,1.015
43:18.6,0,0.023,0.007,1.015
43:18.8,0,0.022,0.006,1.015
43:19.0,0,0.023,0.007,1.015
43:19.2,0,0.022,0.006,1.016
43:19.4,0,0.022,0.006,1.016
43:19.6,0,0.022,0.007,1.017
43:19.8,0,0.022,0.006,1.017
43:20.0,0,0.022,0.006,1.017
43:20.2,0,0.023,0.007,1.017
43:20.4,0,0.023,0.007,1.016
43:20.6,0,0.023,0.006,1.016
43:20.8,0,0.023,0.007,1.016
43:21.0,0,0.021,0.005,1.015
43:21.2,0,0.021,0.005,1.015
43:21.4,0,0.022,0.005,1.015
43:21.6,0,0.022,0.005,1.015
43:21.8,0,0.022,0.005,1.014
43:22.0,0,0.022,0.007,1.015
43:22.2,0,0.022,0.007,1.016
43:22.4,0,0.022,0.007,1.016
43:22.6,0,0.022,0.007,1.016
43:22.8,0,0.022,0.007,1.016
43:23.0,1,0.022,0.007,1.016
43:23.2,1,0.022,0.006,1.016
43:23.4,1,0.022,0.007,1.017
43:23.6,1,0.022,0.007,1.017
43:23.8,1,0.023,0.007,1.017
43:24.0,1,0.022,0.007,1.017
43:24.2,0,0.023,0.007,1.017
43:24.4,0,0.022,0.008,1.017
43:24.6,0,0.022,0.007,1.016
43:24.8,0,0.022,0.007,1.016
43:25.0,0,0.022,0.007,1.017
43:25.3,0,0.022,0.007,1.017
43:25.5,0,0.022,0.006,1.016
43:25.7,0,0.022,0.007,1.017
43:25.9,0,0.022,0.006,1.017
43:26.1,0,0.022,0.006,1.017
43:26.3,0,0.022,0.007,1.017
43:26.5,0,0.022,0.006,1.017
43:26.7,0,0.023,0.006,1.017
43:26.9,0,0.023,0.007,1.017
43:27.1,0,0.023,0.006,1.017
43:27.3,0,0.023,0.006,1.016
43:27.5,0,0.023,0.007,1.017
43:27.7,0,0.023,0.007,1.017
43:27.9,0,0.023,0.007,1.018
43:28.1,0,0.023,0.007,1.017
43:28.3,0,0.023,0.007,1.018
43:28.5,0,0.022,0.006,1.017
43:28.7,0,0.022,0.007,1.018
43:28.9,0,0.022,0.006,1.017
43:29.1,0,0.023,0.006,1.016
43:29.3,0,0.023,0.007,1.016
43:29.5,0,0.023,0.007,1.017
43:29.7,0,0.023,0.007,1.015
43:29.9,0,0.023,0.007,1.015
43:30.1,0,0.023,0.007,1.017
43:30.3,0,0.023,0.007,1.017
43:30.5,0,0.023,0.007,1.017
43:30.7,0,0.023,0.007,1.017
43:30.9,0,0.023,0.007,1.017
43:31.1,0,0.023,0.007,1.016
43:31.3,0,0.022,0.006,1.016
43:31.5,0,0.022,0.007,1.016
43:31.7,0,0.023,0.007,1.016
43:31.9,0,0.023,0.007,1.016
43:32.1,0,0.023,0.007,1.016
43:32.3,0,0.023,0.007,1.016
43:32.6,0,0.022,0.006,1.016
43:32.8,0,0.022,0.006,1.015
43:33.0,0,0.022,0.006,1.016
43:33.2,0,0.022,0.007,1.016
43:33.4,0,0.023,0.006,1.016
43:33.6,0,0.023,0.007,1.017
43:33.8,0,0.022,0.007,1.017
43:34.0,0,0.023,0.007,1.015
43:34.2,0,0.023,0.007,1.016
43:34.4,1,0.023,0.007,1.017
43:34.6,1,0.023,0.007,1.016
43:34.8,1,0.023,0.007,1.016
43:35.0,1,0.022,0.007,1.017
43:35.2,1,0.022,0.007,1.017
43:35.4,1,0.023,0.007,1.016
43:35.6,0,0.022,0.007,1.016
43:35.8,0,0.023,0.007,1.017
43:36.0,0,0.022,0.007,1.017
43:36.2,0,0.023,0.007,1.016
43:36.4,0,0.023,0.006,1.016
43:36.6,0,0.022,0.006,1.017
43:36.8,0,0.022,0.006,1.017
43:37.0,0,0.022,0.006,1.017
43:37.2,0,0.022,0.006,1.017
43:37.4,0,0.022,0.006,1.016
43:37.6,0,0.023,0.006,1.016
43:37.8,0,0.023,0.006,1.016
43:38.0,0,0.023,0.007,1.016
43:38.2,0,0.023,0.007,1.016
43:38.4,0,0.023,0.006,1.016
43:38.6,0,0.023,0.007,1.016
43:38.8,0,0.023,0.007,1.017
43:39.0,0,0.023,0.007,1.015
43:39.2,0,0.023,0.006,1.016
43:39.4,0,0.023,0.007,1.017
43:39.7,0,0.023,0.007,1.015
43:39.9,0,0.022,0.006,1.015
43:40.1,0,0.022,0.007,1.017
43:40.3,0,0.022,0.007,1.016
43:40.5,0,0.022,0.006,1.016
43:40.7,0,0.022,0.007,1.017
43:40.9,0,0.022,0.007,1.017
43:41.1,0,0.022,0.006,1.017
43:41.3,0,0.022,0.007,1.017
43:41.5,0,0.022,0.007,1.018
43:41.7,0,0.022,0.007,1.018
43:41.9,0,0.022,0.007,1.017
43:42.1,0,0.022,0.007,1.017
43:42.3,0,0.022,0.007,1.017
43:42.5,0,0.023,0.007,1.017
43:42.7,0,0.023,0.007,1.017
43:42.9,0,0.023,0.007,1.017
43:43.1,0,0.023,0.007,1.017
43:43.3,0,0.023,0.007,1.017
43:43.5,0,0.023,0.007,1.016
43:43.7,0,0.022,0.006,1.016
43:43.9,0,0.023,0.006,1.016
43:44.1,0,0.023,0.006,1.016
43:44.3,1,0.023,0.006,1.016
43:44.5,1,0.023,0.006,1.016
43:44.7,1,0.023,0.007,1.016
43:44.9,1,0.023,0.007,1.016
43:45.1,1,0.023,0.006,1.016
43:45.3,0,0.022,0.006,1.016
43:45.5,0,0.022,0.006,1.016
43:45.7,0,0.023,0.006,1.016
43:45.9,0,0.022,0.006,1.016
43:46.1,0,0.022,0.006,1.016
43:46.3,0,0.022,0.006,1.016
43:46.5,0,0.022,0.007,1.016
43:46.7,0,0.022,0.007,1.017
43:47.0,0,0.022,0.007,1.017
43:47.2,0,0.022,0.006,1.017
43:47.4,0,0.023,0.007,1.017
43:47.6,0,0.022,0.006,1.017
43:47.8,0,0.022,0.007,1.017
43:48.0,0,0.022,0.007,1.017
43:48.2,0,0.022,0.007,1.016
43:48.4,0,0.022,0.007,1.016
43:48.6,0,0.022,0.007,1.015
43:48.8,0,0.023,0.006,1.015
43:49.0,0,0.023,0.007,1.015
43:49.2,0,0.023,0.006,1.015
43:49.4,0,0.023,0.007,1.015
43:49.6,0,0.023,0.007,1.016
43:49.8,0,0.023,0.007,1.016
43:50.0,0,0.023,0.006,1.016
43:50.2,0,0.022,0.006,1.016
43:50.4,0,0.022,0.006,1.017
43:50.6,0,0.022,0.006,1.017
43:50.8,0,0.022,0.006,1.017
43:51.0,0,0.023,0.006,1.017
43:51.2,0,0.023,0.007,1.017
43:51.4,0,0.022,0.007,1.018
43:51.6,0,0.022,0.007,1.018
43:51.8,0,0.022,0.007,1.017
43:52.0,0,0.022,0.007,1.018
43:52.2,0,0.022,0.007,1.018
43:52.4,0,0.023,0.007,1.016
43:52.6,0,0.022,0.007,1.016
43:52.8,0,0.022,0.007,1.017
43:53.0,0,0.023,0.007,1.016
43:53.2,0,0.022,0.006,1.015
43:53.4,0,0.022,0.006,1.016
43:53.6,0,0.022,0.007,1.016
43:53.8,0,0.022,0.007,1.016
43:54.1,0,0.022,0.007,1.016
43:54.3,0,0.023,0.007,1.016
43:54.5,0,0.023,0.007,1.016
43:54.7,0,0.023,0.007,1.016
43:54.9,0,0.022,0.006,1.016
43:55.1,0,0.022,0.006,1.016
43:55.3,0,0.022,0.007,1.016
43:55.5,0,0.022,0.007,1.016
43:55.7,0,0.022,0.006,1.016
43:56.1,0,0.022,0.007,1.016
43:56.3,0,0.022,0.007,1.016
43:56.5,0,0.022,0.006,1.016
43:56.7,0,0.023,0.007,1.017
43:56.9,0,0.023,0.006,1.017
43:57.1,0,0.022,0.006,1.017
43:57.3,0,0.023,0.006,1.017
43:57.5,0,0.023,0.007,1.017
43:57.7,0,0.022,0.007,1.016
43:57.9,0,0.022,0.006,1.017
43:58.2,0,0.022,0.006,1.016
43:58.4,0,0.022,0.006,1.016
43:58.6,0,0.022,0.006,1.016
43:58.8,0,0.022,0.006,1.016
43:59.0,0,0.022,0.007,1.016
43:59.2,0,0.022,0.007,1.016
43:59.4,0,0.022,0.007,1.016
43:59.6,0,0.022,0.007,1.016
43:59.8,0,0.023,0.007,1.016
44:00.0,0,0.022,0.007,1.016
44:00.2,0,0.022,0.007,1.017
44:00.4,0,0.022,0.007,1.017
44:00.6,0,0.022,0.007,1.017
44:00.8,0,0.022,0.007,1.017
44:01.0,0,0.022,0.007,1.018
44:01.2,0,0.022,0.007,1.017
44:01.4,0,0.023,0.007,1.017
44:01.6,0,0.023,0.007,1.017
44:01.8,0,0.023,0.007,1.017
44:02.0,0,0.023,0.007,1.016
44:02.2,0,0.023,0.007,1.016
44:02.4,0,0.023,0.007,1.016
44:02.6,0,0.022,0.007,1.016
44:02.8,0,0.022,0.007,1.016
44:03.0,0,0.023,0.007,1.016
44:03.2,0,0.023,0.006,1.015
44:03.4,0,0.023,0.006,1.016
44:03.6,0,0.023,0.007,1.016
44:03.8,0,0.023,0.007,1.016
44:04.0,0,0.023,0.007,1.016
44:04.2,0,0.023,0.007,1.017
44:04.4,0,0.023,0.007,1.016
44:04.6,0,0.023,0.007,1.016
44:04.8,0,0.023,0.007,1.016
44:05.1,0,0.023,0.007,1.017
44:05.3,0,0.023,0.007,1.017
44:05.5,0,0.022,0.007,1.017
44:05.7,0,0.022,0.007,1.017
44:05.9,0,0.022,0.007,1.017
44:06.1,0,0.022,0.006,1.017
44:06.3,0,0.023,0.006,1.016
44:06.5,0,0.023,0.006,1.016
44:06.7,0,0.023,0.007,1.017
44:06.9,0,0.023,0.006,1.017
44:07.1,0,0.023,0.006,1.017
44:07.3,0,0.023,0.007,1.016
44:07.5,0,0.023,0.007,1.016
44:07.7,0,0.023,0.006,1.015
44:07.9,0,0.022,0.007,1.015
44:08.1,0,0.023,0.007,1.016
44:08.3,0,0.022,0.006,1.016
44:08.5,0,0.022,0.006,1.015
44:08.7,0,0.023,0.006,1.016
44:08.9,0,0.022,0.006,1.016
44:09.1,0,0.022,0.006,1.016
44:09.3,0,0.023,0.007,1.016
44:09.5,0,0.022,0.007,1.016
44:09.7,0,0.022,0.007,1.016
44:09.9,0,0.023,0.007,1.016
44:10.1,0,0.022,0.006,1.016
44:10.3,0,0.022,0.006,1.016
44:10.5,0,0.022,0.006,1.016
44:10.7,0,0.022,0.006,1.016
44:10.9,0,0.022,0.007,1.016
44:11.1,0,0.022,0.007,1.016
44:11.3,0,0.023,0.007,1.016
44:11.5,0,0.023,0.007,1.017
44:11.7,0,0.023,0.007,1.017
44:11.9,0,0.023,0.007,1.017
44:12.2,0,0.023,0.007,1.017
44:12.4,0,0.022,0.006,1.017
44:12.6,0,0.022,0.006,1.016
44:12.8,0,0.022,0.006,1.017
44:13.0,0,0.022,0.006,1.017
44:13.2,0,0.022,0.006,1.017
44:13.4,0,0.022,0.007,1.017
44:13.6,0,0.022,0.007,1.016
44:13.8,0,0.022,0.007,1.016
44:14.0,0,0.022,0.007,1.016
44:14.2,0,0.022,0.007,1.016
44:14.4,0,0.023,0.007,1.016
44:14.6,0,0.023,0.006,1.016
44:14.8,0,0.022,0.006,1.016
44:15.0,0,0.023,0.007,1.016
44:15.2,0,0.022,0.007,1.016
44:15.4,0,0.022,0.006,1.016
44:15.6,0,0.022,0.007,1.016
44:15.8,0,0.022,0.007,1.016
44:16.0,0,0.022,0.006,1.016
44:16.2,0,0.022,0.006,1.016
44:16.4,0,0.022,0.006,1.016
44:16.6,0,0.022,0.006,1.016
44:16.8,0,0.022,0.006,1.016
44:17.0,0,0.022,0.006,1.016
44:17.2,0,0.022,0.006,1.016
44:17.4,0,0.022,0.006,1.016
44:17.6,0,0.022,0.007,1.016
44:17.8,0,0.023,0.006,1.016
44:18.0,0,0.023,0.006,1.017
44:18.2,0,0.023,0.006,1.017
44:18.4,0,0.023,0.006,1.017
44:18.6,0,0.023,0.006,1.017
44:18.8,0,0.022,0.007,1.017
44:19.1,0,0.023,0.007,1.016
44:19.3,0,0.022,0.007,1.017
44:19.5,0,0.023,0.007,1.017
44:19.7,0,0.022,0.007,1.017
44:19.9,0,0.022,0.007,1.016
44:20.1,0,0.022,0.007,1.016
44:20.3,0,0.022,0.007,1.016
44:20.5,0,0.022,0.007,1.016
44:20.7,0,0.022,0.007,1.016
44:20.9,0,0.022,0.007,1.017
44:21.1,0,0.022,0.006,1.017
44:21.3,0,0.022,0.007,1.017
44:21.5,0,0.022,0.007,1.017
44:21.7,0,0.022,0.007,1.017
44:21.9,0,0.022,0.007,1.016
44:22.1,0,0.022,0.007,1.016
44:22.3,0,0.022,0.007,1.016
44:22.5,0,0.022,0.006,1.016
44:22.7,0,0.022,0.006,1.016
44:22.9,0,0.022,0.007,1.017
44:23.1,0,0.022,0.006,1.017
44:23.3,0,0.022,0.007,1.017
44:23.5,0,0.022,0.006,1.017
44:23.7,0,0.022,0.007,1.017
44:23.9,0,0.022,0.007,1.017
44:24.1,0,0.022,0.007,1.017
44:24.3,0,0.022,0.006,1.017
44:24.5,0,0.023,0.007,1.017
44:24.7,0,0.022,0.006,1.017
44:24.9,0,0.022,0.006,1.016
44:25.1,0,0.022,0.007,1.016
44:25.3,0,0.022,0.006,1.016
44:25.5,0,0.022,0.007,1.016
44:25.7,0,0.022,0.006,1.016
44:25.9,0,0.022,0.006,1.016
44:26.1,0,0.022,0.006,1.016
44:26.4,0,0.022,0.006,1.017
44:26.6,0,0.023,0.006,1.016
44:26.8,0,0.023,0.007,1.017
44:27.0,0,0.022,0.007,1.016
44:27.2,0,0.022,0.007,1.016
44:27.4,0,0.022,0.007,1.016
44:27.6,0,0.022,0.007,1.016
44:27.8,0,0.022,0.006,1.016
44:28.0,0,0.023,0.006,1.017
44:28.2,0,0.023,0.006,1.017
44:28.4,0,0.023,0.006,1.016
44:28.6,0,0.023,0.006,1.016
44:28.8,0,0.023,0.007,1.016
44:29.0,0,0.023,0.007,1.016
44:29.2,0,0.023,0.007,1.017
44:29.4,0,0.023,0.007,1.017
44:29.6,0,0.023,0.007,1.016
44:29.8,0,0.022,0.007,1.016
44:30.0,0,0.023,0.007,1.016
44:30.2,0,0.023,0.007,1.016
44:30.4,0,0.022,0.007,1.016
44:30.6,0,0.023,0.007,1.016
44:30.8,0,0.023,0.007,1.016
44:31.0,0,0.023,0.007,1.015
44:31.2,0,0.023,0.006,1.015
44:31.4,0,0.023,0.007,1.016
44:31.6,0,0.023,0.006,1.016
44:31.8,0,0.023,0.006,1.016
44:32.0,0,0.023,0.006,1.016
44:32.2,0,0.023,0.007,1.016
44:32.4,0,0.023,0.007,1.016
44:32.6,0,0.023,0.007,1.016
44:32.8,0,0.022,0.007,1.016
44:33.0,0,0.022,0.007,1.017
44:33.2,0,0.022,0.007,1.017
44:33.4,0,0.023,0.006,1.016
44:33.7,0,0.022,0.006,1.016
44:33.9,0,0.023,0.007,1.016
44:34.1,0,0.023,0.006,1.015
44:34.3,0,0.023,0.006,1.015
44:34.5,0,0.023,0.006,1.016
44:34.7,0,0.023,0.007,1.016
44:34.9,0,0.022,0.006,1.016
44:35.1,0,0.023,0.006,1.016
44:35.3,0,0.023,0.007,1.016
44:35.5,0,0.023,0.006,1.016
44:35.7,0,0.023,0.006,1.016
44:35.9,0,0.023,0.006,1.016
44:36.1,0,0.023,0.006,1.016
44:36.3,0,0.023,0.006,1.016
44:36.5,0,0.023,0.006,1.016
44:36.7,0,0.023,0.006,1.016
44:36.9,0,0.023,0.007,1.016
44:37.1,0,0.023,0.007,1.016
44:37.3,0,0.023,0.007,1.016
44:37.5,0,0.023,0.007,1.016
44:37.7,0,0.023,0.007,1.016
44:37.9,0,0.023,0.006,1.016
44:38.1,0,0.023,0.006,1.016
44:38.3,0,0.022,0.006,1.016
44:38.5,0,0.022,0.006,1.016
44:38.7,0,0.022,0.007,1.017
44:38.9,0,0.022,0.006,1.017
44:39.1,0,0.022,0.006,1.016
44:39.3,0,0.022,0.006,1.016
44:39.5,0,0.022,0.006,1.016
44:39.7,0,0.022,0.006,1.016
44:39.9,0,0.022,0.006,1.016
44:40.1,0,0.022,0.007,1.016
44:40.3,0,0.022,0.007,1.016
44:40.5,0,0.022,0.007,1.016
44:40.8,0,0.022,0.007,1.017
44:41.0,0,0.022,0.007,1.017
44:41.2,0,0.022,0.007,1.016
44:41.4,0,0.022,0.007,1.017
44:41.6,0,0.023,0.007,1.016
44:41.8,0,0.023,0.007,1.016
44:42.0,0,0.023,0.007,1.016
44:42.2,0,0.023,0.007,1.016
44:42.4,0,0.023,0.007,1.016
44:42.6,0,0.022,0.007,1.016
44:42.8,0,0.022,0.006,1.015
44:43.0,0,0.022,0.007,1.015
44:43.2,0,0.023,0.007,1.016
44:43.4,0,0.022,0.007,1.015
44:43.6,0,0.022,0.007,1.016
44:43.8,0,0.022,0.007,1.016
44:44.0,0,0.022,0.007,1.016
44:44.2,0,0.022,0.007,1.016
44:44.4,0,0.022,0.007,1.016
44:44.6,0,0.022,0.006,1.016
44:44.8,0,0.023,0.007,1.016
44:45.0,0,0.022,0.007,1.016
44:45.2,0,0.023,0.007,1.016
44:45.4,0,0.023,0.007,1.016
44:45.6,0,0.022,0.007,1.016
44:45.8,0,0.022,0.007,1.016
44:46.0,0,0.022,0.007,1.016
44:46.2,0,0.022,0.007,1.016
44:46.4,0,0.022,0.006,1.016
44:46.6,0,0.023,0.007,1.016
44:46.8,0,0.023,0.007,1.016
44:47.0,0,0.023,0.006,1.016
44:47.2,0,0.023,0.007,1.016
44:47.4,0,0.023,0.007,1.016
44:47.6,0,0.023,0.006,1.016
44:47.9,0,0.023,0.007,1.016
44:48.1,0,0.023,0.006,1.016
44:48.3,0,0.023,0.006,1.016
44:48.5,0,0.023,0.006,1.016
44:48.7,0,0.023,0.007,1.016
44:48.9,0,0.022,0.007,1.017
44:49.1,0,0.022,0.007,1.017
44:49.3,0,0.023,0.007,1.017
44:49.5,0,0.023,0.007,1.017
44:49.7,0,0.023,0.007,1.018
44:49.9,0,0.023,0.007,1.018
44:50.1,0,0.023,0.007,1.018
44:50.3,0,0.022,0.007,1.018
44:50.5,0,0.023,0.007,1.017
44:50.7,0,0.022,0.006,1.016
44:50.9,0,0.022,0.006,1.017
44:51.1,0,0.022,0.006,1.017
44:51.3,0,0.022,0.006,1.017
44:51.5,0,0.022,0.006,1.017
44:51.7,0,0.022,0.006,1.017
44:51.9,0,0.022,0.006,1.017
44:52.1,0,0.022,0.006,1.016
44:52.3,0,0.023,0.007,1.017
44:52.5,0,0.022,0.006,1.017
44:52.7,0,0.022,0.007,1.016
44:52.9,0,0.023,0.007,1.017
44:53.1,0,0.023,0.007,1.017
44:53.3,0,0.023,0.007,1.017
44:53.5,0,0.023,0.006,1.017
44:53.7,0,0.023,0.006,1.017
44:53.9,0,0.023,0.006,1.017
44:54.1,0,0.023,0.007,1.017
44:54.3,0,0.023,0.006,1.016
44:54.5,0,0.023,0.007,1.016
44:54.7,0,0.023,0.007,1.016
44:54.9,0,0.023,0.006,1.016
44:55.1,0,0.023,0.006,1.016
44:55.3,0,0.023,0.007,1.017
44:55.6,0,0.023,0.006,1.017
44:55.8,0,0.023,0.006,1.017
44:56.0,0,0.023,0.006,1.017
44:56.2,0,0.022,0.006,1.016
44:56.4,0,0.022,0.006,1.016
44:56.6,0,0.022,0.007,1.016
44:56.8,0,0.022,0.007,1.016
44:57.0,0,0.023,0.007,1.016
44:57.2,0,0.022,0.007,1.016
44:57.4,0,0.022,0.006,1.015
44:57.6,0,0.022,0.006,1.016
44:57.8,0,0.022,0.006,1.015
44:58.0,0,0.022,0.006,1.015
44:58.2,0,0.023,0.006,1.016
44:58.4,0,0.022,0.007,1.017
44:58.6,0,0.022,0.007,1.016
44:58.8,0,0.023,0.007,1.016
44:59.0,0,0.022,0.007,1.017
44:59.2,0,0.022,0.007,1.016
44:59.4,0,0.022,0.007,1.016
44:59.6,0,0.022,0.007,1.017
44:59.8,0,0.022,0.007,1.017
45:00.0,0,0.022,0.006,1.016
45:00.2,0,0.022,0.007,1.016
45:00.4,0,0.022,0.006,1.017
45:00.6,0,0.023,0.006,1.016
45:00.8,0,0.023,0.006,1.016
45:01.0,0,0.023,0.006,1.016
45:01.2,0,0.023,0.007,1.017
45:01.4,0,0.023,0.007,1.017
45:01.6,0,0.022,0.007,1.016
45:01.8,0,0.022,0.007,1.017
45:02.0,0,0.023,0.007,1.016
45:02.2,0,0.023,0.006,1.016
45:02.5,0,0.023,0.007,1.016
45:02.7,0,0.023,0.007,1.018
45:02.9,0,0.022,0.006,1.017
45:03.1,0,0.022,0.006,1.018
45:03.3,0,0.022,0.007,1.018
45:03.5,0,0.022,0.006,1.017
45:03.7,0,0.022,0.006,1.016
45:03.9,0,0.023,0.007,1.017
45:04.1,0,0.023,0.007,1.017
45:04.3,0,0.023,0.007,1.016
45:04.5,0,0.023,0.007,1.016
45:04.7,0,0.023,0.007,1.016
45:04.9,0,0.022,0.006,1.016
45:05.1,0,0.022,0.007,1.016
45:05.3,0,0.022,0.007,1.017
45:05.5,0,0.022,0.006,1.017
45:05.7,0,0.022,0.006,1.016
45:05.9,0,0.022,0.006,1.016
45:06.1,0,0.022,0.006,1.016
45:06.3,0,0.022,0.006,1.016
45:06.5,0,0.022,0.007,1.016
45:06.7,0,0.023,0.007,1.016
45:06.9,0,0.023,0.007,1.016
45:07.1,0,0.022,0.007,1.017
45:07.3,0,0.022,0.007,1.017
45:07.5,0,0.022,0.007,1.017
45:07.7,0,0.022,0.007,1.017
45:07.9,0,0.022,0.007,1.017
45:08.1,0,0.022,0.007,1.016
45:08.3,0,0.023,0.007,1.015
45:08.5,0,0.023,0.007,1.016
45:08.7,0,0.023,0.007,1.016
45:08.9,0,0.023,0.007,1.016
45:09.2,0,0.023,0.007,1.016
45:09.4,0,0.022,0.007,1.016
45:09.6,0,0.022,0.007,1.016
45:09.8,0,0.022,0.006,1.017
45:10.0,0,0.022,0.006,1.016
45:10.2,0,0.022,0.007,1.017
45:10.4,0,0.022,0.006,1.016
45:10.6,0,0.023,0.007,1.015
45:10.8,0,0.023,0.007,1.016
45:11.0,0,0.022,0.007,1.016
45:11.2,0,0.022,0.006,1.015
45:11.4,0,0.022,0.007,1.016
45:11.6,0,0.022,0.006,1.017
45:11.8,0,0.022,0.007,1.016
45:12.0,0,0.022,0.006,1.016
45:12.2,0,0.022,0.006,1.016
45:12.4,0,0.022,0.007,1.016
45:12.6,0,0.022,0.007,1.016
45:12.8,0,0.022,0.007,1.016
45:13.0,0,0.022,0.006,1.016
45:13.2,0,0.023,0.007,1.016
45:13.4,0,0.023,0.006,1.016
45:13.6,0,0.022,0.006,1.016
45:13.8,0,0.022,0.006,1.016
45:14.0,0,0.022,0.007,1.016
45:14.2,0,0.022,0.006,1.016
45:14.4,0,0.022,0.007,1.017
45:14.6,0,0.022,0.007,1.016
45:14.8,0,0.023,0.007,1.017
45:15.0,0,0.023,0.007,1.017
45:15.2,0,0.023,0.007,1.017
45:15.4,0,0.023,0.007,1.017
45:15.6,0,0.022,0.007,1.017
45:15.8,0,0.022,0.007,1.016
45:16.0,0,0.022,0.006,1.016
45:16.2,0,0.022,0.007,1.016
45:16.4,0,0.023,0.007,1.016
45:16.7,0,0.023,0.006,1.016
45:16.9,0,0.023,0.006,1.015
45:17.1,0,0.023,0.007,1.016
45:17.3,0,0.023,0.007,1.015
45:17.5,0,0.023,0.007,1.016
45:17.7,0,0.023,0.007,1.017
45:17.9,0,0.023,0.007,1.016
45:18.1,0,0.023,0.007,1.016
45:18.3,0,0.023,0.006,1.016
45:18.5,0,0.022,0.006,1.016
45:18.7,0,0.022,0.006,1.016
45:18.9,0,0.022,0.006,1.016
45:19.1,0,0.022,0.006,1.016
45:19.3,0,0.023,0.007,1.016
45:19.5,0,0.023,0.007,1.016
45:19.7,0,0.023,0.007,1.016
45:19.9,0,0.023,0.007,1.016
45:20.1,0,0.023,0.006,1.016
45:20.3,0,0.023,0.006,1.016
45:20.5,0,0.022,0.006,1.016
45:20.7,0,0.023,0.006,1.016
45:20.9,0,0.022,0.006,1.015
45:21.1,0,0.022,0.006,1.015
45:21.3,0,0.022,0.006,1.015
45:21.5,0,0.022,0.006,1.015
45:21.7,0,0.022,0.006,1.016
45:21.9,0,0.022,0.007,1.016
45:22.1,0,0.022,0.007,1.016
45:22.3,0,0.022,0.006,1.016
45:22.5,0,0.022,0.007,1.016
45:22.7,0,0.022,0.006,1.016
45:22.9,0,0.022,0.006,1.016
45:23.1,0,0.023,0.006,1.016
45:23.3,0,0.023,0.006,1.016
45:23.5,0,0.023,0.006,1.016
45:23.7,0,0.023,0.007,1.016
45:23.9,0,0.023,0.007,1.016
45:24.2,0,0.023,0.007,1.016
45:24.4,0,0.023,0.007,1.017
45:24.6,0,0.023,0.007,1.017
45:24.8,0,0.023,0.007,1.017
45:25.0,0,0.023,0.007,1.016
45:25.2,0,0.023,0.007,1.017
45:25.4,0,0.023,0.007,1.017
45:25.6,0,0.023,0.007,1.017
45:25.8,0,0.023,0.007,1.016
45:26.0,0,0.023,0.006,1.016
45:26.2,0,0.023,0.006,1.016
45:26.4,0,0.023,0.007,1.016
45:26.6,0,0.022,0.007,1.016
45:26.8,0,0.023,0.006,1.016
45:27.0,0,0.023,0.007,1.016
45:27.2,0,0.023,0.007,1.017
45:27.4,0,0.022,0.006,1.017
45:27.6,0,0.022,0.006,1.016
45:27.8,0,0.022,0.006,1.016
45:28.0,0,0.022,0.006,1.017
45:28.2,0,0.022,0.006,1.016
45:28.4,0,0.022,0.006,1.016
45:28.6,0,0.022,0.006,1.017
45:28.8,0,0.023,0.006,1.017
45:29.0,0,0.023,0.006,1.016
45:29.2,0,0.023,0.006,1.016
45:29.4,0,0.023,0.006,1.016
45:29.6,0,0.023,0.007,1.016
45:29.8,0,0.023,0.007,1.015
45:30.0,0,0.023,0.006,1.015
45:30.2,1,0.023,0.006,1.015
45:30.4,1,0.023,0.006,1.015
45:30.6,1,0.023,0.006,1.015
45:30.8,1,0.022,0.007,1.016
45:31.0,1,0.022,0.007,1.016
45:31.2,0,0.022,0.006,1.016
45:31.5,0,0.022,0.006,1.016
45:31.6,0,0.023,0.007,1.016
45:31.9,0,0.022,0.006,1.016
45:32.1,0,0.022,0.006,1.016
45:32.3,0,0.023,0.007,1.016
45:32.5,0,0.022,0.006,1.016
45:32.7,0,0.022,0.006,1.015
45:32.9,0,0.022,0.006,1.015
45:33.1,0,0.022,0.006,1.016
45:33.3,0,0.022,0.006,1.016
45:33.5,0,0.022,0.006,1.016
45:33.7,0,0.022,0.006,1.016
45:33.9,0,0.022,0.007,1.017
45:34.1,0,0.022,0.007,1.016
45:34.3,0,0.022,0.007,1.016
45:34.5,0,0.022,0.007,1.016
45:34.7,0,0.022,0.007,1.016
45:34.9,0,0.023,0.007,1.016
45:35.1,0,0.022,0.006,1.016
45:35.3,1,0.022,0.006,1.015
45:35.5,1,0.022,0.006,1.016
45:35.7,1,0.022,0.006,1.016
45:35.9,1,0.022,0.006,1.016
45:36.1,1,0.022,0.006,1.015
45:36.3,1,0.022,0.007,1.015
45:36.5,0,0.023,0.007,1.015
45:36.7,0,0.023,0.007,1.015
45:36.9,0,0.022,0.006,1.015
45:37.1,0,0.022,0.007,1.016
45:37.3,0,0.022,0.006,1.016
45:37.5,0,0.022,0.006,1.016
45:37.7,0,0.022,0.007,1.016
45:37.9,0,0.022,0.007,1.016
45:38.1,0,0.022,0.006,1.016
45:38.3,0,0.022,0.007,1.017
45:38.5,0,0.023,0.007,1.017
45:38.7,0,0.023,0.006,1.016
45:38.9,0,0.023,0.007,1.016
45:39.2,0,0.023,0.007,1.016
45:39.4,0,0.022,0.006,1.015
45:39.6,0,0.022,0.006,1.015
45:39.8,0,0.023,0.007,1.016
45:40.0,0,0.023,0.007,1.016
45:40.2,0,0.022,0.007,1.016
45:40.4,0,0.023,0.008,1.016
45:40.6,0,0.023,0.007,1.016
45:40.8,0,0.023,0.006,1.016
45:41.0,0,0.023,0.007,1.015
45:41.2,0,0.023,0.007,1.016
45:41.4,0,0.023,0.007,1.016
45:41.6,0,0.023,0.008,1.016
45:41.8,0,0.023,0.007,1.016
45:42.0,0,0.022,0.007,1.015
45:42.2,0,0.022,0.007,1.016
45:42.4,0,0.022,0.007,1.016
45:42.6,0,0.022,0.007,1.016
45:42.8,0,0.022,0.007,1.016
45:43.0,0,0.022,0.007,1.018
45:43.2,0,0.023,0.007,1.017
45:43.4,0,0.023,0.006,1.016
45:43.6,0,0.023,0.007,1.017
45:43.8,0,0.023,0.006,1.017
45:44.0,0,0.023,0.006,1.017
45:44.2,0,0.023,0.007,1.017
45:44.4,0,0.023,0.007,1.017
45:44.6,0,0.022,0.007,1.016
45:44.8,0,0.023,0.007,1.016
45:45.0,0,0.022,0.007,1.016
45:45.2,0,0.022,0.007,1.017
45:45.4,0,0.022,0.007,1.017
45:45.6,0,0.022,0.006,1.017
45:45.8,0,0.022,0.007,1.017
45:46.0,0,0.023,0.008,1.017
45:46.2,0,0.023,0.007,1.017
45:46.4,0,0.023,0.007,1.017
45:46.7,0,0.023,0.007,1.017
45:46.9,0,0.022,0.007,1.017
45:47.1,0,0.023,0.007,1.016
45:47.3,0,0.023,0.007,1.016
45:47.5,0,0.023,0.007,1.017
45:47.7,0,0.023,0.007,1.017
45:47.9,0,0.023,0.007,1.016
45:48.1,0,0.023,0.006,1.016
45:48.3,0,0.023,0.007,1.016
45:48.5,0,0.023,0.007,1.016
45:48.7,0,0.023,0.007,1.017
45:48.9,0,0.023,0.007,1.016
45:49.1,0,0.023,0.007,1.016
45:49.3,0,0.022,0.007,1.017
45:49.5,0,0.022,0.007,1.016
45:49.7,0,0.022,0.007,1.016
45:49.9,0,0.023,0.007,1.016
45:50.1,0,0.022,0.007,1.016
45:50.3,0,0.022,0.007,1.016
45:50.5,0,0.022,0.007,1.016
45:50.7,0,0.022,0.007,1.016
45:50.9,0,0.023,0.007,1.016
45:51.1,0,0.023,0.007,1.017
45:51.3,0,0.023,0.007,1.016
45:51.5,0,0.023,0.007,1.016
45:51.7,0,0.023,0.007,1.016
45:51.9,0,0.023,0.007,1.016
45:52.1,0,0.023,0.007,1.016
45:52.3,0,0.023,0.007,1.016
45:52.5,0,0.023,0.007,1.016
45:52.7,0,0.023,0.007,1.016
45:52.9,0,0.022,0.006,1.016
45:53.1,0,0.022,0.007,1.016
45:53.3,0,0.022,0.006,1.016
45:53.5,0,0.022,0.007,1.016
45:53.7,0,0.022,0.006,1.016
45:53.9,0,0.023,0.007,1.016
45:54.2,0,0.023,0.007,1.016
45:54.4,0,0.022,0.006,1.016
45:54.6,0,0.022,0.007,1.017
45:54.8,0,0.022,0.007,1.016
45:55.0,0,0.022,0.006,1.017
45:55.2,0,0.022,0.007,1.017
45:55.4,0,0.022,0.007,1.017
45:55.6,0,0.022,0.006,1.017
45:55.8,0,0.022,0.007,1.017
45:56.0,0,0.022,0.007,1.017
45:56.2,0,0.023,0.006,1.017
45:56.4,0,0.023,0.006,1.016
45:56.6,0,0.022,0.006,1.016
45:56.8,0,0.023,0.006,1.016
45:57.0,0,0.023,0.006,1.016
45:57.2,0,0.022,0.007,1.016
45:57.4,0,0.023,0.007,1.016
45:57.6,0,0.023,0.007,1.016
45:57.8,0,0.022,0.007,1.016
45:58.0,0,0.022,0.007,1.016
45:58.2,0,0.023,0.007,1.016
45:58.4,0,0.022,0.007,1.016
45:58.6,0,0.022,0.007,1.017
45:58.8,0,0.023,0.007,1.016
45:59.0,0,0.023,0.007,1.016
45:59.2,0,0.022,0.006,1.016
45:59.4,0,0.023,0.006,1.016
45:59.6,0,0.023,0.006,1.016
45:59.8,0,0.022,0.006,1.016
46:00.0,0,0.022,0.006,1.017
46:00.2,0,0.022,0.007,1.016
46:00.4,0,0.022,0.007,1.016
46:00.6,0,0.022,0.007,1.016
46:00.8,0,0.023,0.007,1.016
46:01.0,0,0.023,0.007,1.016
46:01.2,0,0.023,0.007,1.016
46:01.4,0,0.023,0.007,1.016
46:01.6,0,0.023,0.007,1.016
46:01.9,0,0.023,0.007,1.017
46:02.1,0,0.023,0.006,1.016
46:02.3,0,0.023,0.007,1.016
46:02.5,0,0.023,0.007,1.016
46:02.7,0,0.023,0.007,1.016
46:02.9,0,0.023,0.007,1.016
46:03.1,0,0.023,0.007,1.017
46:03.3,0,0.023,0.007,1.017
46:03.5,0,0.022,0.006,1.016
46:03.7,0,0.023,0.006,1.016
46:03.9,0,0.022,0.006,1.016
46:04.1,0,0.023,0.006,1.016
46:04.3,0,0.023,0.006,1.016
46:04.5,0,0.023,0.006,1.016
46:04.7,0,0.022,0.007,1.016
46:04.9,0,0.023,0.007,1.015
46:05.1,0,0.023,0.007,1.016
46:05.3,0,0.022,0.007,1.016
46:05.5,0,0.023,0.007,1.015
46:05.7,0,0.023,0.006,1.016
46:05.9,0,0.023,0.006,1.016
46:06.1,0,0.022,0.006,1.016
46:06.3,0,0.023,0.006,1.016
46:06.5,0,0.023,0.006,1.016
46:06.7,0,0.022,0.006,1.017
46:06.9,0,0.022,0.006,1.017
46:07.1,0,0.022,0.006,1.017
46:07.3,0,0.022,0.006,1.017
46:07.5,0,0.022,0.006,1.016
46:07.7,0,0.022,0.006,1.016
46:07.9,0,0.022,0.006,1.016
46:08.1,0,0.022,0.007,1.016
46:08.3,0,0.022,0.007,1.016
46:08.5,0,0.023,0.007,1.016
46:08.7,0,0.022,0.007,1.016
46:08.9,0,0.022,0.007,1.016
46:09.1,0,0.023,0.007,1.016
46:09.4,0,0.023,0.007,1.016
46:09.6,0,0.022,0.007,1.016
46:09.8,0,0.023,0.007,1.016
46:10.0,0,0.023,0.007,1.016
46:10.2,0,0.022,0.006,1.016
46:10.4,0,0.022,0.007,1.016
46:10.6,0,0.022,0.006,1.016
46:10.8,0,0.022,0.006,1.016
46:11.0,0,0.022,0.006,1.016
46:11.2,0,0.022,0.006,1.016
46:11.4,0,0.022,0.006,1.016
46:11.6,0,0.022,0.007,1.017
46:11.8,0,0.023,0.007,1.17
46:12.0,0,0.022,0.007,1.016
46:12.2,0,0.022,0.007,1.016
46:12.4,0,0.022,0.007,1.016
46:12.6,0,0.022,0.007,1.016
46:12.8,0,0.022,0.006,1.016
46:13.0,0,0.023,0.006,1.016
46:13.2,0,0.023,0.007,1.016
46:13.4,0,0.023,0.007,1.016
46:13.7,0,0.023,0.007,1.016
46:13.9,0,0.023,0.007,1.016
46:14.1,0,0.022,0.007,1.016
46:14.3,0,0.023,0.007,1.016
46:14.5,0,0.023,0.006,1.016
46:14.7,0,0.023,0.007,1.016
46:14.9,0,0.023,0.007,1.016
46:15.1,0,0.023,0.006,1.016
46:15.3,0,0.022,0.006,1.016
46:15.5,0,0.022,0.007,1.016
46:15.7,0,0.022,0.007,1.016
46:15.9,0,0.022,0.006,1.016
46:16.1,0,0.022,0.006,1.015
46:16.3,0,0.023,0.006,1.015
46:16.5,0,0.023,0.006,1.015
46:16.7,0,0.023,0.006,1.015
46:16.9,0,0.023,0.006,1.015
46:17.1,0,0.022,0.006,1.016
46:17.3,0,0.022,0.006,1.016
46:17.5,0,0.022,0.006,1.016
46:17.7,0,0.022,0.006,1.015
46:17.9,0,0.022,0.006,1.015
46:18.1,0,0.022,0.006,1.016
46:18.3,0,0.022,0.006,1.016
46:18.5,0,0.022,0.007,1.016
46:18.7,0,0.022,0.007,1.016
46:18.9,0,0.022,0.006,1.016
46:19.1,0,0.022,0.007,1.016
46:19.3,0,0.022,0.006,1.016
46:19.5,0,0.022,0.007,1.017
46:19.7,0,0.022,0.006,1.016
46:19.9,0,0.022,0.006,1.016
46:20.1,0,0.022,0.006,1.016
46:20.3,0,0.023,0.007,1.016
46:20.5,0,0.022,0.006,1.015
46:20.7,0,0.022,0.007,1.016
46:20.9,0,0.022,0.006,1.016
46:21.2,0,0.022,0.006,1.016
46:21.4,0,0.022,0.006,1.016
46:21.6,0,0.022,0.006,1.016
46:21.8,0,0.022,0.006,1.016
46:22.0,0,0.022,0.007,1.016
46:22.2,0,0.022,0.007,1.016
46:22.4,0,0.022,0.006,1.016
46:22.6,0,0.022,0.006,1.015
46:22.8,0,0.022,0.007,1.015
46:23.0,0,0.023,0.006,1.015
46:23.2,0,0.023,0.006,1.016
46:23.4,0,0.023,0.007,1.016
46:23.6,0,0.023,0.007,1.016
46:23.8,0,0.022,0.007,1.016
46:24.0,0,0.022,0.007,1.016
46:24.2,0,0.023,0.007,1.016
46:24.4,0,0.023,0.007,1.016
46:24.6,0,0.023,0.006,1.016
46:24.8,0,0.023,0.007,1.016
46:25.0,1,0.023,0.006,1.016
46:25.2,1,0.023,0.006,1.016
46:25.4,1,0.022,0.006,1.017
46:25.6,1,0.022,0.007,1.016
46:25.8,1,0.022,0.007,1.016
46:26.0,1,0.023,0.007,1.016
46:26.2,0,0.022,0.007,1.016
46:26.4,0,0.022,0.007,1.017
46:26.6,0,0.023,0.006,1.017
46:26.8,0,0.023,0.006,1.017
46:27.0,0,0.022,0.006,1.017
46:27.2,0,0.022,0.006,1.016
46:27.4,0,0.023,0.006,1.016
46:27.6,0,0.023,0.007,1.016
46:27.8,0,0.023,0.007,1.016
46:28.0,0,0.023,0.007,1.016
46:28.2,0,0.023,0.007,1.016
46:28.4,0,0.022,0.007,1.016
46:28.6,0,0.023,0.007,1.016
46:28.9,0,0.023,0.007,1.017
46:29.1,0,0.023,0.008,1.017
46:29.3,0,0.023,0.007,1.018
46:29.5,1,0.023,0.008,1.018
46:29.7,1,0.023,0.008,1.018
46:29.9,1,0.024,0.009,1.018
46:30.1,1,0.024,0.007,1.02
46:30.3,1,0.024,0.01,1.02
46:30.5,1,0.025,0.011,1.02
46:30.7,0,0.023,0.011,1.02
46:30.9,0,0.021,0.01,1.02
46:31.1,0,0.023,0.011,1.019
46:31.3,0,0.023,0.008,1.019
46:31.5,0,0.022,0.006,1.02
46:31.7,0,0.022,0.007,1.021
46:31.9,0,0.023,0.007,1.02
46:32.1,0,0.023,0.007,1.02
46:32.3,0,0.023,0.008,1.019
46:32.5,0,0.023,0.008,1.019
46:32.7,0,0.023,0.008,1.018
46:32.9,0,0.022,0.008,1.018
46:33.1,0,0.022,0.007,1.017
46:33.3,0,0.022,0.006,1.016
46:33.5,0,0.022,0.007,1.016
46:33.7,0,0.022,0.007,1.016
46:33.9,0,0.022,0.007,1.016
46:34.1,0,0.022,0.007,1.016
46:34.3,0,0.022,0.007,1.016
46:34.5,0,0.022,0.007,1.016
46:34.7,0,0.023,0.007,1.015
46:34.9,0,0.023,0.007,1.015
46:35.1,0,0.023,0.007,1.016
46:35.3,0,0.023,0.007,1.016
46:35.5,0,0.023,0.007,1.016
46:35.7,0,0.023,0.007,1.016
46:35.9,0,0.023,0.007,1.016
46:36.1,0,0.023,0.007,1.016
46:36.4,0,0.023,0.007,1.016
46:36.6,0,0.023,0.007,1.017
46:36.8,0,0.023,0.007,1.016
46:37.0,0,0.023,0.007,1.016
46:37.2,0,0.023,0.007,1.017
46:37.4,0,0.022,0.007,1.017
46:37.6,0,0.022,0.007,1.017
46:37.8,0,0.023,0.007,1.017
46:38.0,0,0.022,0.006,1.017
46:38.2,0,0.023,0.007,1.017
46:38.4,0,0.023,0.007,1.017
46:38.6,0,0.023,0.007,1.016
46:38.8,0,0.023,0.007,1.017
46:39.0,0,0.023,0.007,1.016
46:39.2,0,0.023,0.007,1.016
46:39.4,0,0.023,0.007,1.017
46:39.6,0,0.022,0.007,1.017
46:39.8,0,0.022,0.007,1.017
46:40.0,0,0.022,0.007,1.018
46:40.2,0,0.022,0.007,1.017
46:40.4,0,0.022,0.007,1.016
46:40.6,0,0.022,0.007,1.017
46:40.8,0,0.022,0.007,1.016
46:41.0,0,0.022,0.007,1.016
46:41.2,0,0.022,0.007,1.016
46:41.4,0,0.022,0.007,1.016
46:41.6,0,0.022,0.007,1.016
46:41.8,0,0.022,0.007,1.016
46:42.0,0,0.023,0.007,1.017
46:42.2,0,0.022,0.007,1.017
46:42.4,0,0.023,0.007,1.017
46:42.6,0,0.023,0.008,1.017
46:42.8,0,0.023,0.008,1.017
46:43.0,0,0.023,0.007,1.017
46:43.2,0,0.023,0.007,1.017
46:43.5,0,0.023,0.007,1.016
46:43.7,0,0.023,0.007,1.016
46:43.9,0,0.023,0.007,1.016
46:44.1,0,0.022,0.007,1.016
46:44.3,0,0.022,0.007,1.017
46:44.5,0,0.022,0.007,1.017
46:44.7,0,0.023,0.007,1.017
46:44.9,0,0.022,0.007,1.016
46:45.1,0,0.022,0.007,1.016
46:45.3,0,0.022,0.007,1.015
46:45.5,0,0.022,0.008,1.016
46:45.7,0,0.022,0.007,1.016
46:45.9,0,0.022,0.008,1.016
46:46.1,0,0.023,0.008,1.016
46:46.3,0,0.023,0.007,1.016
46:46.5,0,0.023,0.007,1.016
46:46.7,0,0.023,0.007,1.017
46:46.9,0,0.022,0.007,1.016
46:47.1,0,0.022,0.007,1.016
46:47.3,0,0.023,0.007,1.016
46:47.5,0,0.022,0.007,1.016
46:47.7,0,0.023,0.007,1.016
46:47.9,0,0.023,0.007,1.016
46:48.1,0,0.023,0.007,1.016
46:48.3,0,0.022,0.007,1.016
46:48.5,0,0.022,0.007,1.016
46:48.7,0,0.022,0.007,1.016
46:48.9,0,0.022,0.007,1.016
46:49.1,0,0.023,0.007,1.016
46:49.3,0,0.023,0.007,1.015
46:49.5,0,0.023,0.007,1.015
46:49.7,0,0.022,0.007,1.016
46:49.9,0,0.022,0.007,1.016
46:50.1,0,0.022,0.007,1.017
46:50.4,0,0.022,0.007,1.017
46:50.6,0,0.022,0.007,1.017
46:50.8,0,0.022,0.007,1.016
46:51.0,0,0.022,0.007,1.016
46:51.2,0,0.022,0.007,1.016
46:51.4,0,0.022,0.007,1.016
46:51.6,0,0.023,0.007,1.016
46:51.8,0,0.023,0.007,1.016
46:52.0,0,0.023,0.007,1.016
46:52.2,0,0.023,0.007,1.017
46:52.4,0,0.023,0.007,1.017
46:52.6,0,0.022,0.007,1.017
46:52.8,0,0.023,0.007,1.017
46:53.0,0,0.023,0.007,1.017
46:53.2,0,0.023,0.007,1.017
46:53.4,0,0.023,0.007,1.017
46:53.6,0,0.023,0.007,1.016
46:53.8,0,0.022,0.007,1.016
46:54.0,0,0.022,0.007,1.016
46:54.2,0,0.022,0.007,1.016
46:54.4,0,0.022,0.007,1.016
46:54.6,0,0.023,0.007,1.016
46:54.8,0,0.023,0.007,1.016
46:55.0,0,0.023,0.007,1.016
46:55.2,0,0.023,0.007,1.016
46:55.4,0,0.023,0.007,1.016
46:55.6,0,0.023,0.007,1.016
46:55.8,0,0.023,0.007,1.016
46:56.0,0,0.023,0.007,1.016
46:56.2,0,0.023,0.007,1.016
46:56.4,0,0.023,0.007,1.015
46:56.6,0,0.023,0.007,1.016
46:56.8,0,0.023,0.007,1.016
46:57.0,0,0.023,0.007,1.016
46:57.2,0,0.023,0.007,1.016
46:57.4,0,0.023,0.007,1.016
46:57.6,0,0.023,0.007,1.016
46:57.9,0,0.023,0.007,1.015
46:58.1,0,0.023,0.007,1.016
46:58.3,0,0.023,0.007,1.016
46:58.5,0,0.023,0.007,1.015
46:58.7,0,0.023,0.007,1.016
46:58.9,0,0.023,0.007,1.016
46:59.1,0,0.023,0.007,1.016
46:59.3,0,0.023,0.007,1.016
46:59.5,0,0.023,0.007,1.016
46:59.7,0,0.023,0.007,1.016
46:59.9,0,0.023,0.007,1.016
47:00.1,0,0.023,0.007,1.016
47:00.3,0,0.023,0.007,1.016
47:00.5,0,0.023,0.007,1.017
47:00.7,0,0.023,0.007,1.016
47:00.9,0,0.023,0.007,1.016
47:01.1,0,0.023,0.007,1.016
47:01.3,0,0.023,0.007,1.017
47:01.5,0,0.023,0.007,1.016
47:01.7,0,0.023,0.007,1.017
47:01.9,0,0.023,0.007,1.017
47:02.1,0,0.023,0.007,1.017
47:02.3,0,0.023,0.007,1.017
47:02.5,0,0.023,0.007,1.016
47:02.7,0,0.023,0.007,1.016
47:02.9,0,0.022,0.007,1.016
47:03.1,0,0.022,0.007,1.016
47:03.3,0,0.023,0.007,1.016
47:03.5,0,0.023,0.007,1.016
47:03.7,0,0.023,0.007,1.016
47:03.9,0,0.023,0.007,1.016
47:04.1,0,0.023,0.007,1.016
47:04.3,0,0.023,0.007,1.016
47:04.5,0,0.023,0.007,1.016
47:04.7,0,0.023,0.007,1.016
47:04.9,0,0.023,0.007,1.016
47:05.1,0,0.023,0.007,1.016
47:05.4,0,0.023,0.007,1.016
47:05.6,0,0.023,0.007,1.016
47:05.8,0,0.023,0.007,1.016
47:06.0,0,0.023,0.007,1.016
47:06.2,0,0.023,0.007,1.016
47:06.4,0,0.023,0.007,1.016
47:06.6,0,0.023,0.007,1.016
47:06.8,0,0.023,0.007,1.016
47:07.0,0,0.023,0.007,1.016
47:07.2,0,0.023,0.007,1.016
47:07.4,0,0.022,0.007,1.016
47:07.6,0,0.023,0.007,1.017
47:07.8,0,0.023,0.007,1.017
47:08.0,0,0.023,0.007,1.017
47:08.2,0,0.023,0.007,1.017
47:08.4,0,0.023,0.007,1.016
47:08.6,0,0.023,0.007,1.016
47:08.8,0,0.023,0.007,1.016
47:09.0,0,0.023,0.007,1.016
47:09.2,0,0.023,0.007,1.017
47:09.4,0,0.023,0.007,1.017
47:09.6,0,0.023,0.007,1.017
47:09.8,0,0.023,0.007,1.017
47:10.0,0,0.023,0.007,1.017
47:10.2,0,0.023,0.007,1.017
47:10.4,0,0.023,0.007,1.017
47:10.6,0,0.022,0.007,1.016
47:10.8,0,0.022,0.007,1.016
47:11.0,0,0.022,0.007,1.016
47:11.2,0,0.022,0.007,1.016
47:11.4,0,0.022,0.007,1.016
47:11.6,0,0.022,0.007,1.016
47:11.8,0,0.022,0.007,1.017
47:12.0,0,0.022,0.007,1.016
47:12.2,0,0.023,0.007,1.017
47:12.4,0,0.023,0.007,1.017
47:12.6,0,0.023,0.007,1.016
47:12.8,0,0.023,0.007,1.016
47:13.1,0,0.023,0.007,1.016
47:13.3,0,0.022,0.007,1.016
47:13.5,0,0.022,0.008,1.016
47:13.7,0,0.023,0.007,1.016
47:13.9,0,0.023,0.008,1.016
47:14.1,0,0.023,0.007,1.016
47:14.3,0,0.023,0.007,1.016
47:14.5,0,0.023,0.007,1.016
47:14.7,0,0.022,0.007,1.016
47:14.9,0,0.022,0.007,1.015
47:15.1,0,0.023,0.007,1.015
47:15.3,0,0.023,0.007,1.016
47:15.5,0,0.022,0.007,1.016
47:15.7,0,0.023,0.007,1.016
47:15.9,0,0.023,0.007,1.016
47:16.1,0,0.023,0.007,1.016
47:16.3,0,0.023,0.007,1.016
47:16.5,0,0.023,0.007,1.016
47:16.7,0,0.023,0.007,1.016
47:16.9,0,0.023,0.007,1.016
47:17.1,0,0.023,0.007,1.017
47:17.3,0,0.023,0.007,1.017
47:17.5,0,0.023,0.007,1.017
47:17.7,0,0.023,0.008,1.017
47:17.9,0,0.023,0.008,1.016
47:18.1,0,0.023,0.007,1.016
47:18.3,0,0.023,0.008,1.017
47:18.5,0,0.023,0.007,1.016
47:18.7,0,0.023,0.007,1.016
47:18.9,0,0.023,0.008,1.017
47:19.1,0,0.023,0.008,1.017
47:19.3,0,0.023,0.008,1.016
47:19.5,0,0.023,0.008,1.016
47:19.7,0,0.023,0.008,1.016
47:19.9,0,0.023,0.008,1.016
47:20.1,0,0.023,0.008,1.016
47:20.3,0,0.023,0.008,1.016
47:20.6,0,0.023,0.008,1.017
47:20.8,0,0.023,0.008,1.017
47:21.0,0,0.023,0.008,1.017
47:21.2,0,0.023,0.008,1.017
47:21.4,0,0.023,0.008,1.017
47:21.6,0,0.023,0.008,1.016
47:21.8,0,0.023,0.008,1.017
47:22.0,0,0.023,0.008,1.017
47:22.2,0,0.023,0.007,1.017
47:22.4,0,0.023,0.008,1.017
47:22.6,0,0.023,0.007,1.017
47:22.8,0,0.023,0.007,1.016
47:23.0,0,0.023,0.007,1.016
47:23.2,0,0.023,0.007,1.016
47:23.4,0,0.023,0.008,1.017
47:23.6,0,0.023,0.008,1.017
47:23.8,0,0.023,0.008,1.017
47:24.0,0,0.023,0.008,1.017
47:24.2,0,0.023,0.008,1.017
47:24.4,0,0.023,0.008,1.016
47:24.6,0,0.023,0.008,1.017
47:24.8,0,0.023,0.009,1.017
47:25.0,0,0.023,0.008,1.017
47:25.2,0,0.023,0.008,1.017
47:25.4,0,0.023,0.009,1.017
47:25.6,0,0.023,0.008,1.017
47:25.8,0,0.023,0.008,1.017
47:26.0,0,0.023,0.008,1.017
47:26.2,0,0.023,0.008,1.017
47:26.4,0,0.023,0.008,1.016
47:26.6,0,0.023,0.008,1.016
47:26.8,0,0.022,0.008,1.016
47:27.0,0,0.023,0.008,1.016
47:27.2,0,0.022,0.008,1.016
47:27.4,0,0.023,0.008,1.015
47:27.6,0,0.023,0.008,1.015
47:27.8,0,0.023,0.008,1.015
47:28.1,0,0.023,0.008,1.015
47:28.3,0,0.023,0.008,1.016
47:28.5,0,0.023,0.008,1.016
47:28.7,0,0.022,0.008,1.016
47:28.9,0,0.022,0.008,1.016
47:29.1,0,0.023,0.008,1.015
47:29.3,0,0.023,0.008,1.015
47:29.5,0,0.023,0.008,1.016
47:29.7,0,0.023,0.008,1.016
47:29.9,0,0.023,0.009,1.016
47:30.1,0,0.023,0.009,1.016
47:30.3,0,0.023,0.008,1.015
47:30.5,0,0.023,0.008,1.016
47:30.7,0,0.023,0.008,1.016
47:30.9,0,0.023,0.008,1.016
47:31.1,0,0.022,0.008,1.016
47:31.3,0,0.023,0.008,1.016
47:31.5,0,0.022,0.008,1.016
47:31.7,0,0.023,0.008,1.016
47:31.9,0,0.022,0.008,1.016
47:32.1,0,0.022,0.008,1.016
47:32.3,0,0.022,0.008,1.016
47:32.5,0,0.023,0.008,1.016
47:32.7,0,0.023,0.008,1.016
47:32.9,0,0.023,0.008,1.016
47:33.1,0,0.023,0.008,1.015
47:33.3,0,0.023,0.008,1.015
47:33.5,0,0.023,0.008,1.015
47:33.7,0,0.023,0.008,1.015
47:33.9,0,0.023,0.008,1.015
47:34.1,0,0.023,0.008,1.016
47:34.3,0,0.023,0.008,1.016
47:34.5,0,0.023,0.008,1.016
47:34.7,0,0.023,0.008,1.016
47:34.9,0,0.023,0.008,1.017
47:35.1,0,0.023,0.008,1.017
47:35.4,0,0.023,0.008,1.016
47:35.6,0,0.023,0.008,1.016
47:35.8,0,0.023,0.008,1.016
47:36.0,0,0.023,0.008,1.016
47:36.2,0,0.023,0.008,1.016
47:36.4,0,0.023,0.008,1.017
47:36.6,0,0.023,0.008,1.017
47:36.8,0,0.023,0.008,1.017
47:37.0,0,0.023,0.008,1.017
47:37.2,0,0.023,0.008,1.016
47:37.4,0,0.023,0.008,1.017
47:37.6,0,0.023,0.008,1.017
47:37.8,0,0.023,0.008,1.017
47:38.0,0,0.023,0.008,1.017
47:38.2,0,0.023,0.008,1.016
47:38.4,0,0.023,0.008,1.016
47:38.6,0,0.023,0.008,1.016
47:38.8,0,0.023,0.008,1.016
47:39.0,0,0.023,0.008,1.016
47:39.2,0,0.023,0.008,1.016
47:39.4,0,0.023,0.008,1.016
47:39.6,0,0.023,0.008,1.016
47:39.8,0,0.023,0.008,1.016
47:40.0,0,0.023,0.008,1.016
47:40.2,0,0.023,0.008,1.016
47:40.4,0,0.023,0.008,1.015
47:40.6,0,0.023,0.008,1.015
47:40.8,0,0.023,0.008,1.016
47:41.0,0,0.023,0.008,1.015
47:41.2,0,0.023,0.008,1.016
47:41.4,0,0.023,0.008,1.016
47:41.6,0,0.023,0.008,1.016
47:41.8,0,0.023,0.009,1.016
47:42.0,0,0.023,0.008,1.016
47:42.2,0,0.023,0.008,1.016
47:42.5,0,0.023,0.008,1.016
47:42.7,0,0.023,0.008,1.016
47:42.9,0,0.023,0.008,1.016
47:43.1,0,0.023,0.008,1.016
47:43.3,0,0.023,0.008,1.017
47:43.5,0,0.023,0.008,1.017
47:43.7,0,0.023,0.008,1.017
47:43.9,0,0.023,0.008,1.017
47:44.1,0,0.023,0.008,1.016
47:44.3,0,0.023,0.008,1.015
47:44.5,0,0.023,0.008,1.015
47:44.7,0,0.023,0.008,1.015
47:44.9,0,0.023,0.008,1.014
47:45.1,0,0.023,0.008,1.015
47:45.3,0,0.023,0.008,1.015
47:45.5,0,0.023,0.008,1.015
47:45.7,0,0.023,0.008,1.015
47:45.9,0,0.023,0.009,1.015
47:46.1,0,0.023,0.008,1.016
47:46.3,0,0.023,0.008,1.015
47:46.5,0,0.023,0.008,1.015
47:46.7,0,0.023,0.008,1.016
47:46.9,0,0.023,0.008,1.017
47:47.1,0,0.022,0.008,1.017
47:47.3,0,0.022,0.008,1.017
47:47.5,0,0.023,0.008,1.016
47:47.7,0,0.022,0.007,1.017
47:47.9,0,0.022,0.008,1.016
47:48.1,0,0.022,0.008,1.016
47:48.3,0,0.023,0.008,1.015
47:48.5,0,0.022,0.008,1.015
47:48.7,0,0.023,0.008,1.015
47:48.9,0,0.023,0.008,1.014
47:49.1,0,0.023,0.008,1.015
47:49.4,0,0.023,0.008,1.015
47:49.6,0,0.023,0.008,1.015
47:49.8,0,0.023,0.008,1.016
47:50.0,0,0.023,0.009,1.016
47:50.2,0,0.023,0.008,1.015
47:50.4,0,0.023,0.009,1.015
47:50.6,0,0.023,0.008,1.015
47:50.8,0,0.023,0.008,1.015
47:51.0,0,0.023,0.008,1.015
47:51.2,0,0.023,0.008,1.015
47:51.4,0,0.023,0.008,1.015
47:51.6,0,0.023,0.008,1.016
47:51.8,0,0.023,0.008,1.016
47:52.0,0,0.023,0.008,1.016
47:52.2,0,0.023,0.008,1.017
47:52.4,0,0.023,0.008,1.017
47:52.6,0,0.023,0.009,1.017
47:52.8,0,0.023,0.008,1.017
47:53.0,0,0.023,0.008,1.016
47:53.2,0,0.023,0.008,1.016
47:53.4,0,0.023,0.008,1.016
47:53.6,0,0.023,0.008,1.016
47:53.8,0,0.023,0.008,1.016
47:54.0,0,0.023,0.008,1.016
47:54.2,0,0.023,0.008,1.016
47:54.4,0,0.023,0.008,1.016
47:54.6,0,0.023,0.008,1.016
47:54.8,0,0.023,0.009,1.016
47:55.0,0,0.023,0.008,1.016
47:55.2,0,0.023,0.008,1.016
47:55.4,0,0.022,0.008,1.016
47:55.6,0,0.023,0.008,1.016
47:55.8,0,0.023,0.008,1.016
47:56.0,0,0.023,0.008,1.016
47:56.2,0,0.023,0.008,1.016
47:56.4,0,0.023,0.008,1.017
47:56.6,0,0.023,0.008,1.017
47:56.9,0,0.023,0.008,1.017
47:57.1,0,0.023,0.008,1.017
47:57.3,0,0.023,0.008,1.017
47:57.5,0,0.023,0.008,1.017
47:57.7,0,0.023,0.008,1.017
47:57.9,0,0.023,0.008,1.017
47:58.1,0,0.023,0.008,1.017
47:58.3,0,0.023,0.008,1.016
47:58.5,0,0.023,0.008,1.016
47:58.7,0,0.023,0.008,1.016
47:58.9,0,0.023,0.008,1.016
47:59.1,0,0.023,0.008,1.016
47:59.3,0,0.023,0.008,1.016
47:59.5,0,0.023,0.008,1.016
47:59.7,0,0.023,0.008,1.016
47:59.9,0,0.023,0.008,1.016
48:00.1,0,0.023,0.008,1.016
48:00.3,0,0.022,0.008,1.016
48:00.5,0,0.022,0.008,1.017
48:00.7,0,0.023,0.008,1.016
48:00.9,0,0.023,0.008,1.016
48:01.1,0,0.023,0.008,1.016
48:01.3,0,0.023,0.008,1.016
48:01.5,0,0.023,0.008,1.015
48:01.7,0,0.023,0.008,1.015
48:01.9,0,0.023,0.008,1.016
48:02.1,0,0.023,0.008,1.016
48:02.3,0,0.023,0.008,1.016
48:02.5,0,0.023,0.008,1.016
48:02.7,0,0.023,0.008,1.016
48:02.9,0,0.023,0.008,1.016
48:03.1,0,0.023,0.008,1.016
48:03.3,0,0.022,0.008,1.016
48:03.5,0,0.022,0.008,1.016
48:03.7,0,0.022,0.008,1.017
48:03.9,0,0.022,0.008,1.017
48:04.1,0,0.022,0.008,1.017
48:04.4,0,0.022,0.008,1.017
48:04.6,0,0.022,0.008,1.017
48:04.8,0,0.022,0.008,1.017
48:05.0,0,0.022,0.008,1.017
48:05.2,0,0.022,0.008,1.017
48:05.4,0,0.022,0.008,1.017
48:05.6,0,0.022,0.008,1.017
48:05.8,0,0.023,0.009,1.017
48:06.0,0,0.022,0.008,1.017
48:06.2,0,0.023,0.008,1.017
48:06.4,0,0.023,0.008,1.017
48:06.6,1,0.023,0.008,1.016
48:06.8,1,0.023,0.008,1.016
48:07.0,1,0.023,0.008,1.016
48:07.2,1,0.023,0.008,1.016
48:07.4,1,0.023,0.008,1.016
48:07.6,0,0.023,0.008,1.016
48:07.8,0,0.023,0.008,1.017
48:08.0,0,0.023,0.008,1.016
48:08.2,0,0.022,0.008,1.016
48:08.4,0,0.022,0.008,1.017
48:08.6,0,0.022,0.008,1.017
48:08.8,0,0.023,0.008,1.016
48:09.0,0,0.023,0.008,1.016
48:09.2,0,0.023,0.008,1.016
48:09.4,0,0.023,0.008,1.016
48:09.6,0,0.023,0.008,1.016
48:09.8,0,0.022,0.008,1.016
48:10.0,0,0.023,0.008,1.016
48:10.2,0,0.022,0.008,1.016
48:10.4,0,0.022,0.008,1.016
48:10.6,0,0.023,0.008,1.016
48:10.8,0,0.023,0.008,1.016
48:11.0,0,0.023,0.008,1.016
48:11.2,0,0.023,0.008,1.016
48:11.4,0,0.023,0.008,1.016
48:11.7,0,0.023,0.008,1.016
48:11.9,0,0.023,0.008,1.017
48:12.1,0,0.023,0.007,1.016
48:12.3,0,0.023,0.007,1.016
48:12.5,0,0.023,0.008,1.016
48:12.7,0,0.023,0.008,1.016
48:12.9,0,0.023,0.008,1.015
48:13.1,0,0.018,0.012,1.03
48:13.3,0,0.02,0.012,1.019
48:13.5,0,0.02,0.013,1.013
48:13.7,0,0.02,0.014,1.01
48:13.9,0,0.021,0.015,1.01
48:14.1,0,0.025,0.01,0.997
48:14.3,0,0.023,0.01,1.01
48:14.5,0,0.022,0.009,1.016
48:14.7,0,0.022,0.008,1.018
48:14.9,0,0.021,0.008,1.019
48:15.1,0,0.022,0.008,1.017
48:15.3,0,0.022,0.008,1.016
48:15.5,0,0.023,0.008,1.015
48:15.7,0,0.023,0.008,1.016
48:15.9,0,0.023,0.008,1.017
48:16.1,0,0.023,0.008,1.017
48:16.3,0,0.023,0.008,1.017
48:16.5,0,0.023,0.008,1.016
48:16.7,0,0.023,0.008,1.016
48:16.9,0,0.023,0.008,1.016
48:17.1,0,0.023,0.008,1.016
48:17.3,0,0.023,0.008,1.016
48:17.5,0,0.023,0.008,1.016
48:17.7,0,0.023,0.008,1.015
48:17.9,0,0.023,0.008,1.015
48:18.1,0,0.023,0.008,1.016
48:18.3,0,0.022,0.008,1.015
48:18.5,0,0.022,0.008,1.015
48:18.7,0,0.022,0.008,1.016
48:19.0,0,0.022,0.008,1.016
48:19.2,0,0.022,0.008,1.016
48:19.4,0,0.022,0.008,1.016
48:19.6,0,0.022,0.008,1.016
48:19.8,0,0.022,0.008,1.016
48:20.0,0,0.023,0.008,1.016
48:20.2,0,0.023,0.008,1.016
48:20.4,0,0.023,0.008,1.015
48:20.6,0,0.023,0.008,1.016
48:20.8,0,0.023,0.008,1.016
48:21.0,0,0.022,0.008,1.015
48:21.2,0,0.023,0.008,1.016
48:21.4,0,0.023,0.008,1.015
48:21.6,0,0.022,0.007,1.017
48:21.8,0,0.023,0.009,1.018
48:22.0,0,0.023,0.009,1.018
48:22.2,0,0.022,0.007,1.018
48:22.4,0,0.022,0.008,1.019
48:22.6,0,0.022,0.008,1.017
48:22.8,0,0.021,0.006,1.016
48:23.0,0,0.022,0.007,1.017
48:23.2,0,0.022,0.007,1.016
48:23.4,0,0.022,0.006,1.015
48:23.6,0,0.023,0.008,1.015
48:23.8,0,0.023,0.007,1.015
48:24.0,0,0.023,0.007,1.015
48:24.2,0,0.022,0.007,1.016
48:24.4,0,0.022,0.007,1.016
48:24.6,0,0.022,0.008,1.016
48:24.8,0,0.023,0.008,1.016
48:25.0,0,0.022,0.008,1.016
48:25.2,0,0.022,0.008,1.016
48:25.4,0,0.022,0.008,1.016
48:25.6,0,0.022,0.007,1.016
48:25.8,0,0.022,0.008,1.016
48:26.1,0,0.022,0.008,1.016
48:26.3,0,0.022,0.008,1.016
48:26.5,0,0.022,0.008,1.016
48:26.7,0,0.022,0.008,1.016
48:26.9,0,0.022,0.007,1.016
48:27.1,0,0.022,0.008,1.016
48:27.3,0,0.022,0.007,1.016
48:27.5,0,0.022,0.007,1.016
48:27.7,0,0.022,0.008,1.016
48:27.9,0,0.022,0.008,1.016
48:28.1,0,0.022,0.007,1.016
48:28.3,0,0.022,0.008,1.016
48:28.5,0,0.022,0.008,1.016
48:28.7,0,0.022,0.007,1.016
48:28.9,0,0.022,0.008,1.016
48:29.1,0,0.022,0.008,1.016
48:29.3,0,0.022,0.007,1.016
48:29.5,0,0.022,0.007,1.016
48:29.7,0,0.022,0.008,1.016
48:29.9,0,0.022,0.008,1.017
48:30.1,0,0.022,0.008,1.017
48:30.3,0,0.022,0.008,1.017
48:30.5,0,0.022,0.008,1.017
48:30.7,0,0.022,0.008,1.016
48:30.9,0,0.022,0.007,1.016
48:31.1,0,0.022,0.007,1.016
48:31.3,0,0.022,0.007,1.016
48:31.5,0,0.022,0.007,1.016
48:31.7,0,0.022,0.007,1.016
48:31.9,0,0.023,0.008,1.016
48:32.1,0,0.023,0.008,1.017
48:32.3,0,0.023,0.008,1.017
48:32.5,0,0.022,0.008,1.016
48:32.7,0,0.022,0.008,1.016
48:32.9,0,0.022,0.008,1.016
48:33.1,0,0.022,0.007,1.016
48:33.4,0,0.023,0.008,1.016
48:33.6,0,0.023,0.008,1.016
48:33.8,0,0.023,0.008,1.016
48:34.0,0,0.023,0.008,1.015
48:34.2,0,0.023,0.008,1.015
48:34.4,0,0.023,0.008,1.016
48:34.6,0,0.023,0.008,1.016
48:34.8,0,0.023,0.008,1.015
48:35.0,0,0.023,0.008,1.016
48:35.2,0,0.022,0.008,1.017
48:35.4,0,0.023,0.008,1.015
48:35.6,0,0.022,0.008,1.014
48:35.8,0,0.022,0.008,1.015
48:36.0,0,0.022,0.008,1.015
48:36.2,0,0.022,0.007,1.014
48:36.4,0,0.022,0.007,1.015
48:36.6,0,0.022,0.008,1.015
48:36.8,0,0.022,0.007,1.015
48:37.0,0,0.022,0.008,1.016
48:37.2,0,0.023,0.008,1.016
48:37.4,0,0.022,0.008,1.016
48:37.6,0,0.022,0.008,1.016
48:37.8,0,0.023,0.008,1.016
48:38.0,0,0.023,0.008,1.015
48:38.2,0,0.022,0.008,1.017
48:38.4,1,0.022,0.007,1.016
48:38.6,1,0.022,0.007,1.015
48:38.8,1,0.022,0.007,1.016
48:39.0,1,0.021,0.007,1.016
48:39.2,1,0.022,0.007,1.015
48:39.4,0,0.022,0.007,1.015
48:39.6,0,0.022,0.008,1.016
48:39.8,0,0.022,0.008,1.015
48:40.0,0,0.023,0.008,1.016
48:40.2,0,0.023,0.008,1.016
48:40.5,0,0.022,0.007,1.016
48:40.7,0,0.023,0.008,1.016
48:40.9,0,0.022,0.007,1.016
48:41.1,0,0.022,0.007,1.016
48:41.3,0,0.023,0.007,1.016
48:41.5,0,0.023,0.008,1.016
48:41.7,0,0.022,0.007,1.015
48:41.9,0,0.022,0.008,1.015
48:42.1,0,0.022,0.008,1.015
48:42.3,0,0.022,0.008,1.015
48:42.5,0,0.022,0.008,1.015
48:42.7,0,0.022,0.008,1.015
48:42.9,0,0.022,0.008,1.015
48:43.1,0,0.022,0.007,1.015
48:43.3,0,0.022,0.008,1.015
48:43.5,0,0.022,0.008,1.015
48:43.7,0,0.022,0.008,1.015
48:43.9,0,0.022,0.008,1.015
48:44.1,0,0.022,0.008,1.015
48:44.3,0,0.022,0.008,1.016
48:44.5,0,0.023,0.007,1.016
48:44.7,0,0.023,0.007,1.016
48:44.9,1,0.023,0.007,1.015
48:45.1,1,0.023,0.008,1.019
48:45.3,1,0.022,0.009,1.019
48:45.5,1,0.022,0.009,1.018
48:45.7,1,0.022,0.009,1.018
48:45.9,1,0.022,0.009,1.018
48:46.1,0,0.022,0.008,1.015
48:46.3,0,0.023,0.008,1.014
48:46.5,0,0.022,0.007,1.014
48:46.7,0,0.022,0.007,1.014
48:46.9,0,0.022,0.007,1.014
48:47.1,0,0.022,0.007,1.014
48:47.3,0,0.022,0.007,1.014
48:47.6,0,0.022,0.007,1.015
48:47.8,0,0.022,0.007,1.015
48:48.0,0,0.022,0.008,1.015
48:48.2,0,0.022,0.008,1.015
48:48.4,0,0.022,0.008,1.015
48:48.6,0,0.022,0.008,1.015
48:48.8,0,0.022,0.008,1.015
48:49.0,0,0.022,0.008,1.015
48:49.2,0,0.022,0.008,1.015
48:49.4,0,0.022,0.008,1.015
48:49.6,0,0.022,0.008,1.015
48:49.8,0,0.022,0.008,1.016
48:50.0,0,0.022,0.008,1.016
48:50.2,0,0.022,0.008,1.017
48:50.4,0,0.022,0.008,1.016
48:50.6,0,0.023,0.008,1.014
48:50.8,0,0.023,0.008,1.015
48:51.0,0,0.023,0.008,1.015
48:51.2,0,0.023,0.007,1.013
48:51.4,0,0.023,0.008,1.015
48:51.6,0,0.022,0.008,1.017
48:51.8,0,0.023,0.007,1.015
48:52.0,0,0.023,0.008,1.016
48:52.2,0,0.023,0.008,1.017
48:52.4,0,0.023,0.008,1.017
48:52.6,0,0.023,0.008,1.016
48:52.8,0,0.022,0.008,1.016
48:53.0,0,0.022,0.008,1.016
48:53.3,0,0.022,8,1.016
48:53.5,0,0.022,0.008,1.015
48:53.7,0,0.022,0.007,1.016
48:53.9,0,0.022,0.007,1.016
48:54.1,0,0.022,0.007,1.016
48:54.3,0,0.022,0.007,1.015
48:54.5,0,0.022,0.007,1.016
48:54.7,0,0.023,0.008,1.016
48:54.9,0,0.023,0.008,1.016
48:55.1,0,0.023,0.008,1.016
48:55.3,0,0.023,0.008,1.016
48:55.5,0,0.023,0.008,1.016
48:55.7,0,0.023,0.007,1.015
48:55.9,0,0.022,0.007,1.015
48:56.1,0,0.022,0.007,1.015
48:56.3,0,0.022,0.007,1.015
48:56.5,0,0.022,0.007,1.015
48:56.7,0,0.022,0.007,1.016
48:56.9,0,0.022,0.008,1.016
48:57.1,0,0.022,0.008,1.016
48:57.3,0,0.022,0.008,1.015
48:57.5,0,0.022,0.008,1.015
48:57.7,0,0.022,0.008,1.015
48:57.9,0,0.022,0.008,1.015
48:58.1,0,0.022,0.008,1.015
48:58.3,0,0.022,0.008,1.015
48:58.5,0,0.023,0.008,1.015
48:58.7,0,0.023,0.008,1.015
48:58.9,0,0.023,0.008,1.015
48:59.1,0,0.023,0.008,1.016
48:59.4,0,0.023,0.008,1.016
48:59.6,0,0.022,0.007,1.016
48:59.8,0,0.022,0.008,1.016
49:00.0,0,0.022,0.007,1.016
49:00.2,0,0.022,0.007,1.016
49:00.4,0,0.022,0.007,1.017
49:00.6,0,0.022,0.007,1.017
49:00.8,0,0.022,0.007,1.017
49:01.0,0,0.022,0.007,1.017
49:01.2,0,0.022,0.007,1.017
49:01.4,0,0.022,0.007,1.016
49:01.6,0,0.023,0.007,1.016
49:01.8,0,0.023,0.007,1.016
49:02.0,0,0.023,0.007,1.015
49:02.2,0,0.023,0.008,1.015
49:02.4,0,0.022,0.007,1.015
49:02.6,0,0.022,0.008,1.015
49:02.8,0,0.022,0.008,1.015
49:03.0,0,0.022,0.007,1.015
49:03.2,0,0.022,0.007,1.015
49:03.4,0,0.023,0.008,1.015
49:03.6,0,0.022,0.007,1.015
49:03.8,0,0.023,0.007,1.015
49:04.0,0,0.023,0.008,1.015
49:04.2,0,0.022,0.007,1.015
49:04.4,0,0.022,0.007,1.015
49:04.6,0,0.022,0.007,1.015
49:04.8,0,0.022,0.008,1.016
49:05.0,0,0.022,0.007,1.016
49:05.2,0,0.022,0.007,1.017
49:05.4,0,0.022,0.007,1.018
49:05.6,0,0.022,0.007,1.017
49:05.8,0,0.022,0.007,1.017
49:06.0,0,0.022,0.007,1.017
49:06.2,0,0.022,0.007,1.017
49:06.5,0,0.022,0.007,1.016
49:06.7,0,0.022,0.007,1.016
49:06.9,0,0.022,0.007,1.015
49:07.1,0,0.022,0.007,1.015
49:07.3,0,0.023,0.007,1.014
49:07.5,0,0.022,0.007,1.014
49:07.7,0,0.022,0.007,1.015
49:07.9,0,0.022,0.008,1.016
49:08.1,0,0.022,0.008,1.016
49:08.3,0,0.023,0.008,1.017
49:08.5,0,0.022,0.008,1.017
49:08.7,0,0.022,0.008,1.017
49:08.9,0,0.022,0.008,1.016
49:09.1,0,0.022,0.008,1.016
49:09.3,0,0.022,0.008,1.016
49:09.5,0,0.022,0.007,1.016
49:09.7,0,0.022,0.007,1.016
49:09.9,0,0.022,0.007,1.015
49:10.1,0,0.022,0.008,1.015
49:10.3,0,0.022,0.007,1.015
49:10.5,0,0.022,0.008,1.015
49:10.7,0,0.022,0.008,1.015
49:10.9,1,0.022,0.008,1.016
49:11.1,1,0.021,0.008,1.016
49:11.3,1,0.022,0.008,1.015
49:11.5,1,0.022,0.008,1.015
49:11.7,1,0.022,0.008,1.015
49:11.9,0,0.022,0.007,1.015
49:12.1,0,0.022,0.007,1.016
49:12.3,0,0.022,0.007,1.016
49:12.5,0,0.022,0.007,1.015
49:12.7,0,0.022,0.007,1.015
49:12.9,0,0.022,0.007,1.015
49:13.1,0,0.022,0.007,1.016
49:13.3,0,0.023,0.008,1.016
49:13.6,0,0.023,0.007,1.016
49:13.8,0,0.022,0.007,1.016
49:14.0,0,0.023,0.008,1.016
49:14.2,0,0.023,0.007,1.015
49:14.4,0,0.023,0.007,1.015
49:14.6,0,0.023,0.007,1.015
49:14.8,0,0.023,0.007,1.015
49:15.0,0,0.023,0.008,1.014
49:15.2,0,0.023,0.008,1.015
49:15.4,1,0.022,0.008,1.015
49:15.6,1,0.022,0.008,1.015
49:15.8,1,0.023,0.008,1.015
49:16.0,1,0.022,0.007,1.016
49:16.2,1,0.023,0.007,1.012
49:16.4,0,0.023,0.007,1.012
49:16.6,0,0.023,0.007,1.012
49:16.8,0,0.023,0.007,1.013
49:17.0,0,0.023,0.007,1.012
49:17.2,0,0.022,0.008,1.016
49:17.4,0,0.022,0.008,1.016
49:17.6,0,0.021,0.008,1.015
49:17.8,0,0.022,0.008,1.015
49:18.0,0,0.022,0.008,1.015
49:18.2,0,0.022,0.008,1.015
49:18.4,0,0.022,0.008,1.015
49:18.6,0,0.022,0.008,1.016
49:18.8,0,0.022,0.008,1.016
49:19.0,0,0.022,0.007,1.015
49:19.2,0,0.022,0.007,1.016
49:19.4,0,0.022,0.008,1.016
49:19.6,0,0.022,0.008,1.016
49:19.8,0,0.022,0.008,1.016
49:20.0,0,0.022,0.008,1.016
49:20.2,0,0.022,0.008,1.016
49:20.4,0,0.022,0.008,1.016
49:20.6,0,0.022,0.008,1.016
49:20.9,0,0.022,0.008,1.016
49:21.1,0,0.022,0.008,1.015
49:21.3,0,0.022,0.008,1.016
49:21.5,0,0.022,0.008,1.016
49:21.7,0,0.022,0.008,1.015
49:21.9,0,0.022,0.008,1.017
49:22.1,0,0.022,0.008,1.017
49:22.3,1,0.022,0.007,1.016
49:22.5,1,0.021,0.007,1.016
49:22.7,1,0.022,0.008,1.017
49:22.9,1,0.022,0.008,1.015
49:23.1,1,0.023,0.008,1.015
49:23.3,0,0.022,0.008,1.017
49:23.5,0,0.022,0.008,1.016
49:23.7,0,0.022,0.008,1.016
49:23.9,0,0.022,0.008,1.016
49:24.1,0,0.022,0.008,1.016
49:24.3,0,0.022,0.008,1.016
49:24.5,0,0.022,0.008,1.015
49:24.7,0,0.022,0.008,1.016
49:24.9,0,0.022,0.007,1.016
49:25.1,0,0.022,0.008,1.015
49:25.3,0,0.022,0.008,1.016
49:25.5,0,0.022,0.007,1.016
49:25.7,0,0.022,0.007,1.016
49:25.9,0,0.023,0.007,1.016
49:26.1,0,0.023,0.007,1.016
49:26.3,0,0.022,0.007,1.016
49:26.5,0,0.022,0.007,1.016
49:26.7,0,0.022,0.007,1.016
49:26.9,0,0.022,0.007,1.016
49:27.1,0,0.022,0.008,1.016
49:27.3,0,0.022,0.007,1.016
49:27.5,0,0.022,0.007,1.016
