<?xml version="1.0" encoding="utf-8"?>
<gpx xmlns="http://www.topografix.com/GPX/1/1" xmlns:xsd="http://www.w3.org/2001/XMLSchema" xmlns:xsi="http://www.w3.org/2001/XMLSchema-instance" xmlns:mytracks="http://mytracks.stichling.info/myTracksGPX/1/0" creator="myTracks" version="1.1" xsi:schemaLocation="http://www.topografix.com/GPX/1/1 http://www.topografix.com/GPX/1/1/gpx.xsd"><trk><name>2026-07-23 PM 06:37:39</name><extensions><mytracks:color red="0.000000" green="0.000000" blue="1.000000" alpha="1.000000"/><mytracks:area showArea="no" areaDistance="0.000000"/><mytracks:directionArrows showDirectionArrows="yes"/><mytracks:sync syncPhotosOniPhone="no"/><mytracks:timezone offset="600"/></extensions><trkseg><trkpt lat="-37.8802976414319" lon="145.1641775832861"><ele>119.9857358361907</ele><time>2026-07-23T08:37:39.34800Z</time><extensions><mytracks:speed>0</mytracks:speed><mytracks:gradient>0</mytracks:gradient><mytracks:length>0</mytracks:length></extensions></trkpt><trkpt lat="-37.88038181845844" lon="145.1641587545102"><ele>119.9981398386881</ele><time>2026-07-23T08:37:48.03500Z</time><extensions><mytracks:speed>3.938715984364696</mytracks:speed><mytracks:gradient>0</mytracks:gradient><mytracks:length>0.00950444108547961</mytracks:length></extensions></trkpt><trkpt lat="-37.88038181845844" lon="145.1641587545102"><ele>119.9981398386881</ele><time>2026-07-23T08:37:49.03500Z</time><extensions><mytracks:gradient>0</mytracks:gradient><mytracks:length>0</mytracks:length></extensions></trkpt><trkpt lat="-37.88039434292867" lon="145.1641361942583"><ele>119.9160583770805</ele><time>2026-07-23T08:37:54.89800Z</time><extensions><mytracks:speed>1.485989509041223</mytracks:speed><mytracks:gradient>0</mytracks:gradient><mytracks:length>0.002420384684286999</mytracks:length></extensions></trkpt><trkpt lat="-37.88041526061878" lon="145.1641037574048"><ele>119.7213769741356</ele><time>2026-07-23T08:38:06.03500Z</time><extensions><mytracks:speed>1.188601568310941</mytracks:speed><mytracks:gradient>0</mytracks:gradient><mytracks:length>0.003676828279895752</mytracks:length></extensions></trkpt><trkpt lat="-37.88039198506846" lon="145.1640854477102"><ele>119.7697590620687</ele><time>2026-07-23T08:38:17.49400Z</time><extensions><mytracks:speed>0.9571346414210052</mytracks:speed><mytracks:gradient>0</mytracks:gradient><mytracks:length>0.003046816719773417</mytracks:length></extensions></trkpt><trkpt lat="-37.88027605337395" lon="145.1639547158582"><ele>119.5225588353351</ele><time>2026-07-23T08:39:20.03500Z</time><extensions><mytracks:speed>0.9933915639030051</mytracks:speed><mytracks:gradient>0</mytracks:gradient><mytracks:length>0.01725760784067927</mytracks:length></extensions></trkpt><trkpt lat="-37.88026183355004" lon="145.163925998931"><ele>119.5227212241831</ele><time>2026-07-23T08:39:21.53000Z</time><extensions><mytracks:speed>7.161572892819343</mytracks:speed><mytracks:gradient>0</mytracks:gradient><mytracks:length>0.002974975967213168</mytracks:length></extensions></trkpt><trkpt lat="-37.88025235654992" lon="145.1639072582699"><ele>119.4719930223044</ele><time>2026-07-23T08:39:22.52900Z</time><extensions><mytracks:speed>7.047503004250601</mytracks:speed><mytracks:gradient>0</mytracks:gradient><mytracks:length>0.001954837430364741</mytracks:length></extensions></trkpt><trkpt lat="-37.88023693838264" lon="145.1638898404575"><ele>119.5230779677818</ele><time>2026-07-23T08:39:24.32800Z</time><extensions><mytracks:speed>4.594447562892573</mytracks:speed><mytracks:gradient>0</mytracks:gradient><mytracks:length>0.00229617852484034</mytracks:length></extensions></trkpt><trkpt lat="-37.88013391401423" lon="145.1638157338715"><ele>119.5747220609337</ele><time>2026-07-23T08:39:33.03500Z</time><extensions><mytracks:speed>5.446786843223792</mytracks:speed><mytracks:gradient>0</mytracks:gradient><mytracks:length>0.0131734485406069</mytracks:length></extensions></trkpt><trkpt lat="-37.88005521469279" lon="145.163860832876"><ele>119.2475539109827</ele><time>2026-07-23T08:39:34.50200Z</time><extensions><mytracks:speed>23.56861373013898</mytracks:speed><mytracks:gradient>0</mytracks:gradient><mytracks:length>0.009604431010576892</mytracks:length></extensions></trkpt><trkpt lat="-37.88000160071044" lon="145.1638833068883"><ele>119.1046342348388</ele><time>2026-07-23T08:39:35.51700Z</time><extensions><mytracks:speed>22.27829346389348</mytracks:speed><mytracks:gradient>0</mytracks:gradient><mytracks:length>0.006279379726496782</mytracks:length></extensions></trkpt><trkpt lat="-37.87995256960279" lon="145.1639007657762"><ele>118.9466391858834</ele><time>2026-07-23T08:39:36.52500Z</time><extensions><mytracks:speed>20.23345549610208</mytracks:speed><mytracks:gradient>0</mytracks:gradient><mytracks:length>0.005663588768336233</mytracks:length></extensions></trkpt><trkpt lat="-37.87990966184457" lon="145.1639079004889"><ele>119.018312905746</ele><time>2026-07-23T08:39:37.51800Z</time><extensions><mytracks:speed>17.44504036291805</mytracks:speed><mytracks:gradient>0</mytracks:gradient><mytracks:length>0.004812760824695977</mytracks:length></extensions></trkpt><trkpt lat="-37.87987832018662" lon="145.1639112948583"><ele>119.0967249046769</ele><time>2026-07-23T08:39:38.51300Z</time><extensions><mytracks:speed>12.65828109872994</mytracks:speed><mytracks:gradient>0</mytracks:gradient><mytracks:length>0.003499753416607526</mytracks:length></extensions></trkpt><trkpt lat="-37.87985350707037" lon="145.163911961684"><ele>118.9323645732421</ele><time>2026-07-23T08:39:39.51800Z</time><extensions><mytracks:speed>9.882295798327714</mytracks:speed><mytracks:gradient>0</mytracks:gradient><mytracks:length>0.002758029716139863</mytracks:length></extensions></trkpt><trkpt lat="-37.87983859490764" lon="145.163905349793"><ele>118.8116912172685</ele><time>2026-07-23T08:39:42.65400Z</time><extensions><mytracks:speed>2.012128955100399</mytracks:speed><mytracks:gradient>0</mytracks:gradient><mytracks:length>0.001753092804948963</mytracks:length></extensions></trkpt><trkpt lat="-37.87972178519711" lon="145.1638684871671"><ele>117.8532625520602</ele><time>2026-07-23T08:40:02.03500Z</time><extensions><mytracks:speed>2.486324137148125</mytracks:speed><mytracks:gradient>0</mytracks:gradient><mytracks:length>0.01338520369628927</mytracks:length></extensions></trkpt><trkpt lat="-37.87967564259686" lon="145.1638620185668"><ele>117.9503901421442</ele><time>2026-07-23T08:40:03.55400Z</time><extensions><mytracks:speed>12.23433514892472</mytracks:speed><mytracks:gradient>0</mytracks:gradient><mytracks:length>0.005161547551315176</mytracks:length></extensions></trkpt><trkpt lat="-37.87964798039885" lon="145.1638576426132"><ele>118.083100421246</ele><time>2026-07-23T08:40:04.55400Z</time><extensions><mytracks:speed>11.15629831968051</mytracks:speed><mytracks:gradient>0</mytracks:gradient><mytracks:length>0.00310105827476475</mytracks:length></extensions></trkpt><trkpt lat="-37.87962225067207" lon="145.1638596096461"><ele>118.2718765619724</ele><time>2026-07-23T08:40:05.55200Z</time><extensions><mytracks:speed>10.34072386041511</mytracks:speed><mytracks:gradient>0</mytracks:gradient><mytracks:length>0.00286541088479531</mytracks:length></extensions></trkpt><trkpt lat="-37.87960133408183" lon="145.1638729333675"><ele>118.4531002052899</ele><time>2026-07-23T08:40:06.55000Z</time><extensions><mytracks:speed>9.384161238200267</mytracks:speed><mytracks:gradient>0</mytracks:gradient><mytracks:length>0.002601642906073079</mytracks:length></extensions></trkpt><trkpt lat="-37.87958682718517" lon="145.1639004147614"><ele>118.4752436439997</ele><time>2026-07-23T08:40:07.54900Z</time><extensions><mytracks:speed>10.45180487478853</mytracks:speed><mytracks:gradient>0</mytracks:gradient><mytracks:length>0.00290135690446746</mytracks:length></extensions></trkpt><trkpt lat="-37.87957927042466" lon="145.1639415307528"><ele>118.460039199332</ele><time>2026-07-23T08:40:08.55100Z</time><extensions><mytracks:speed>13.32350148772381</mytracks:speed><mytracks:gradient>0</mytracks:gradient><mytracks:length>0.003706126179589494</mytracks:length></extensions></trkpt><trkpt lat="-37.87957903915078" lon="145.1639855108158"><ele>118.2918211499119</ele><time>2026-07-23T08:40:09.54200Z</time><extensions><mytracks:speed>14.02068385422517</mytracks:speed><mytracks:gradient>0</mytracks:gradient><mytracks:length>0.003859794159307591</mytracks:length></extensions></trkpt><trkpt lat="-37.87958243594789" lon="145.1640270987138"><ele>118.2764722672744</ele><time>2026-07-23T08:40:10.53400Z</time><extensions><mytracks:speed>13.31776274558753</mytracks:speed><mytracks:gradient>0</mytracks:gradient><mytracks:length>0.003669467254935216</mytracks:length></extensions></trkpt><trkpt lat="-37.87958888406117" lon="145.1640594893159"><ele>118.3790952089426</ele><time>2026-07-23T08:40:11.51600Z</time><extensions><mytracks:speed>10.74477547998226</mytracks:speed><mytracks:gradient>0</mytracks:gradient><mytracks:length>0.002930718920725594</mytracks:length></extensions></trkpt><trkpt lat="-37.87959854179037" lon="145.1640865300233"><ele>118.4197240075317</ele><time>2026-07-23T08:40:12.50900Z</time><extensions><mytracks:speed>9.434842205128421</mytracks:speed><mytracks:gradient>0</mytracks:gradient><mytracks:length>0.002603374448964319</mytracks:length></extensions></trkpt><trkpt lat="-37.87960602663283" lon="145.1641103947059"><ele>118.5086367664702</ele><time>2026-07-23T08:40:13.82300Z</time><extensions><mytracks:speed>6.177437586731047</mytracks:speed><mytracks:gradient>0</mytracks:gradient><mytracks:length>0.002254588408366411</mytracks:length></extensions></trkpt><trkpt lat="-37.87965099323166" lon="145.1642761561428"><ele>118.8734231935814</ele><time>2026-07-23T08:40:22.03500Z</time><extensions><mytracks:speed>6.743761089355381</mytracks:speed><mytracks:gradient>0</mytracks:gradient><mytracks:length>0.01538361986606949</mytracks:length></extensions></trkpt><trkpt lat="-37.87965769661076" lon="145.1643474085292"><ele>118.8448320989449</ele><time>2026-07-23T08:40:23.50100Z</time><extensions><mytracks:speed>15.46485103885952</mytracks:speed><mytracks:gradient>0</mytracks:gradient><mytracks:length>0.006298010815355597</mytracks:length></extensions></trkpt><trkpt lat="-37.87966400281083" lon="145.1643952608415"><ele>118.760872125139</ele><time>2026-07-23T08:40:24.51100Z</time><extensions><mytracks:speed>15.18676631071062</mytracks:speed><mytracks:gradient>0</mytracks:gradient><mytracks:length>0.004258353452848543</mytracks:length></extensions></trkpt><trkpt lat="-37.87966941308211" lon="145.164440904903"><ele>118.6133317998169</ele><time>2026-07-23T08:40:25.53300Z</time><extensions><mytracks:speed>14.26569559601485</mytracks:speed><mytracks:gradient>0</mytracks:gradient><mytracks:length>0.004051190734414668</mytracks:length></extensions></trkpt><trkpt lat="-37.87967541724625" lon="145.1644817868109"><ele>118.5323075374357</ele><time>2026-07-23T08:40:26.53400Z</time><extensions><mytracks:speed>13.12460999295862</mytracks:speed><mytracks:gradient>0</mytracks:gradient><mytracks:length>0.003648530368716092</mytracks:length></extensions></trkpt><trkpt lat="-37.87968181316499" lon="145.1645241783549"><ele>118.53314686532</ele><time>2026-07-23T08:40:27.54500Z</time><extensions><mytracks:speed>13.47911081878767</mytracks:speed><mytracks:gradient>0</mytracks:gradient><mytracks:length>0.003787906492171029</mytracks:length></extensions></trkpt><trkpt lat="-37.87968637983918" lon="145.1645692664339"><ele>118.6633672549219</ele><time>2026-07-23T08:40:28.54400Z</time><extensions><mytracks:speed>14.38296870848344</mytracks:speed><mytracks:gradient>0</mytracks:gradient><mytracks:length>0.003990671620593827</mytracks:length></extensions></trkpt><trkpt lat="-37.87969276996819" lon="145.1646220712627"><ele>118.8592166647494</ele><time>2026-07-23T08:40:29.55800Z</time><extensions><mytracks:speed>16.65702692824189</mytracks:speed><mytracks:gradient>0</mytracks:gradient><mytracks:length>0.004688496735729065</mytracks:length></extensions></trkpt><trkpt lat="-37.87969990769667" lon="145.1646782321403"><ele>118.9632207849866</ele><time>2026-07-23T08:40:30.55700Z</time><extensions><mytracks:speed>17.98344630328207</mytracks:speed><mytracks:gradient>0</mytracks:gradient><mytracks:length>0.004992910781548942</mytracks:length></extensions></trkpt><trkpt lat="-37.87970623654835" lon="145.1647349554977"><ele>119.1006030797246</ele><time>2026-07-23T08:40:31.56100Z</time><extensions><mytracks:speed>18.0357451291128</mytracks:speed><mytracks:gradient>0</mytracks:gradient><mytracks:length>0.005027987051863157</mytracks:length></extensions></trkpt><trkpt lat="-37.87971271982591" lon="145.1647878356759"><ele>119.1508412222821</ele><time>2026-07-23T08:40:32.56100Z</time><extensions><mytracks:speed>16.90296476711766</mytracks:speed><mytracks:gradient>0</mytracks:gradient><mytracks:length>0.004697139133359916</mytracks:length></extensions></trkpt><trkpt lat="-37.87971482699039" lon="145.1648302183251"><ele>119.2136490314006</ele><time>2026-07-23T08:40:33.57700Z</time><extensions><mytracks:speed>13.21222003659738</mytracks:speed><mytracks:gradient>0</mytracks:gradient><mytracks:length>0.003726739505604976</mytracks:length></extensions></trkpt><trkpt lat="-37.87971550667147" lon="145.1648642113892"><ele>119.3010512352624</ele><time>2026-07-23T08:40:34.57600Z</time><extensions><mytracks:speed>10.75247650934681</mytracks:speed><mytracks:gradient>0</mytracks:gradient><mytracks:length>0.002984050648078094</mytracks:length></extensions></trkpt><trkpt lat="-37.87971615988603" lon="145.1648886591586"><ele>119.3849205362232</ele><time>2026-07-23T08:40:35.56700Z</time><extensions><mytracks:speed>7.801808760954995</mytracks:speed><mytracks:gradient>0</mytracks:gradient><mytracks:length>0.002148140574903257</mytracks:length></extensions></trkpt><trkpt lat="-37.87973557872895" lon="145.164983987625"><ele>119.4188375257329</ele><time>2026-07-23T08:40:54.27500Z</time><extensions><mytracks:speed>1.662831384525447</mytracks:speed><mytracks:gradient>0</mytracks:gradient><mytracks:length>0.008641198353071871</mytracks:length></extensions></trkpt><trkpt lat="-37.8797940122807" lon="145.1652776460769"><ele>119.2913314746693</ele><time>2026-07-23T08:41:46.03600Z</time><extensions><mytracks:speed>1.848635762366782</mytracks:speed><mytracks:gradient>0</mytracks:gradient><mytracks:length>0.02657967948400252</mytracks:length></extensions></trkpt><trkpt lat="-37.87980787515721" lon="145.1653428348566"><ele>119.4215269488951</ele><time>2026-07-23T08:41:47.54600Z</time><extensions><mytracks:speed>14.12199441072129</mytracks:speed><mytracks:gradient>0</mytracks:gradient><mytracks:length>0.005924905785376598</mytracks:length></extensions></trkpt><trkpt lat="-37.87981624447318" lon="145.1653853278323"><ele>119.460518957177</ele><time>2026-07-23T08:41:48.55800Z</time><extensions><mytracks:speed>13.67805163585655</mytracks:speed><mytracks:gradient>0</mytracks:gradient><mytracks:length>0.003844586546278594</mytracks:length></extensions></trkpt><trkpt lat="-37.87982251440246" lon="145.1654266081853"><ele>119.4062096113126</ele><time>2026-07-23T08:41:49.56100Z</time><extensions><mytracks:speed>13.24128515744472</mytracks:speed><mytracks:gradient>0</mytracks:gradient><mytracks:length>0.003689064015145318</mytracks:length></extensions></trkpt><trkpt lat="-37.87982500697456" lon="145.1654661592188"><ele>119.4633284570985</ele><time>2026-07-23T08:41:50.56800Z</time><extensions><mytracks:speed>12.45626800337025</mytracks:speed><mytracks:gradient>0</mytracks:gradient><mytracks:length>0.0034829741223066</mytracks:length></extensions></trkpt><trkpt lat="-37.87982107719482" lon="145.1655027384963"><ele>119.488424896523</ele><time>2026-07-23T08:41:51.56700Z</time><extensions><mytracks:speed>11.66535041870729</mytracks:speed><mytracks:gradient>0</mytracks:gradient><mytracks:length>0.003238949732718412</mytracks:length></extensions></trkpt><trkpt lat="-37.8798132424446" lon="145.1655378576816"><ele>119.5209857063798</ele><time>2026-07-23T08:41:52.56800Z</time><extensions><mytracks:speed>11.5124036698403</mytracks:speed><mytracks:gradient>0</mytracks:gradient><mytracks:length>0.003201164191271595</mytracks:length></extensions></trkpt><trkpt lat="-37.87979394254992" lon="145.1655849988497"><ele>119.5747080641835</ele><time>2026-07-23T08:41:54.07500Z</time><extensions><mytracks:speed>11.13342692865211</mytracks:speed><mytracks:gradient>0</mytracks:gradient><mytracks:length>0.004660539993149415</mytracks:length></extensions></trkpt><trkpt lat="-37.87976381985378" lon="145.1656340605305"><ele>119.6109575723764</ele><time>2026-07-23T08:41:55.55800Z</time><extensions><mytracks:speed>13.24120763064014</mytracks:speed><mytracks:gradient>0</mytracks:gradient><mytracks:length>0.00545609601932107</mytracks:length></extensions></trkpt><trkpt lat="-37.87966385152473" lon="145.1657013527877"><ele>119.8265463429303</ele><time>2026-07-23T08:41:57.59600Z</time><extensions><mytracks:speed>22.24088532145507</mytracks:speed><mytracks:gradient>0</mytracks:gradient><mytracks:length>0.01258779045635037</mytracks:length></extensions></trkpt><trkpt lat="-37.87958030309708" lon="145.1657333206821"><ele>119.8242811322136</ele><time>2026-07-23T08:41:58.60500Z</time><extensions><mytracks:speed>34.61280979840905</mytracks:speed><mytracks:gradient>0</mytracks:gradient><mytracks:length>0.009704783761573927</mytracks:length></extensions></trkpt><trkpt lat="-37.87948193220753" lon="145.1657574724383"><ele>119.8876570937026</ele><time>2026-07-23T08:41:59.58000Z</time><extensions><mytracks:speed>41.13555883783071</mytracks:speed><mytracks:gradient>0</mytracks:gradient><mytracks:length>0.01114186153915806</mytracks:length></extensions></trkpt><trkpt lat="-37.87937123175592" lon="145.1657815937422"><ele>120.0882080701155</ele><time>2026-07-23T08:42:00.53900Z</time><extensions><mytracks:speed>46.89650207958021</mytracks:speed><mytracks:gradient>0</mytracks:gradient><mytracks:length>0.01248967567731896</mytracks:length></extensions></trkpt><trkpt lat="-37.87920224990862" lon="145.1658093127469"><ele>120.0876888106129</ele><time>2026-07-23T08:42:01.92600Z</time><extensions><mytracks:speed>49.16941720509767</mytracks:speed><mytracks:gradient>0</mytracks:gradient><mytracks:length>0.01894666913101183</mytracks:length></extensions></trkpt><trkpt lat="-37.87908218558272" lon="145.1658283414312"><ele>120.1285231853055</ele><time>2026-07-23T08:42:02.92700Z</time><extensions><mytracks:speed>48.39123929781651</mytracks:speed><mytracks:gradient>0</mytracks:gradient><mytracks:length>0.01345437833628649</mytracks:length></extensions></trkpt><trkpt lat="-37.87895585356844" lon="145.1658473037252"><ele>120.0623490894498</ele><time>2026-07-23T08:42:04.01200Z</time><extensions><mytracks:speed>46.95547318679345</mytracks:speed><mytracks:gradient>0</mytracks:gradient><mytracks:length>0.01414599653223927</mytracks:length></extensions></trkpt><trkpt lat="-37.87877129152704" lon="145.1658771181813"><ele>119.7458334067878</ele><time>2026-07-23T08:42:05.67600Z</time><extensions><mytracks:speed>44.76090086595536</mytracks:speed><mytracks:gradient>0</mytracks:gradient><mytracks:length>0.02068849042069854</mytracks:length></extensions></trkpt><trkpt lat="-37.87866748269481" lon="145.165897663998"><ele>119.5388776713446</ele><time>2026-07-23T08:42:06.66600Z</time><extensions><mytracks:speed>42.46363656711033</mytracks:speed><mytracks:gradient>0</mytracks:gradient><mytracks:length>0.01168321467167452</mytracks:length></extensions></trkpt><trkpt lat="-37.87848089030889" lon="145.165931831422"><ele>119.3080225012675</ele><time>2026-07-23T08:42:08.44800Z</time><extensions><mytracks:speed>42.35260600214073</mytracks:speed><mytracks:gradient>0</mytracks:gradient><mytracks:length>0.02096372590988588</mytracks:length></extensions></trkpt><trkpt lat="-37.87828629867265" lon="145.1659553467526"><ele>119.2258391575434</ele><time>2026-07-23T08:42:10.26900Z</time><extensions><mytracks:speed>42.98339022202568</mytracks:speed><mytracks:gradient>0</mytracks:gradient><mytracks:length>0.0217358298698461</mytracks:length></extensions></trkpt><trkpt lat="-37.87813514572085" lon="145.1659686488181"><ele>119.0358139962915</ele><time>2026-07-23T08:42:11.69100Z</time><extensions><mytracks:speed>42.63783478165856</mytracks:speed><mytracks:gradient>0</mytracks:gradient><mytracks:length>0.0168480066073949</mytracks:length></extensions></trkpt><trkpt lat="-37.87798541250253" lon="145.165983272105"><ele>118.893344907591</ele><time>2026-07-23T08:42:13.08300Z</time><extensions><mytracks:speed>43.1882437896691</mytracks:speed><mytracks:gradient>0</mytracks:gradient><mytracks:length>0.01669890032753281</mytracks:length></extensions></trkpt><trkpt lat="-37.87784361664772" lon="145.1660022225578"><ele>118.6517628140482</ele><time>2026-07-23T08:42:14.53200Z</time><extensions><mytracks:speed>39.39490059934704</mytracks:speed><mytracks:gradient>0</mytracks:gradient><mytracks:length>0.01585447899519783</mytracks:length></extensions></trkpt><trkpt lat="-37.8777521115857" lon="145.1660132624474"><ele>118.4716775574799</ele><time>2026-07-23T08:42:15.53900Z</time><extensions><mytracks:speed>36.53605732768871</mytracks:speed><mytracks:gradient>0</mytracks:gradient><mytracks:length>0.01022087720704989</mytracks:length></extensions></trkpt><trkpt lat="-37.87767256863285" lon="145.1660250749686"><ele>118.31823495032</ele><time>2026-07-23T08:42:16.52600Z</time><extensions><mytracks:speed>32.46684186404807</mytracks:speed><mytracks:gradient>0</mytracks:gradient><mytracks:length>0.00890521433365188</mytracks:length></extensions></trkpt><trkpt lat="-37.87760433286265" lon="145.166033590725"><ele>118.1572295478906</ele><time>2026-07-23T08:42:17.48500Z</time><extensions><mytracks:speed>28.63134922600801</mytracks:speed><mytracks:gradient>0</mytracks:gradient><mytracks:length>0.007625024417673833</mytracks:length></extensions></trkpt><trkpt lat="-37.87754109753858" lon="145.1660402733972"><ele>117.9057440523514</ele><time>2026-07-23T08:42:18.49300Z</time><extensions><mytracks:speed>25.20370085651943</mytracks:speed><mytracks:gradient>0</mytracks:gradient><mytracks:length>0.007055934697729192</mytracks:length></extensions></trkpt><trkpt lat="-37.87748478117818" lon="145.1660440540574"><ele>117.9141324379747</ele><time>2026-07-23T08:42:19.51300Z</time><extensions><mytracks:speed>22.12372444068287</mytracks:speed><mytracks:gradient>0</mytracks:gradient><mytracks:length>0.006270762092436616</mytracks:length></extensions></trkpt><trkpt lat="-37.87743783873017" lon="145.1660444309586"><ele>118.0196592793293</ele><time>2026-07-23T08:42:20.53300Z</time><extensions><mytracks:speed>18.41924624663058</mytracks:speed><mytracks:gradient>0</mytracks:gradient><mytracks:length>0.005218851601385188</mytracks:length></extensions></trkpt><trkpt lat="-37.87740244912825" lon="145.1660427990128"><ele>118.1924049784125</ele><time>2026-07-23T08:42:21.54200Z</time><extensions><mytracks:speed>14.05032797768091</mytracks:speed><mytracks:gradient>0</mytracks:gradient><mytracks:length>0.003936095764208237</mytracks:length></extensions></trkpt><trkpt lat="-37.87738057805122" lon="145.1660407541965"><ele>118.3797249900962</ele><time>2026-07-23T08:42:22.57300Z</time><extensions><mytracks:speed>8.513379595489408</mytracks:speed><mytracks:gradient>0</mytracks:gradient><mytracks:length>0.002437083588457753</mytracks:length></extensions></trkpt><trkpt lat="-37.87737239366023" lon="145.1660387959218"><ele>118.3706583004922</ele><time>2026-07-23T08:42:23.55800Z</time><extensions><mytracks:speed>3.39823821567266</mytracks:speed><mytracks:gradient>0</mytracks:gradient><mytracks:length>0.0009301721543831611</mytracks:length></extensions></trkpt><trkpt lat="-37.87737112815953" lon="145.1660376505777"><ele>118.3851925760547</ele><time>2026-07-23T08:42:24.54000Z</time><extensions><mytracks:speed>0.6958923913629195</mytracks:speed><mytracks:gradient>0</mytracks:gradient><mytracks:length>0.0001898705959320068</mytracks:length></extensions></trkpt><trkpt lat="-37.87737220420576" lon="145.1660370985121"><ele>118.3885041225784</ele><time>2026-07-23T08:42:25.53000Z</time><extensions><mytracks:speed>0.4883882471411822</mytracks:speed><mytracks:gradient>0</mytracks:gradient><mytracks:length>0.0001342587859314529</mytracks:length></extensions></trkpt><trkpt lat="-37.87737320556934" lon="145.1660368977445"><ele>118.4084226819848</ele><time>2026-07-23T08:42:26.54300Z</time><extensions><mytracks:speed>0.3372920843920219</mytracks:speed><mytracks:gradient>0</mytracks:gradient><mytracks:length>9.493529796600342e-05</mytracks:length></extensions></trkpt><trkpt lat="-37.87737205250935" lon="145.166037178031"><ele>118.4539445222875</ele><time>2026-07-23T08:42:27.53600Z</time><extensions><mytracks:speed>0.3441658017354327</mytracks:speed><mytracks:gradient>0</mytracks:gradient><mytracks:length>9.493529796600342e-05</mytracks:length></extensions></trkpt><trkpt lat="-37.87735921636617" lon="145.1660403776324"><ele>118.6397771782068</ele><time>2026-07-23T08:42:34.17900Z</time><extensions><mytracks:speed>0.7886935241144676</mytracks:speed><mytracks:gradient>0</mytracks:gradient><mytracks:length>0.001455330559692562</mytracks:length></extensions></trkpt><trkpt lat="-37.87727257667738" lon="145.1660537827866"><ele>119.0700889313594</ele><time>2026-07-23T08:43:03.03700Z</time><extensions><mytracks:speed>1.210793867230126</mytracks:speed><mytracks:gradient>0</mytracks:gradient><mytracks:length>0.009705712404584671</mytracks:length></extensions></trkpt><trkpt lat="-37.87718801566107" lon="145.1660748804578"><ele>118.9579355222173</ele><time>2026-07-23T08:43:04.55400Z</time><extensions><mytracks:speed>22.74125989211679</mytracks:speed><mytracks:gradient>0</mytracks:gradient><mytracks:length>0.009583764174985503</mytracks:length></extensions></trkpt><trkpt lat="-37.87712699085105" lon="145.1660893507791"><ele>119.0377128728409</ele><time>2026-07-23T08:43:05.55700Z</time><extensions><mytracks:speed>24.7806228074917</mytracks:speed><mytracks:gradient>0</mytracks:gradient><mytracks:length>0.006903565362176515</mytracks:length></extensions></trkpt><trkpt lat="-37.87705958054039" lon="145.166105312289"><ele>119.0443695891276</ele><time>2026-07-23T08:43:06.56400Z</time><extensions><mytracks:speed>27.26016346981</mytracks:speed><mytracks:gradient>0</mytracks:gradient><mytracks:length>0.007625615390309301</mytracks:length></extensions></trkpt><trkpt lat="-37.87698296029661" lon="145.1661240551243"><ele>118.9369268332202</ele><time>2026-07-23T08:43:07.58300Z</time><extensions><mytracks:speed>30.65777361731133</mytracks:speed><mytracks:gradient>0</mytracks:gradient><mytracks:length>0.008676587653653076</mytracks:length></extensions></trkpt><trkpt lat="-37.87689607885066" lon="145.1661439993687"><ele>118.8861591618141</ele><time>2026-07-23T08:43:08.61000Z</time><extensions><mytracks:speed>34.39296706878432</mytracks:speed><mytracks:gradient>0</mytracks:gradient><mytracks:length>0.009817888877191667</mytracks:length></extensions></trkpt><trkpt lat="-37.87680153849847" lon="145.1661655793467"><ele>118.6558577101466</ele><time>2026-07-23T08:43:09.62500Z</time><extensions><mytracks:speed>37.90230958366647</mytracks:speed><mytracks:gradient>0</mytracks:gradient><mytracks:length>0.01068222502278822</mytracks:length></extensions></trkpt><trkpt lat="-37.87670619095195" lon="145.1661884033084"><ele>118.4990063391861</ele><time>2026-07-23T08:43:10.58700Z</time><extensions><mytracks:speed>40.35202982174384</mytracks:speed><mytracks:gradient>0</mytracks:gradient><mytracks:length>0.01079009722444875</mytracks:length></extensions></trkpt><trkpt lat="-37.87651023535997" lon="145.1662326721704"><ele>118.1756140503624</ele><time>2026-07-23T08:43:12.49500Z</time><extensions><mytracks:speed>41.77486922908525</mytracks:speed><mytracks:gradient>0</mytracks:gradient><mytracks:length>0.02213295890989551</mytracks:length></extensions></trkpt><trkpt lat="-37.87640615166242" lon="145.1662546648612"><ele>117.9460884108595</ele><time>2026-07-23T08:43:13.50900Z</time><extensions><mytracks:speed>41.66485522506122</mytracks:speed><mytracks:gradient>0</mytracks:gradient><mytracks:length>0.01173363414203875</mytracks:length></extensions></trkpt><trkpt lat="-37.87630276589287" lon="145.1662737788559"><ele>117.5956924160005</ele><time>2026-07-23T08:43:14.51600Z</time><extensions><mytracks:speed>41.50496122474848</mytracks:speed><mytracks:gradient>0</mytracks:gradient><mytracks:length>0.01161745859594291</mytracks:length></extensions></trkpt><trkpt lat="-37.87620262464704" lon="145.1662935093028"><ele>117.0087065825366</ele><time>2026-07-23T08:43:15.51200Z</time><extensions><mytracks:speed>40.73412080527839</mytracks:speed><mytracks:gradient>0</mytracks:gradient><mytracks:length>0.01126934372008137</mytracks:length></extensions></trkpt><trkpt lat="-37.87610022484053" lon="145.1663129173303"><ele>116.4473904460218</ele><time>2026-07-23T08:43:16.51900Z</time><extensions><mytracks:speed>41.16842040296361</mytracks:speed><mytracks:gradient>0</mytracks:gradient><mytracks:length>0.01151303338543214</mytracks:length></extensions></trkpt><trkpt lat="-37.87599660310381" lon="145.1663348336849"><ele>115.8330625972166</ele><time>2026-07-23T08:43:17.54700Z</time><extensions><mytracks:speed>40.8969115744602</mytracks:speed><mytracks:gradient>0</mytracks:gradient><mytracks:length>0.0116816717220281</mytracks:length></extensions></trkpt><trkpt lat="-37.87589643926333" lon="145.1663548932353"><ele>115.2199126167027</ele><time>2026-07-23T08:43:18.54400Z</time><extensions><mytracks:speed>40.72026099364435</mytracks:speed><mytracks:gradient>0</mytracks:gradient><mytracks:length>0.01127653921536814</mytracks:length></extensions></trkpt><trkpt lat="-37.87579556070499" lon="145.1663751824114"><ele>114.7527594323013</ele><time>2026-07-23T08:43:19.52900Z</time><extensions><mytracks:speed>41.50801206967997</mytracks:speed><mytracks:gradient>0</mytracks:gradient><mytracks:length>0.01135776957324434</mytracks:length></extensions></trkpt><trkpt lat="-37.87568911623928" lon="145.1663952733331"><ele>114.1486539788358</ele><time>2026-07-23T08:43:20.54500Z</time><extensions><mytracks:speed>42.41298895506959</mytracks:speed><mytracks:gradient>0</mytracks:gradient><mytracks:length>0.01196636741825838</mytracks:length></extensions></trkpt><trkpt lat="-37.87558437380938" lon="145.1664139450953"><ele>113.4518123794454</ele><time>2026-07-23T08:43:21.56700Z</time><extensions><mytracks:speed>41.4268488688305</mytracks:speed><mytracks:gradient>0</mytracks:gradient><mytracks:length>0.01176163670870726</mytracks:length></extensions></trkpt><trkpt lat="-37.87549045364195" lon="145.1664310093045"><ele>112.8422844389169</ele><time>2026-07-23T08:43:22.51800Z</time><extensions><mytracks:speed>39.94403149725557</mytracks:speed><mytracks:gradient>0</mytracks:gradient><mytracks:length>0.0105506393687546</mytracks:length></extensions></trkpt><trkpt lat="-37.87539689406587" lon="145.1664478271591"><ele>112.1550457166911</ele><time>2026-07-23T08:43:23.57100Z</time><extensions><mytracks:speed>35.92762530482598</mytracks:speed><mytracks:gradient>0</mytracks:gradient><mytracks:length>0.01050741201717743</mytracks:length></extensions></trkpt><trkpt lat="-37.87531167169666" lon="145.1664650739122"><ele>111.65680621084</ele><time>2026-07-23T08:43:24.66100Z</time><extensions><mytracks:speed>31.68361037403787</mytracks:speed><mytracks:gradient>0</mytracks:gradient><mytracks:length>0.009595981775854563</mytracks:length></extensions></trkpt><trkpt lat="-37.87524246476783" lon="145.1664805732024"><ele>111.1751890908317</ele><time>2026-07-23T08:43:25.70300Z</time><extensions><mytracks:speed>27.00138511783372</mytracks:speed><mytracks:gradient>0</mytracks:gradient><mytracks:length>0.007814737895802289</mytracks:length></extensions></trkpt><trkpt lat="-37.87514474210016" lon="145.1665205289412"><ele>110.9391988001143</ele><time>2026-07-23T08:43:27.58500Z</time><extensions><mytracks:speed>21.83986436967521</mytracks:speed><mytracks:gradient>0</mytracks:gradient><mytracks:length>0.01141791844954672</mytracks:length></extensions></trkpt><trkpt lat="-37.87510395717315" lon="145.1665364758765"><ele>110.8821618040284</ele><time>2026-07-23T08:43:28.56600Z</time><extensions><mytracks:speed>17.41448621388901</mytracks:speed><mytracks:gradient>0</mytracks:gradient><mytracks:length>0.004746764898300281</mytracks:length></extensions></trkpt><trkpt lat="-37.87506705829193" lon="145.1665500953858"><ele>111.0445662017043</ele><time>2026-07-23T08:43:29.54700Z</time><extensions><mytracks:speed>15.68917013744642</mytracks:speed><mytracks:gradient>0</mytracks:gradient><mytracks:length>0.004273143114919699</mytracks:length></extensions></trkpt><trkpt lat="-37.87503355218855" lon="145.1665556055277"><ele>111.135189389336</ele><time>2026-07-23T08:43:30.53700Z</time><extensions><mytracks:speed>13.66565802180151</mytracks:speed><mytracks:gradient>0</mytracks:gradient><mytracks:length>0.003756847762770563</mytracks:length></extensions></trkpt><trkpt lat="-37.87500475487105" lon="145.1665574173126"><ele>111.1051378523113</ele><time>2026-07-23T08:43:31.51400Z</time><extensions><mytracks:speed>11.80065121732948</mytracks:speed><mytracks:gradient>0</mytracks:gradient><mytracks:length>0.003205384580963603</mytracks:length></extensions></trkpt><trkpt lat="-37.87497938991331" lon="145.1665601710993"><ele>110.9942163712718</ele><time>2026-07-23T08:43:32.49900Z</time><extensions><mytracks:speed>10.34916738594562</mytracks:speed><mytracks:gradient>0</mytracks:gradient><mytracks:length>0.002830600625504376</mytracks:length></extensions></trkpt><trkpt lat="-37.87495620640484" lon="145.1665616221881"><ele>110.8371739742</ele><time>2026-07-23T08:43:33.49800Z</time><extensions><mytracks:speed>9.295792732318668</mytracks:speed><mytracks:gradient>0</mytracks:gradient><mytracks:length>0.002579027058858002</mytracks:length></extensions></trkpt><trkpt lat="-37.87493647601787" lon="145.1665623875178"><ele>110.5715686340591</ele><time>2026-07-23T08:43:34.51600Z</time><extensions><mytracks:speed>7.7635294324414</mytracks:speed><mytracks:gradient>0</mytracks:gradient><mytracks:length>0.002195859803799701</mytracks:length></extensions></trkpt><trkpt lat="-37.87491793649666" lon="145.1665639264761"><ele>110.371074469584</ele><time>2026-07-23T08:43:35.51800Z</time><extensions><mytracks:speed>7.417241074550224</mytracks:speed><mytracks:gradient>0</mytracks:gradient><mytracks:length>0.002064706324964843</mytracks:length></extensions></trkpt><trkpt lat="-37.87490444091372" lon="145.1665650011644"><ele>110.3004397160243</ele><time>2026-07-23T08:43:37.45900Z</time><extensions><mytracks:speed>2.789269118659916</mytracks:speed><mytracks:gradient>0</mytracks:gradient><mytracks:length>0.00150405798118735</mytracks:length></extensions></trkpt><trkpt lat="-37.87482491494594" lon="145.1665760636101"><ele>109.6085356343538</ele><time>2026-07-23T08:43:47.03700Z</time><extensions><mytracks:speed>3.344104081940236</mytracks:speed><mytracks:gradient>0</mytracks:gradient><mytracks:length>0.008896607569443573</mytracks:length></extensions></trkpt><trkpt lat="-37.87477368645666" lon="145.1665857469574"><ele>109.1980445021604</ele><time>2026-07-23T08:43:48.53300Z</time><extensions><mytracks:speed>13.85617155105378</mytracks:speed><mytracks:gradient>0</mytracks:gradient><mytracks:length>0.00575984274563217</mytracks:length></extensions></trkpt><trkpt lat="-37.87473073588698" lon="145.1665949758773"><ele>108.9385549483376</ele><time>2026-07-23T08:43:49.53300Z</time><extensions><mytracks:speed>17.44074361369101</mytracks:speed><mytracks:gradient>0</mytracks:gradient><mytracks:length>0.004844491606239475</mytracks:length></extensions></trkpt><trkpt lat="-37.87467702642617" lon="145.166607472064"><ele>108.6055348789976</ele><time>2026-07-23T08:43:50.53900Z</time><extensions><mytracks:speed>21.73217766043462</mytracks:speed><mytracks:gradient>0</mytracks:gradient><mytracks:length>0.006071407346865194</mytracks:length></extensions></trkpt><trkpt lat="-37.8746125131788" lon="145.1666196359263"><ele>108.2508886646905</ele><time>2026-07-23T08:43:51.53300Z</time><extensions><mytracks:speed>26.26367563060339</mytracks:speed><mytracks:gradient>0</mytracks:gradient><mytracks:length>0.00725246028794272</mytracks:length></extensions></trkpt><trkpt lat="-37.87454240251521" lon="145.1666359966661"><ele>107.6359047295536</ele><time>2026-07-23T08:43:52.53500Z</time><extensions><mytracks:speed>28.49768387131615</mytracks:speed><mytracks:gradient>0</mytracks:gradient><mytracks:length>0.007927523724825296</mytracks:length></extensions></trkpt><trkpt lat="-37.87446585780935" lon="145.1666512206968"><ele>107.1502605441372</ele><time>2026-07-23T08:43:53.52600Z</time><extensions><mytracks:speed>31.27696473213269</mytracks:speed><mytracks:gradient>0</mytracks:gradient><mytracks:length>0.008615607125904539</mytracks:length></extensions></trkpt><trkpt lat="-37.87438245552072" lon="145.1666697731546"><ele>106.7310881571311</ele><time>2026-07-23T08:43:54.53400Z</time><extensions><mytracks:speed>33.63480923246718</mytracks:speed><mytracks:gradient>0</mytracks:gradient><mytracks:length>0.009415361035444793</mytracks:length></extensions></trkpt><trkpt lat="-37.87429728968486" lon="145.1666879335841"><ele>106.1135349375238</ele><time>2026-07-23T08:43:55.52800Z</time><extensions><mytracks:speed>34.78136240995598</mytracks:speed><mytracks:gradient>0</mytracks:gradient><mytracks:length>0.009603492573815594</mytracks:length></extensions></trkpt><trkpt lat="-37.87420332456241" lon="145.1667081713581"><ele>105.7069833900882</ele><time>2026-07-23T08:43:56.53400Z</time><extensions><mytracks:speed>37.92220035526116</mytracks:speed><mytracks:gradient>0</mytracks:gradient><mytracks:length>0.01059879367710792</mytracks:length></extensions></trkpt><trkpt lat="-37.87409985724762" lon="145.1667314515953"><ele>104.8671735814055</ele><time>2026-07-23T08:43:57.55600Z</time><extensions><mytracks:speed>41.16694363891799</mytracks:speed><mytracks:gradient>0</mytracks:gradient><mytracks:length>0.01168552871415025</mytracks:length></extensions></trkpt><trkpt lat="-37.87398795760257" lon="145.1667555033782"><ele>103.9081510290323</ele><time>2026-07-23T08:43:58.58100Z</time><extensions><mytracks:speed>44.32129028045691</mytracks:speed><mytracks:gradient>0</mytracks:gradient><mytracks:length>0.01262032587755864</mytracks:length></extensions></trkpt><trkpt lat="-37.87380672980029" lon="145.1667961108584"><ele>102.7432746699511</ele><time>2026-07-23T08:44:00.06500Z</time><extensions><mytracks:speed>49.64403116590646</mytracks:speed><mytracks:gradient>0</mytracks:gradient><mytracks:length>0.02046444801940741</mytracks:length></extensions></trkpt><trkpt lat="-37.87362578329174" lon="145.1668386629866"><ele>101.2135852668281</ele><time>2026-07-23T08:44:01.48900Z</time><extensions><mytracks:speed>51.72622586173846</mytracks:speed><mytracks:gradient>0</mytracks:gradient><mytracks:length>0.02046378739643832</mytracks:length></extensions></trkpt><trkpt lat="-37.87349147767669" lon="145.1668702069344"><ele>100.1488706881797</ele><time>2026-07-23T08:44:02.49500Z</time><extensions><mytracks:speed>54.35236137166979</mytracks:speed><mytracks:gradient>0</mytracks:gradient><mytracks:length>0.01518875763006943</mytracks:length></extensions></trkpt><trkpt lat="-37.87335942085097" lon="145.1669020939202"><ele>98.81350787181785</ele><time>2026-07-23T08:44:03.46600Z</time><extensions><mytracks:speed>55.44595143838743</mytracks:speed><mytracks:gradient>0</mytracks:gradient><mytracks:length>0.01494861704548854</mytracks:length></extensions></trkpt><trkpt lat="-37.87322087532669" lon="145.1669353952827"><ele>97.52008032089942</ele><time>2026-07-23T08:44:04.48400Z</time><extensions><mytracks:speed>55.4621830271255</mytracks:speed><mytracks:gradient>0</mytracks:gradient><mytracks:length>0.01568042612086892</mytracks:length></extensions></trkpt><trkpt lat="-37.8729582103641" lon="145.1669947029041"><ele>95.66252997961892</ele><time>2026-07-23T08:44:06.36700Z</time><extensions><mytracks:speed>56.72347012305612</mytracks:speed><mytracks:gradient>0</mytracks:gradient><mytracks:length>0.0296673945365417</mytracks:length></extensions></trkpt><trkpt lat="-37.87276970463879" lon="145.1670395133769"><ele>94.64043517161029</ele><time>2026-07-23T08:44:07.73200Z</time><extensions><mytracks:speed>56.24134084715598</mytracks:speed><mytracks:gradient>0</mytracks:gradient><mytracks:length>0.02132687185753851</mytracks:length></extensions></trkpt><trkpt lat="-37.87250595056077" lon="145.1670966034378"><ele>93.56584066716438</ele><time>2026-07-23T08:44:09.60900Z</time><extensions><mytracks:speed>57.07112102107994</mytracks:speed><mytracks:gradient>0</mytracks:gradient><mytracks:length>0.02975309194333898</mytracks:length></extensions></trkpt><trkpt lat="-37.87230104498798" lon="145.1671416205744"><ele>93.08787585370344</ele><time>2026-07-23T08:44:11.11100Z</time><extensions><mytracks:speed>55.41157100522705</mytracks:speed><mytracks:gradient>0</mytracks:gradient><mytracks:length>0.02312449258210629</mytracks:length></extensions></trkpt><trkpt lat="-37.87210208890047" lon="145.1671836425449"><ele>92.88747088088604</ele><time>2026-07-23T08:44:12.57300Z</time><extensions><mytracks:speed>55.23816026129212</mytracks:speed><mytracks:gradient>0</mytracks:gradient><mytracks:length>0.02242825066461928</mytracks:length></extensions></trkpt><trkpt lat="-37.87196792544497" lon="145.1672114682568"><ele>92.99940539229996</ele><time>2026-07-23T08:44:13.59100Z</time><extensions><mytracks:speed>53.46441495152973</mytracks:speed><mytracks:gradient>0</mytracks:gradient><mytracks:length>0.01511708619550129</mytracks:length></extensions></trkpt><trkpt lat="-37.87184218367585" lon="145.1672382193191"><ele>93.09331567884878</ele><time>2026-07-23T08:44:14.55800Z</time><extensions><mytracks:speed>52.74923536892562</mytracks:speed><mytracks:gradient>0</mytracks:gradient><mytracks:length>0.01417749894231404</mytracks:length></extensions></trkpt><trkpt lat="-37.8717140682824" lon="145.167266227697"><ele>93.29616286124335</ele><time>2026-07-23T08:44:15.53600Z</time><extensions><mytracks:speed>53.20475807133496</mytracks:speed><mytracks:gradient>0</mytracks:gradient><mytracks:length>0.01445637361263288</mytracks:length></extensions></trkpt><trkpt lat="-37.87158603819991" lon="145.1672935609647"><ele>93.52884312246783</ele><time>2026-07-23T08:44:16.53400Z</time><extensions><mytracks:speed>52.07112532022999</mytracks:speed><mytracks:gradient>0</mytracks:gradient><mytracks:length>0.01443672183176065</mytracks:length></extensions></trkpt><trkpt lat="-37.87145507683554" lon="145.1673212787115"><ele>93.49258309144604</ele><time>2026-07-23T08:44:17.56200Z</time><extensions><mytracks:speed>51.73240234811272</mytracks:speed><mytracks:gradient>0</mytracks:gradient><mytracks:length>0.01476419396399039</mytracks:length></extensions></trkpt><trkpt lat="-37.8713277345801" lon="145.1673459694377"><ele>93.74091991415536</ele><time>2026-07-23T08:44:18.55200Z</time><extensions><mytracks:speed>52.09063571060401</mytracks:speed><mytracks:gradient>0</mytracks:gradient><mytracks:length>0.01432485251205295</mytracks:length></extensions></trkpt><trkpt lat="-37.87119930142747" lon="145.1673708459869"><ele>94.05927433457143</ele><time>2026-07-23T08:44:19.54700Z</time><extensions><mytracks:speed>52.24026778842645</mytracks:speed><mytracks:gradient>0</mytracks:gradient><mytracks:length>0.01444733087510739</mytracks:length></extensions></trkpt><trkpt lat="-37.87107125251512" lon="145.1673946543797"><ele>94.39225962082207</ele><time>2026-07-23T08:44:20.52000Z</time><extensions><mytracks:speed>53.2792293562937</mytracks:speed><mytracks:gradient>0</mytracks:gradient><mytracks:length>0.01439107645281787</mytracks:length></extensions></trkpt><trkpt lat="-37.87094075594765" lon="145.1674194012686"><ele>95.12421036957058</ele><time>2026-07-23T08:44:21.50200Z</time><extensions><mytracks:speed>53.78185526144736</mytracks:speed><mytracks:gradient>0</mytracks:gradient><mytracks:length>0.01467234167290142</mytracks:length></extensions></trkpt><trkpt lat="-37.87081061502209" lon="145.1674447683208"><ele>95.89173765297102</ele><time>2026-07-23T08:44:22.48000Z</time><extensions><mytracks:speed>53.88745330608816</mytracks:speed><mytracks:gradient>0</mytracks:gradient><mytracks:length>0.01464128841241677</mytracks:length></extensions></trkpt><trkpt lat="-37.87068016933743" lon="145.1674713246354"><ele>96.58518252162662</ele><time>2026-07-23T08:44:23.46900Z</time><extensions><mytracks:speed>53.46237198236469</mytracks:speed><mytracks:gradient>0</mytracks:gradient><mytracks:length>0.01469106481930952</mytracks:length></extensions></trkpt><trkpt lat="-37.87054972422133" lon="145.1674985185252"><ele>97.47946758769747</ele><time>2026-07-23T08:44:24.47900Z</time><extensions><mytracks:speed>52.39410187164712</mytracks:speed><mytracks:gradient>0</mytracks:gradient><mytracks:length>0.01469995762369235</mytracks:length></extensions></trkpt><trkpt lat="-37.87030212686071" lon="145.1675493491819"><ele>99.11531851040525</ele><time>2026-07-23T08:44:26.38600Z</time><extensions><mytracks:speed>52.65486606599279</mytracks:speed><mytracks:gradient>0</mytracks:gradient><mytracks:length>0.02789078847667955</mytracks:length></extensions></trkpt><trkpt lat="-37.87012237158981" lon="145.1675855269784"><ele>100.3120075630551</ele><time>2026-07-23T08:44:27.76000Z</time><extensions><mytracks:speed>53.01715197678644</mytracks:speed><mytracks:gradient>0</mytracks:gradient><mytracks:length>0.02023837085865165</mytracks:length></extensions></trkpt><trkpt lat="-37.86994351720487" lon="145.1676241991492"><ele>101.3746122886047</ele><time>2026-07-23T08:44:29.09100Z</time><extensions><mytracks:speed>54.57495108683536</mytracks:speed><mytracks:gradient>0</mytracks:gradient><mytracks:length>0.02017525855735054</mytracks:length></extensions></trkpt><trkpt lat="-37.86972994211641" lon="145.1676711053883"><ele>102.3127818738811</ele><time>2026-07-23T08:44:30.57400Z</time><extensions><mytracks:speed>58.50870985245481</mytracks:speed><mytracks:gradient>0</mytracks:gradient><mytracks:length>0.02410272417674506</mytracks:length></extensions></trkpt><trkpt lat="-37.86958159614127" lon="145.1677026850688"><ele>102.7912318753981</ele><time>2026-07-23T08:44:31.56700Z</time><extensions><mytracks:speed>60.64385133855525</mytracks:speed><mytracks:gradient>0</mytracks:gradient><mytracks:length>0.01672640333874756</mytracks:length></extensions></trkpt><trkpt lat="-37.86943724178579" lon="145.1677314376772"><ele>103.1094702059886</ele><time>2026-07-23T08:44:32.54000Z</time><extensions><mytracks:speed>60.10387006182951</mytracks:speed><mytracks:gradient>0</mytracks:gradient><mytracks:length>0.01624891882197193</mytracks:length></extensions></trkpt><trkpt lat="-37.86929431561107" lon="145.1677595597762"><ele>103.2700900285628</ele><time>2026-07-23T08:44:33.51100Z</time><extensions><mytracks:speed>59.68605595923388</mytracks:speed><mytracks:gradient>0</mytracks:gradient><mytracks:length>0.01608333959934599</mytracks:length></extensions></trkpt><trkpt lat="-37.86915121090202" lon="145.1677875521382"><ele>103.3431079803769</ele><time>2026-07-23T08:44:34.51200Z</time><extensions><mytracks:speed>57.89772413244548</mytracks:speed><mytracks:gradient>0</mytracks:gradient><mytracks:length>0.01610126163252696</mytracks:length></extensions></trkpt><trkpt lat="-37.86900424255599" lon="145.167815294044"><ele>103.4300805835871</ele><time>2026-07-23T08:44:35.56800Z</time><extensions><mytracks:speed>56.31833989417465</mytracks:speed><mytracks:gradient>0</mytracks:gradient><mytracks:length>0.01652228789902107</mytracks:length></extensions></trkpt><trkpt lat="-37.86886640259732" lon="145.1678409878564"><ele>103.7214010035089</ele><time>2026-07-23T08:44:36.57300Z</time><extensions><mytracks:speed>55.45784828179394</mytracks:speed><mytracks:gradient>0</mytracks:gradient><mytracks:length>0.01549162558221995</mytracks:length></extensions></trkpt><trkpt lat="-37.86873278213251" lon="145.167865772734"><ele>104.0513595384329</ele><time>2026-07-23T08:44:37.56600Z</time><extensions><mytracks:speed>54.48060555966705</mytracks:speed><mytracks:gradient>0</mytracks:gradient><mytracks:length>0.01501659163104093</mytracks:length></extensions></trkpt><trkpt lat="-37.86860355750673" lon="145.1678906109077"><ele>104.5121307711789</ele><time>2026-07-23T08:44:38.53000Z</time><extensions><mytracks:speed>54.28734110517113</mytracks:speed><mytracks:gradient>0</mytracks:gradient><mytracks:length>0.01453378488272081</mytracks:length></extensions></trkpt><trkpt lat="-37.86847212857678" lon="145.1679162874515"><ele>105.2492756337767</ele><time>2026-07-23T08:44:39.51600Z</time><extensions><mytracks:speed>53.96555490562375</mytracks:speed><mytracks:gradient>0</mytracks:gradient><mytracks:length>0.01478706788772957</mytracks:length></extensions></trkpt><trkpt lat="-37.86833677466337" lon="145.167943400072"><ele>105.9029724395433</ele><time>2026-07-23T08:44:40.50600Z</time><extensions><mytracks:speed>55.41274296446014</mytracks:speed><mytracks:gradient>0</mytracks:gradient><mytracks:length>0.01523763287479312</mytracks:length></extensions></trkpt><trkpt lat="-37.86819047893427" lon="145.1679727418505"><ele>106.6865575237793</ele><time>2026-07-23T08:44:41.54800Z</time><extensions><mytracks:speed>56.89701745007725</mytracks:speed><mytracks:gradient>0</mytracks:gradient><mytracks:length>0.01646983779351079</mytracks:length></extensions></trkpt><trkpt lat="-37.86804660244742" lon="145.1680013822534"><ele>107.5643926769828</ele><time>2026-07-23T08:44:42.55400Z</time><extensions><mytracks:speed>57.96495323131886</mytracks:speed><mytracks:gradient>0</mytracks:gradient><mytracks:length>0.01619474866359624</mytracks:length></extensions></trkpt><trkpt lat="-37.86790032619179" lon="145.1680312180307"><ele>108.2691130718404</ele><time>2026-07-23T08:44:43.56500Z</time><extensions><mytracks:speed>58.62596499049145</mytracks:speed><mytracks:gradient>0</mytracks:gradient><mytracks:length>0.01647448855133763</mytracks:length></extensions></trkpt><trkpt lat="-37.86776257540728" lon="145.1680584964271"><ele>108.717770346311</ele><time>2026-07-23T08:44:44.53000Z</time><extensions><mytracks:speed>57.84559309078239</mytracks:speed><mytracks:gradient>0</mytracks:gradient><mytracks:length>0.01550325680660963</mytracks:length></extensions></trkpt><trkpt lat="-37.86761852045202" lon="145.1680869998183"><ele>109.1275216917614</ele><time>2026-07-23T08:44:45.53600Z</time><extensions><mytracks:speed>58.05357730792066</mytracks:speed><mytracks:gradient>0</mytracks:gradient><mytracks:length>0.01621226958378889</mytracks:length></extensions></trkpt><trkpt lat="-37.86747373936931" lon="145.1681153586171"><ele>109.3388323378012</ele><time>2026-07-23T08:44:46.50300Z</time><extensions><mytracks:speed>60.60690706541629</mytracks:speed><mytracks:gradient>0</mytracks:gradient><mytracks:length>0.01629018897349626</mytracks:length></extensions></trkpt><trkpt lat="-37.86731545622334" lon="145.1681449693021"><ele>109.2787234007824</ele><time>2026-07-23T08:44:47.50300Z</time><extensions><mytracks:speed>64.03174315046273</mytracks:speed><mytracks:gradient>0</mytracks:gradient><mytracks:length>0.01779093562974353</mytracks:length></extensions></trkpt><trkpt lat="-37.86714798261923" lon="145.1681768622709"><ele>109.2167835721148</ele><time>2026-07-23T08:44:48.50100Z</time><extensions><mytracks:speed>67.96253514467688</mytracks:speed><mytracks:gradient>0</mytracks:gradient><mytracks:length>0.01883143998327482</mytracks:length></extensions></trkpt><trkpt lat="-37.86697019469138" lon="145.16821268414"><ele>108.9517696756218</ele><time>2026-07-23T08:44:49.53500Z</time><extensions><mytracks:speed>69.70882016683078</mytracks:speed><mytracks:gradient>0</mytracks:gradient><mytracks:length>0.02001762029222281</mytracks:length></extensions></trkpt><trkpt lat="-37.86680070054642" lon="145.1682440351347"><ele>108.3263113455663</ele><time>2026-07-23T08:44:50.52800Z</time><extensions><mytracks:speed>69.04247502070892</mytracks:speed><mytracks:gradient>0</mytracks:gradient><mytracks:length>0.01904677492694229</mytracks:length></extensions></trkpt><trkpt lat="-37.86663561229313" lon="145.1682739627011"><ele>107.9652036954262</ele><time>2026-07-23T08:44:51.50800Z</time><extensions><mytracks:speed>68.11146327336147</mytracks:speed><mytracks:gradient>0</mytracks:gradient><mytracks:length>0.01854424420894507</mytracks:length></extensions></trkpt><trkpt lat="-37.86646522474051" lon="145.1683050749021"><ele>107.7684742976413</ele><time>2026-07-23T08:44:52.50300Z</time><extensions><mytracks:speed>69.24668919667982</mytracks:speed><mytracks:gradient>0</mytracks:gradient><mytracks:length>0.01914212031831271</mytracks:length></extensions></trkpt><trkpt lat="-37.8662938623114" lon="145.1683339944189"><ele>107.5576964810101</ele><time>2026-07-23T08:44:53.49700Z</time><extensions><mytracks:speed>69.62361670674916</mytracks:speed><mytracks:gradient>0</mytracks:gradient><mytracks:length>0.01922269830396161</mytracks:length></extensions></trkpt><trkpt lat="-37.86611984874241" lon="145.1683652998903"><ele>107.2475500765612</ele><time>2026-07-23T08:44:54.51200Z</time><extensions><mytracks:speed>69.35457707148908</mytracks:speed><mytracks:gradient>0</mytracks:gradient><mytracks:length>0.0195433021334216</mytracks:length></extensions></trkpt><trkpt lat="-37.86594510409589" lon="145.168396228478"><ele>106.6031344846069</ele><time>2026-07-23T08:44:55.53400Z</time><extensions><mytracks:speed>69.06349311997096</mytracks:speed><mytracks:gradient>0</mytracks:gradient><mytracks:length>0.0196197063755748</mytracks:length></extensions></trkpt><trkpt lat="-37.86576721168345" lon="145.1684270237999"><ele>105.9330264577404</ele><time>2026-07-23T08:44:56.58900Z</time><extensions><mytracks:speed>68.15486206356648</mytracks:speed><mytracks:gradient>0</mytracks:gradient><mytracks:length>0.0199644214144771</mytracks:length></extensions></trkpt><trkpt lat="-37.86559869508888" lon="145.1684565995644"><ele>105.7429773149469</ele><time>2026-07-23T08:44:57.60000Z</time><extensions><mytracks:speed>67.37894317417881</mytracks:speed><mytracks:gradient>0</mytracks:gradient><mytracks:length>0.01891715345977952</mytracks:length></extensions></trkpt><trkpt lat="-37.86543164265844" lon="145.168485067715"><ele>106.2222934723114</ele><time>2026-07-23T08:44:58.58900Z</time><extensions><mytracks:speed>68.18434107848162</mytracks:speed><mytracks:gradient>0</mytracks:gradient><mytracks:length>0.01874317087019472</mytracks:length></extensions></trkpt><trkpt lat="-37.86526579425898" lon="145.168514384751"><ele>107.1697373427279</ele><time>2026-07-23T08:44:59.57400Z</time><extensions><mytracks:speed>68.09724813863824</mytracks:speed><mytracks:gradient>0</mytracks:gradient><mytracks:length>0.01862014961705097</mytracks:length></extensions></trkpt><trkpt lat="-37.86510643698256" lon="145.1685413443807"><ele>108.1220107697753</ele><time>2026-07-23T08:45:00.54000Z</time><extensions><mytracks:speed>66.59004834702124</mytracks:speed><mytracks:gradient>0</mytracks:gradient><mytracks:length>0.01787710057488198</mytracks:length></extensions></trkpt><trkpt lat="-37.86494450060205" lon="145.1685692621165"><ele>109.0281066692773</ele><time>2026-07-23T08:45:01.51400Z</time><extensions><mytracks:speed>67.14708169489762</mytracks:speed><mytracks:gradient>0</mytracks:gradient><mytracks:length>0.01817260986016963</mytracks:length></extensions></trkpt><trkpt lat="-37.86477717952283" lon="145.1685988172449"><ele>109.6841364507853</ele><time>2026-07-23T08:45:02.52400Z</time><extensions><mytracks:speed>66.95711816723409</mytracks:speed><mytracks:gradient>0</mytracks:gradient><mytracks:length>0.01878495850270901</mytracks:length></extensions></trkpt><trkpt lat="-37.86460327149363" lon="145.1686283238315"><ele>110.0388388864608</ele><time>2026-07-23T08:45:03.55900Z</time><extensions><mytracks:speed>67.9026104071998</mytracks:speed><mytracks:gradient>0</mytracks:gradient><mytracks:length>0.0195103008852712</mytracks:length></extensions></trkpt><trkpt lat="-37.86443240388629" lon="145.1686585299883"><ele>110.3599951284263</ele><time>2026-07-23T08:45:04.56300Z</time><extensions><mytracks:speed>68.79571358651677</mytracks:speed><mytracks:gradient>0</mytracks:gradient><mytracks:length>0.01918397854469045</mytracks:length></extensions></trkpt><trkpt lat="-37.86426958180083" lon="145.1686859421414"><ele>110.4839498906279</ele><time>2026-07-23T08:45:05.53500Z</time><extensions><mytracks:speed>67.63140638559247</mytracks:speed><mytracks:gradient>0</mytracks:gradient><mytracks:length>0.01826413020447182</mytracks:length></extensions></trkpt><trkpt lat="-37.86411235650288" lon="145.1687124207286"><ele>110.5456745960146</ele><time>2026-07-23T08:45:06.49800Z</time><extensions><mytracks:speed>65.93873045001394</mytracks:speed><mytracks:gradient>0</mytracks:gradient><mytracks:length>0.01763625987604332</mytracks:length></extensions></trkpt><trkpt lat="-37.86396424306826" lon="145.1687384267438"><ele>110.215832572274</ele><time>2026-07-23T08:45:07.47100Z</time><extensions><mytracks:speed>61.48879042116747</mytracks:speed><mytracks:gradient>0</mytracks:gradient><mytracks:length>0.01662696277364272</mytracks:length></extensions></trkpt><trkpt lat="-37.86382337974149" lon="145.1687616024851"><ele>109.7626130800139</ele><time>2026-07-23T08:45:08.46500Z</time><extensions><mytracks:speed>57.21459413494028</mytracks:speed><mytracks:gradient>0</mytracks:gradient><mytracks:length>0.01579439211335434</mytracks:length></extensions></trkpt><trkpt lat="-37.86357754586124" lon="145.1688037379634"><ele>108.6934637439604</ele><time>2026-07-23T08:45:10.35500Z</time><extensions><mytracks:speed>52.54180194571269</mytracks:speed><mytracks:gradient>0</mytracks:gradient><mytracks:length>0.0275845449843391</mytracks:length></extensions></trkpt><trkpt lat="-37.86340984124481" lon="145.1688338809547"><ele>108.3309873702038</ele><time>2026-07-23T08:45:11.72500Z</time><extensions><mytracks:speed>49.49277067831407</mytracks:speed><mytracks:gradient>0</mytracks:gradient><mytracks:length>0.0188347898792336</mytracks:length></extensions></trkpt><trkpt lat="-37.86326523515508" lon="145.1688593322322"><ele>107.7483888398833</ele><time>2026-07-23T08:45:12.98700Z</time><extensions><mytracks:speed>46.31304924003212</mytracks:speed><mytracks:gradient>0</mytracks:gradient><mytracks:length>0.01623393595219098</mytracks:length></extensions></trkpt><trkpt lat="-37.86312628304528" lon="145.1688852777093"><ele>106.8242700403992</ele><time>2026-07-23T08:45:14.52900Z</time><extensions><mytracks:speed>36.44702332310159</mytracks:speed><mytracks:gradient>0</mytracks:gradient><mytracks:length>0.01561765002737766</mytracks:length></extensions></trkpt><trkpt lat="-37.86304567687839" lon="145.1688977108925"><ele>106.2103195357745</ele><time>2026-07-23T08:45:15.57200Z</time><extensions><mytracks:speed>31.15987482218907</mytracks:speed><mytracks:gradient>0</mytracks:gradient><mytracks:length>0.009028840965763741</mytracks:length></extensions></trkpt><trkpt lat="-37.86291476841608" lon="145.1689181409722"><ele>105.1157799213013</ele><time>2026-07-23T08:45:17.50600Z</time><extensions><mytracks:speed>27.30441660697424</mytracks:speed><mytracks:gradient>0</mytracks:gradient><mytracks:length>0.01466619773323549</mytracks:length></extensions></trkpt><trkpt lat="-37.86284863303113" lon="145.1689286949718"><ele>104.6095660785563</ele><time>2026-07-23T08:45:18.52600Z</time><extensions><mytracks:speed>26.16943469219893</mytracks:speed><mytracks:gradient>0</mytracks:gradient><mytracks:length>0.007411644373913202</mytracks:length></extensions></trkpt><trkpt lat="-37.86277529779179" lon="145.1689400470628"><ele>104.0645273557936</ele><time>2026-07-23T08:45:19.54300Z</time><extensions><mytracks:speed>29.07081957745225</mytracks:speed><mytracks:gradient>0</mytracks:gradient><mytracks:length>0.008214509465501554</mytracks:length></extensions></trkpt><trkpt lat="-37.86269549211143" lon="145.1689504838089"><ele>103.5010834798742</ele><time>2026-07-23T08:45:20.57400Z</time><extensions><mytracks:speed>31.1610377710816</mytracks:speed><mytracks:gradient>0</mytracks:gradient><mytracks:length>0.008920887644347715</mytracks:length></extensions></trkpt><trkpt lat="-37.86260273094022" lon="145.168957825646"><ele>102.9645565344112</ele><time>2026-07-23T08:45:21.60200Z</time><extensions><mytracks:speed>36.17581190781508</mytracks:speed><mytracks:gradient>0</mytracks:gradient><mytracks:length>0.01033400262569957</mytracks:length></extensions></trkpt><trkpt lat="-37.86250331355331" lon="145.1689623985314"><ele>102.4210827464829</ele><time>2026-07-23T08:45:22.59500Z</time><extensions><mytracks:speed>40.1050565230169</mytracks:speed><mytracks:gradient>0</mytracks:gradient><mytracks:length>0.01106189741998133</mytracks:length></extensions></trkpt><trkpt lat="-37.86240151818478" lon="145.168966506465"><ele>101.8132625804519</ele><time>2026-07-23T08:45:23.56600Z</time><extensions><mytracks:speed>41.98485677947385</mytracks:speed><mytracks:gradient>0</mytracks:gradient><mytracks:length>0.01132518818357219</mytracks:length></extensions></trkpt><trkpt lat="-37.86229672250531" lon="145.1689670279223"><ele>101.2461360011703</ele><time>2026-07-23T08:45:24.52400Z</time><extensions><mytracks:speed>43.79752585841699</mytracks:speed><mytracks:gradient>0</mytracks:gradient><mytracks:length>0.011653090303522</mytracks:length></extensions></trkpt><trkpt lat="-37.86218730293329" lon="145.1689665294503"><ele>100.8976447194399</ele><time>2026-07-23T08:45:25.51400Z</time><extensions><mytracks:speed>44.24092179889894</mytracks:speed><mytracks:gradient>0</mytracks:gradient><mytracks:length>0.01216728349300292</mytracks:length></extensions></trkpt><trkpt lat="-37.86206959945018" lon="145.1689633309748"><ele>101.0357920714542</ele><time>2026-07-23T08:45:26.56500Z</time><extensions><mytracks:speed>44.85902049784977</mytracks:speed><mytracks:gradient>0</mytracks:gradient><mytracks:length>0.01309109223327229</mytracks:length></extensions></trkpt><trkpt lat="-37.86194785771933" lon="145.168957441713"><ele>101.2036208157577</ele><time>2026-07-23T08:45:27.62300Z</time><extensions><mytracks:speed>46.08542292683935</mytracks:speed><mytracks:gradient>0</mytracks:gradient><mytracks:length>0.01354683790806946</mytracks:length></extensions></trkpt><trkpt lat="-37.86172233191848" lon="145.1689437625597"><ele>102.0715642987994</ele><time>2026-07-23T08:45:29.49200Z</time><extensions><mytracks:speed>48.35474301387385</mytracks:speed><mytracks:gradient>0</mytracks:gradient><mytracks:length>0.02510603398592044</mytracks:length></extensions></trkpt><trkpt lat="-37.86159465439448" lon="145.1689321605599"><ele>102.7135202939198</ele><time>2026-07-23T08:45:30.50900Z</time><extensions><mytracks:speed>50.36197422385001</mytracks:speed><mytracks:gradient>0</mytracks:gradient><mytracks:length>0.01423364767271195</mytracks:length></extensions></trkpt><trkpt lat="-37.86145938627334" lon="145.1689146678622"><ele>103.8820199327255</ele><time>2026-07-23T08:45:31.57500Z</time><extensions><mytracks:speed>51.0942662286089</mytracks:speed><mytracks:gradient>0</mytracks:gradient><mytracks:length>0.01511917272928037</mytracks:length></extensions></trkpt><trkpt lat="-37.86133932323951" lon="145.1688957522654"><ele>104.8805166421255</ele><time>2026-07-23T08:45:32.52600Z</time><extensions><mytracks:speed>50.88602987746305</mytracks:speed><mytracks:gradient>0</mytracks:gradient><mytracks:length>0.01345303852565418</mytracks:length></extensions></trkpt><trkpt lat="-37.86121882257597" lon="145.1688741780993"><ele>105.6909370045084</ele><time>2026-07-23T08:45:33.51600Z</time><extensions><mytracks:speed>49.24673377075221</mytracks:speed><mytracks:gradient>0</mytracks:gradient><mytracks:length>0.01353219339324975</mytracks:length></extensions></trkpt><trkpt lat="-37.86109998273641" lon="145.1688511293085"><ele>106.4399959391151</ele><time>2026-07-23T08:45:34.51300Z</time><extensions><mytracks:speed>48.26548358049074</mytracks:speed><mytracks:gradient>0</mytracks:gradient><mytracks:length>0.01336869683858381</mytracks:length></extensions></trkpt><trkpt lat="-37.86098371886612" lon="145.168830310645"><ele>106.9839165430874</ele><time>2026-07-23T08:45:35.49800Z</time><extensions><mytracks:speed>47.70161888462383</mytracks:speed><mytracks:gradient>0</mytracks:gradient><mytracks:length>0.01305627864551197</mytracks:length></extensions></trkpt><trkpt lat="-37.8608681057522" lon="145.1688089095936"><ele>107.746968028805</ele><time>2026-07-23T08:45:36.46700Z</time><extensions><mytracks:speed>48.25907747103039</mytracks:speed><mytracks:gradient>0</mytracks:gradient><mytracks:length>0.01299226926180606</mytracks:length></extensions></trkpt><trkpt lat="-37.86074723929647" lon="145.1687872184094"><ele>108.7279617303926</ele><time>2026-07-23T08:45:37.45900Z</time><extensions><mytracks:speed>49.28276334815278</mytracks:speed><mytracks:gradient>0</mytracks:gradient><mytracks:length>0.01357408779966815</mytracks:length></extensions></trkpt><trkpt lat="-37.86061230860601" lon="145.1687645722241"><ele>109.6378429503127</ele><time>2026-07-23T08:45:38.53300Z</time><extensions><mytracks:speed>50.72416835463492</mytracks:speed><mytracks:gradient>0</mytracks:gradient><mytracks:length>0.01513466368900908</mytracks:length></extensions></trkpt><trkpt lat="-37.86047801698618" lon="145.1687446916526"><ele>110.5360000314006</ele><time>2026-07-23T08:45:39.57700Z</time><extensions><mytracks:speed>51.84962466447511</mytracks:speed><mytracks:gradient>0</mytracks:gradient><mytracks:length>0.01503428661927937</mytracks:length></extensions></trkpt><trkpt lat="-37.86034102211128" lon="145.1687306663882"><ele>111.2820813620213</ele><time>2026-07-23T08:45:40.61200Z</time><extensions><mytracks:speed>53.17354157480056</mytracks:speed><mytracks:gradient>0</mytracks:gradient><mytracks:length>0.0152831087508452</mytracks:length></extensions></trkpt><trkpt lat="-37.85995202480469" lon="145.1687132103393"><ele>113.722079085302</ele><time>2026-07-23T08:45:43.40000Z</time><extensions><mytracks:speed>55.86913410111755</mytracks:speed><mytracks:gradient>0</mytracks:gradient><mytracks:length>0.04328164683183788</mytracks:length></extensions></trkpt><trkpt lat="-37.85974155371532" lon="145.1687105745555"><ele>114.7720769682116</ele><time>2026-07-23T08:45:44.86400Z</time><extensions><mytracks:speed>57.58013386555396</mytracks:speed><mytracks:gradient>0</mytracks:gradient><mytracks:length>0.02340439113255811</mytracks:length></extensions></trkpt><trkpt lat="-37.85955872760129" lon="145.1687109253116"><ele>115.3349089010972</ele><time>2026-07-23T08:45:46.09900Z</time><extensions><mytracks:speed>59.26929545512393</mytracks:speed><mytracks:gradient>0</mytracks:gradient><mytracks:length>0.02032901475769752</mytracks:length></extensions></trkpt><trkpt lat="-37.85932531076438" lon="145.1687175049201"><ele>115.5425031417653</ele><time>2026-07-23T08:45:47.56600Z</time><extensions><mytracks:speed>63.67128749177378</mytracks:speed><mytracks:gradient>0</mytracks:gradient><mytracks:length>0.02596128924068669</mytracks:length></extensions></trkpt><trkpt lat="-37.85916447344312" lon="145.1687231018909"><ele>115.6973468705437</ele><time>2026-07-23T08:45:48.55000Z</time><extensions><mytracks:speed>65.46880005576087</mytracks:speed><mytracks:gradient>0</mytracks:gradient><mytracks:length>0.01789070740210237</mytracks:length></extensions></trkpt><trkpt lat="-37.85899688387646" lon="145.1687311097334"><ele>115.8055463350117</ele><time>2026-07-23T08:45:49.54000Z</time><extensions><mytracks:speed>67.84384721972343</mytracks:speed><mytracks:gradient>0</mytracks:gradient><mytracks:length>0.0186482022247227</mytracks:length></extensions></trkpt><trkpt lat="-37.85882558098009" lon="145.1687401093743"><ele>115.7579546198384</ele><time>2026-07-23T08:45:50.54100Z</time><extensions><mytracks:speed>68.54406504383422</mytracks:speed><mytracks:gradient>0</mytracks:gradient><mytracks:length>0.01906427485420809</mytracks:length></extensions></trkpt><trkpt lat="-37.85865289765564" lon="145.1687487403324"><ele>115.6086410945824</ele><time>2026-07-23T08:45:51.54000Z</time><extensions><mytracks:speed>69.22334452532534</mytracks:speed><mytracks:gradient>0</mytracks:gradient><mytracks:length>0.01921636768209671</mytracks:length></extensions></trkpt><trkpt lat="-37.85848033671732" lon="145.1687570920893"><ele>115.2914474753067</ele><time>2026-07-23T08:45:52.53600Z</time><extensions><mytracks:speed>69.42512378789895</mytracks:speed><mytracks:gradient>0</mytracks:gradient><mytracks:length>0.01920205748181003</mytracks:length></extensions></trkpt><trkpt lat="-37.85831091376227" lon="145.168763341916"><ele>114.8307531157668</ele><time>2026-07-23T08:45:53.53500Z</time><extensions><mytracks:speed>67.94324843206302</mytracks:speed><mytracks:gradient>0</mytracks:gradient><mytracks:length>0.01884698803643902</mytracks:length></extensions></trkpt><trkpt lat="-37.85814303295942" lon="145.1687696519187"><ele>114.2755489860858</ele><time>2026-07-23T08:45:54.53400Z</time><extensions><mytracks:speed>67.29995557484685</mytracks:speed><mytracks:gradient>0</mytracks:gradient><mytracks:length>0.01867573011277851</mytracks:length></extensions></trkpt><trkpt lat="-37.85797743601445" lon="145.1687757662852"><ele>113.6228081651073</ele><time>2026-07-23T08:45:55.53200Z</time><extensions><mytracks:speed>66.43372488687855</mytracks:speed><mytracks:gradient>0</mytracks:gradient><mytracks:length>0.01842136224707173</mytracks:length></extensions></trkpt><trkpt lat="-37.85781323603764" lon="145.1687813555457"><ele>112.9836192808796</ele><time>2026-07-23T08:45:56.52900Z</time><extensions><mytracks:speed>65.93919994315519</mytracks:speed><mytracks:gradient>0</mytracks:gradient><mytracks:length>0.01826487038712018</mytracks:length></extensions></trkpt><trkpt lat="-37.85764955400033" lon="145.1687868707832"><ele>112.1978250887991</ele><time>2026-07-23T08:45:57.53000Z</time><extensions><mytracks:speed>65.5078816603001</mytracks:speed><mytracks:gradient>0</mytracks:gradient><mytracks:length>0.01820729328159244</mytracks:length></extensions></trkpt><trkpt lat="-37.85748768247187" lon="145.1687918545663"><ele>111.2809569036785</ele><time>2026-07-23T08:45:58.53200Z</time><extensions><mytracks:speed>64.65326753131356</mytracks:speed><mytracks:gradient>0</mytracks:gradient><mytracks:length>0.01800469888809024</mytracks:length></extensions></trkpt><trkpt lat="-37.85732609428278" lon="145.1687960542202"><ele>110.3130110731302</ele><time>2026-07-23T08:45:59.53500Z</time><extensions><mytracks:speed>64.54642612953502</mytracks:speed><mytracks:gradient>0</mytracks:gradient><mytracks:length>0.01797163053885791</mytracks:length></extensions></trkpt><trkpt lat="-37.85708079024064" lon="145.1687997130353"><ele>108.792226247633</ele><time>2026-07-23T08:46:01.03200Z</time><extensions><mytracks:speed>65.59501904690831</mytracks:speed><mytracks:gradient>0</mytracks:gradient><mytracks:length>0.02727849779171817</mytracks:length></extensions></trkpt><trkpt lat="-37.85691432183145" lon="145.1688052620795"><ele>107.8726892551101</ele><time>2026-07-23T08:46:02.03500Z</time><extensions><mytracks:speed>66.42571624705241</mytracks:speed><mytracks:gradient>0</mytracks:gradient><mytracks:length>0.01851676421410078</mytracks:length></extensions></trkpt><trkpt lat="-37.85666030270988" lon="145.1688191074951"><ele>106.6861957232012</ele><time>2026-07-23T08:46:03.54500Z</time><extensions><mytracks:speed>67.41182749466378</mytracks:speed><mytracks:gradient>0</mytracks:gradient><mytracks:length>0.02827175723738972</mytracks:length></extensions></trkpt><trkpt lat="-37.85649135623583" lon="145.1688416391915"><ele>106.0781472119671</ele><time>2026-07-23T08:46:04.55000Z</time><extensions><mytracks:speed>67.65173644296186</mytracks:speed><mytracks:gradient>0</mytracks:gradient><mytracks:length>0.01889021595166288</mytracks:length></extensions></trkpt><trkpt lat="-37.85623906110947" lon="145.168889313619"><ele>105.7297020837029</ele><time>2026-07-23T08:46:06.05500Z</time><extensions><mytracks:speed>67.85001488628812</mytracks:speed><mytracks:gradient>0</mytracks:gradient><mytracks:length>0.02836453186086901</mytracks:length></extensions></trkpt><trkpt lat="-37.85607523697777" lon="145.1689230864903"><ele>105.6987862641153</ele><time>2026-07-23T08:46:07.05100Z</time><extensions><mytracks:speed>66.74000347983549</mytracks:speed><mytracks:gradient>0</mytracks:gradient><mytracks:length>0.01845631070073937</mytracks:length></extensions></trkpt><trkpt lat="-37.85591784560364" lon="145.1689550042862"><ele>105.8469492315709</ele><time>2026-07-23T08:46:08.04800Z</time><extensions><mytracks:speed>63.95164952270773</mytracks:speed><mytracks:gradient>0</mytracks:gradient><mytracks:length>0.01772419385025177</mytracks:length></extensions></trkpt><trkpt lat="-37.85577000455942" lon="145.1689829738057"><ele>106.1734780616081</ele><time>2026-07-23T08:46:09.04900Z</time><extensions><mytracks:speed>59.82115414659975</mytracks:speed><mytracks:gradient>0</mytracks:gradient><mytracks:length>0.01662154135031113</mytracks:length></extensions></trkpt><trkpt lat="-37.85557198736372" lon="145.1690185761366"><ele>106.7647478620807</ele><time>2026-07-23T08:46:10.54700Z</time><extensions><mytracks:speed>53.44828993718653</mytracks:speed><mytracks:gradient>0</mytracks:gradient><mytracks:length>0.02223918878591297</mytracks:length></extensions></trkpt><trkpt lat="-37.85547048197849" lon="145.1690348426634"><ele>107.0579488910348</ele><time>2026-07-23T08:46:11.54700Z</time><extensions><mytracks:speed>40.95289543696029</mytracks:speed><mytracks:gradient>0</mytracks:gradient><mytracks:length>0.01137679831047866</mytracks:length></extensions></trkpt><trkpt lat="-37.85538871879196" lon="145.1690489451789"><ele>107.4081859368416</ele><time>2026-07-23T08:46:12.54500Z</time><extensions><mytracks:speed>33.09058842865865</mytracks:speed><mytracks:gradient>0</mytracks:gradient><mytracks:length>0.009175387271490127</mytracks:length></extensions></trkpt><trkpt lat="-37.85532554100827" lon="145.169060714956"><ele>107.6412740065948</ele><time>2026-07-23T08:46:13.54400Z</time><extensions><mytracks:speed>25.5972158542284</mytracks:speed><mytracks:gradient>0</mytracks:gradient><mytracks:length>0.007100500279178323</mytracks:length></extensions></trkpt><trkpt lat="-37.85527636094533" lon="145.1690697798228"><ele>107.8093952834676</ele><time>2026-07-23T08:46:14.54500Z</time><extensions><mytracks:speed>19.86944559554933</mytracks:speed><mytracks:gradient>0</mytracks:gradient><mytracks:length>0.005525854159317117</mytracks:length></extensions></trkpt><trkpt lat="-37.85523922373478" lon="145.1690764694166"><ele>107.9297114508571</ele><time>2026-07-23T08:46:15.54500Z</time><extensions><mytracks:speed>15.01759595382353</mytracks:speed><mytracks:gradient>0</mytracks:gradient><mytracks:length>0.004170675226362723</mytracks:length></extensions></trkpt><trkpt lat="-37.85521187250454" lon="145.169081488415"><ele>107.9720382702328</ele><time>2026-07-23T08:46:16.54200Z</time><extensions><mytracks:speed>11.09131482994679</mytracks:speed><mytracks:gradient>0</mytracks:gradient><mytracks:length>0.003073324082860273</mytracks:length></extensions></trkpt><trkpt lat="-37.85519267135932" lon="145.1690852385516"><ele>107.9921038568368</ele><time>2026-07-23T08:46:17.53900Z</time><extensions><mytracks:speed>7.802827105936281</mytracks:speed><mytracks:gradient>0</mytracks:gradient><mytracks:length>0.002160690675303863</mytracks:length></extensions></trkpt><trkpt lat="-37.85517931038152" lon="145.1690879015988"><ele>108.0332419575889</ele><time>2026-07-23T08:46:18.53700Z</time><extensions><mytracks:speed>5.425450438753632</mytracks:speed><mytracks:gradient>0</mytracks:gradient><mytracks:length>0.00150405798118735</mytracks:length></extensions></trkpt><trkpt lat="-37.85517117926025" lon="145.1690903680009"><ele>108.1095537036299</ele><time>2026-07-23T08:46:19.53700Z</time><extensions><mytracks:speed>3.331797060935367</mytracks:speed><mytracks:gradient>0</mytracks:gradient><mytracks:length>0.0009253148253377968</mytracks:length></extensions></trkpt><trkpt lat="-37.85516727767186" lon="145.1690922571264"><ele>108.1305312780805</ele><time>2026-07-23T08:46:20.53900Z</time><extensions><mytracks:speed>1.705235885164903</mytracks:speed><mytracks:gradient>0</mytracks:gradient><mytracks:length>0.0004746764898300172</mytracks:length></extensions></trkpt><trkpt lat="-37.85516558613" lon="145.169093591265"><ele>108.1759636901316</ele><time>2026-07-23T08:46:21.54100Z</time><extensions><mytracks:speed>0.9020742685733946</mytracks:speed><mytracks:gradient>0</mytracks:gradient><mytracks:length>0.0002511751890598611</mytracks:length></extensions></trkpt><trkpt lat="-37.85516594240154" lon="145.1690943690357"><ele>108.1691626169642</ele><time>2026-07-23T08:46:22.54300Z</time><extensions><mytracks:gradient>0</mytracks:gradient><mytracks:length>0</mytracks:length></extensions></trkpt><trkpt lat="-37.855166530937" lon="145.1690947966422"><ele>108.1495915508225</ele><time>2026-07-23T08:46:23.54100Z</time><extensions><mytracks:speed>0.3423669059773862</mytracks:speed><mytracks:gradient>0</mytracks:gradient><mytracks:length>9.493529796600342e-05</mytracks:length></extensions></trkpt><trkpt lat="-37.85516727590448" lon="145.1690938332839"><ele>108.1204668966985</ele><time>2026-07-23T08:46:24.54000Z</time><extensions><mytracks:speed>0.4836790827272009</mytracks:speed><mytracks:gradient>0</mytracks:gradient><mytracks:length>0.0001342587859314529</mytracks:length></extensions></trkpt><trkpt lat="-37.85516771561447" lon="145.1690931824877"><ele>108.0754914171682</ele><time>2026-07-23T08:46:25.53900Z</time><extensions><mytracks:speed>0.3422699134843088</mytracks:speed><mytracks:gradient>0</mytracks:gradient><mytracks:length>9.493529796600342e-05</mytracks:length></extensions></trkpt><trkpt lat="-37.85516802159377" lon="145.1690928920533"><ele>108.0666223870182</ele><time>2026-07-23T08:46:26.53600Z</time><extensions><mytracks:speed>0.3424921823929905</mytracks:speed><mytracks:gradient>0</mytracks:gradient><mytracks:length>9.493529796600342e-05</mytracks:length></extensions></trkpt><trkpt lat="-37.85516856778111" lon="145.1690922458228"><ele>108.1291937501142</ele><time>2026-07-23T08:46:27.53400Z</time><extensions><mytracks:speed>0.3425076489133824</mytracks:speed><mytracks:gradient>0</mytracks:gradient><mytracks:length>9.493529796600342e-05</mytracks:length></extensions></trkpt><trkpt lat="-37.85516949956779" lon="145.1690919770132"><ele>108.128600737218</ele><time>2026-07-23T08:46:28.53400Z</time><extensions><mytracks:speed>0.3420038242587412</mytracks:speed><mytracks:gradient>0</mytracks:gradient><mytracks:length>9.493529796600342e-05</mytracks:length></extensions></trkpt><trkpt lat="-37.85517031545856" lon="145.1690921210711"><ele>108.1479948183025</ele><time>2026-07-23T08:46:29.53700Z</time><extensions><mytracks:gradient>0</mytracks:gradient><mytracks:length>0</mytracks:length></extensions></trkpt><trkpt lat="-37.85517108347427" lon="145.1690921048765"><ele>108.1389370227674</ele><time>2026-07-23T08:46:30.54200Z</time><extensions><mytracks:gradient>0</mytracks:gradient><mytracks:length>0</mytracks:length></extensions></trkpt><trkpt lat="-37.85517154868145" lon="145.1690921966782"><ele>108.0700678191234</ele><time>2026-07-23T08:46:31.54300Z</time><extensions><mytracks:speed>0.3412988176236117</mytracks:speed><mytracks:gradient>0</mytracks:gradient><mytracks:length>9.493529796600342e-05</mytracks:length></extensions></trkpt><trkpt lat="-37.85517144123155" lon="145.1690928700699"><ele>108.0691327154961</ele><time>2026-07-23T08:46:32.54300Z</time><extensions><mytracks:speed>0.3417900526034437</mytracks:speed><mytracks:gradient>0</mytracks:gradient><mytracks:length>9.493529796600342e-05</mytracks:length></extensions></trkpt><trkpt lat="-37.85517082609006" lon="145.1690950992455"><ele>108.1012476969192</ele><time>2026-07-23T08:46:33.54200Z</time><extensions><mytracks:speed>0.6838449836877347</mytracks:speed><mytracks:gradient>0</mytracks:gradient><mytracks:length>0.0001898705959320068</mytracks:length></extensions></trkpt><trkpt lat="-37.85517007832816" lon="145.1690973354085"><ele>108.1395276469455</ele><time>2026-07-23T08:46:34.54200Z</time><extensions><mytracks:speed>0.7644370326714323</mytracks:speed><mytracks:gradient>0</mytracks:gradient><mytracks:length>0.0002122817797161812</mytracks:length></extensions></trkpt><trkpt lat="-37.85516419316127" lon="145.1691047572462"><ele>108.3557479977874</ele><time>2026-07-23T08:46:40.88000Z</time><extensions><mytracks:speed>0.5255846018591482</mytracks:speed><mytracks:gradient>0</mytracks:gradient><mytracks:length>0.0009253148253377968</mytracks:length></extensions></trkpt><trkpt lat="-37.85514205845381" lon="145.1691365672175"><ele>109.1635713521391</ele><time>2026-07-23T08:47:06.91500Z</time><extensions><mytracks:speed>0.5146533437996018</mytracks:speed><mytracks:gradient>0</mytracks:gradient><mytracks:length>0.003721899582127014</mytracks:length></extensions></trkpt><trkpt lat="-37.85513291531478" lon="145.1691366206713"><ele>109.1138426899828</ele><time>2026-07-23T08:47:12.73500Z</time><extensions><mytracks:speed>0.6269088106991668</mytracks:speed><mytracks:gradient>0</mytracks:gradient><mytracks:length>0.001013631605262928</mytracks:length></extensions></trkpt><trkpt lat="-37.85503118324791" lon="145.1691513314051"><ele>109.4509248686954</ele><time>2026-07-23T08:47:34.91400Z</time><extensions><mytracks:speed>1.848083362922373</mytracks:speed><mytracks:gradient>0</mytracks:gradient><mytracks:length>0.01138550918645749</mytracks:length></extensions></trkpt><trkpt lat="-37.85493039479778" lon="145.1691673505948"><ele>109.828927113713</ele><time>2026-07-23T08:47:35.92600Z</time><extensions><mytracks:speed>40.16894134693221</mytracks:speed><mytracks:gradient>0</mytracks:gradient><mytracks:length>0.0112949068775502</mytracks:length></extensions></trkpt><trkpt lat="-37.85483017637554" lon="145.169183219752"><ele>110.1881256045113</ele><time>2026-07-23T08:47:36.92800Z</time><extensions><mytracks:speed>40.34968754578922</mytracks:speed><mytracks:gradient>0</mytracks:gradient><mytracks:length>0.01123088988658277</mytracks:length></extensions></trkpt><trkpt lat="-37.85471644118363" lon="145.1692022078773"><ele>110.6593163240253</ele><time>2026-07-23T08:47:37.92700Z</time><extensions><mytracks:speed>45.99427384679608</mytracks:speed><mytracks:gradient>0</mytracks:gradient><mytracks:length>0.01275635110414173</mytracks:length></extensions></trkpt><trkpt lat="-37.85459086667354" lon="145.1692237230545"><ele>111.0991133417864</ele><time>2026-07-23T08:47:38.92000Z</time><extensions><mytracks:speed>51.07761915131404</mytracks:speed><mytracks:gradient>0</mytracks:gradient><mytracks:length>0.01409045798442842</mytracks:length></extensions></trkpt><trkpt lat="-37.85445311419525" lon="145.169248333065"><ele>111.5876056711407</ele><time>2026-07-23T08:47:39.91500Z</time><extensions><mytracks:speed>55.98128438831862</mytracks:speed><mytracks:gradient>0</mytracks:gradient><mytracks:length>0.01546921085408364</mytracks:length></extensions></trkpt><trkpt lat="-37.854306848417" lon="145.1692770672967"><ele>112.147358130969</ele><time>2026-07-23T08:47:40.91300Z</time><extensions><mytracks:speed>59.3696467501842</mytracks:speed><mytracks:gradient>0</mytracks:gradient><mytracks:length>0.01645834205170619</mytracks:length></extensions></trkpt><trkpt lat="-37.85415558082261" lon="145.1693067682983"><ele>112.734928669024</ele><time>2026-07-23T08:47:41.88900Z</time><extensions><mytracks:speed>62.73108674745014</mytracks:speed><mytracks:gradient>0</mytracks:gradient><mytracks:length>0.01702071020703779</mytracks:length></extensions></trkpt><trkpt lat="-37.85399372010817" lon="145.1693378754009"><ele>113.2397627493225</ele><time>2026-07-23T08:47:42.87300Z</time><extensions><mytracks:speed>66.6277853445314</mytracks:speed><mytracks:gradient>0</mytracks:gradient><mytracks:length>0.01820382791312648</mytracks:length></extensions></trkpt><trkpt lat="-37.85381706943788" lon="145.1693723370013"><ele>113.8267537923883</ele><time>2026-07-23T08:47:43.89400Z</time><extensions><mytracks:speed>70.04655557875077</mytracks:speed><mytracks:gradient>0</mytracks:gradient><mytracks:length>0.01987392860243964</mytracks:length></extensions></trkpt><trkpt lat="-37.85363258201111" lon="145.1694064399284"><ele>114.3731968434455</ele><time>2026-07-23T08:47:44.92200Z</time><extensions><mytracks:speed>72.59863310875006</mytracks:speed><mytracks:gradient>0</mytracks:gradient><mytracks:length>0.02073135644175068</mytracks:length></extensions></trkpt><trkpt lat="-37.85344517254098" lon="145.1694391138591"><ele>114.8684291516794</ele><time>2026-07-23T08:47:45.93300Z</time><extensions><mytracks:speed>74.96728468648867</mytracks:speed><mytracks:gradient>0</mytracks:gradient><mytracks:length>0.02103539991138725</mytracks:length></extensions></trkpt><trkpt lat="-37.85325845618615" lon="145.1694713830242"><ele>115.3930515949649</ele><time>2026-07-23T08:47:46.92000Z</time><extensions><mytracks:speed>76.3858849914217</mytracks:speed><mytracks:gradient>0</mytracks:gradient><mytracks:length>0.02095405049241852</mytracks:length></extensions></trkpt><trkpt lat="-37.85307079431766" lon="145.1695034848832"><ele>115.9203454148653</ele><time>2026-07-23T08:47:47.91000Z</time><extensions><mytracks:speed>76.60857336597633</mytracks:speed><mytracks:gradient>0</mytracks:gradient><mytracks:length>0.02105638371350555</mytracks:length></extensions></trkpt><trkpt lat="-37.8528782538931" lon="145.1695357558074"><ele>116.4199483439828</ele><time>2026-07-23T08:47:48.92200Z</time><extensions><mytracks:speed>76.80713523296308</mytracks:speed><mytracks:gradient>0</mytracks:gradient><mytracks:length>0.02159605886437045</mytracks:length></extensions></trkpt><trkpt lat="-37.85268474714959" lon="145.1695684292924"><ele>116.8784392788774</ele><time>2026-07-23T08:47:49.93400Z</time><extensions><mytracks:speed>77.18030591234557</mytracks:speed><mytracks:gradient>0</mytracks:gradient><mytracks:length>0.02170699272883525</mytracks:length></extensions></trkpt><trkpt lat="-37.85249422079466" lon="145.1696001389217"><ele>117.3470758690161</ele><time>2026-07-23T08:47:50.92700Z</time><extensions><mytracks:speed>77.49129418681866</mytracks:speed><mytracks:gradient>0</mytracks:gradient><mytracks:length>0.02136740283004583</mytracks:length></extensions></trkpt><trkpt lat="-37.85230700313979" lon="145.1696318731095"><ele>117.6691908255917</ele><time>2026-07-23T08:47:51.91400Z</time><extensions><mytracks:speed>76.57710739350294</mytracks:speed><mytracks:gradient>0</mytracks:gradient><mytracks:length>0.02100345579952985</mytracks:length></extensions></trkpt><trkpt lat="-37.85211947346998" lon="145.1696635915329"><ele>117.9459727410829</ele><time>2026-07-23T08:47:52.91000Z</time><extensions><mytracks:speed>76.05347766210498</mytracks:speed><mytracks:gradient>0</mytracks:gradient><mytracks:length>0.02103754207458632</mytracks:length></extensions></trkpt><trkpt lat="-37.85193390773707" lon="145.1696970632533"><ele>118.0223718502566</ele><time>2026-07-23T08:47:53.91600Z</time><extensions><mytracks:speed>74.59432494280288</mytracks:speed><mytracks:gradient>0</mytracks:gradient><mytracks:length>0.02084235226274787</mytracks:length></extensions></trkpt><trkpt lat="-37.85175201135827" lon="145.1697298780699"><ele>118.1354320502811</ele><time>2026-07-23T08:47:54.91500Z</time><extensions><mytracks:speed>73.5927867781032</mytracks:speed><mytracks:gradient>0</mytracks:gradient><mytracks:length>0.02042984672344465</mytracks:length></extensions></trkpt><trkpt lat="-37.85157197854589" lon="145.1697641599442"><ele>118.2352295116797</ele><time>2026-07-23T08:47:55.91900Z</time><extensions><mytracks:speed>72.6532124075063</mytracks:speed><mytracks:gradient>0</mytracks:gradient><mytracks:length>0.02024349148147914</mytracks:length></extensions></trkpt><trkpt lat="-37.85139368718301" lon="145.1697984561188"><ele>118.3140874190238</ele><time>2026-07-23T08:47:56.91500Z</time><extensions><mytracks:speed>72.45961931040303</mytracks:speed><mytracks:gradient>0</mytracks:gradient><mytracks:length>0.02005225871633409</mytracks:length></extensions></trkpt><trkpt lat="-37.85121804432818" lon="145.1698329515198"><ele>118.301791099499</ele><time>2026-07-23T08:47:57.90200Z</time><extensions><mytracks:speed>72.06203729853397</mytracks:speed><mytracks:gradient>0</mytracks:gradient><mytracks:length>0.01976387831544489</mytracks:length></extensions></trkpt><trkpt lat="-37.85104035274026" lon="145.1698648946596"><ele>118.500953205322</ele><time>2026-07-23T08:47:58.89900Z</time><extensions><mytracks:speed>72.05587767291286</mytracks:speed><mytracks:gradient>0</mytracks:gradient><mytracks:length>0.01995651967495423</mytracks:length></extensions></trkpt><trkpt lat="-37.8508623475248" lon="145.1698963613698"><ele>118.7963310149737</ele><time>2026-07-23T08:47:59.90600Z</time><extensions><mytracks:speed>71.4863126587457</mytracks:speed><mytracks:gradient>0</mytracks:gradient><mytracks:length>0.01998517680203064</mytracks:length></extensions></trkpt><trkpt lat="-37.85068399036172" lon="145.16992729072"><ele>119.2607588644823</ele><time>2026-07-23T08:48:00.91600Z</time><extensions><mytracks:speed>71.3313591123032</mytracks:speed><mytracks:gradient>0</mytracks:gradient><mytracks:length>0.02001739517152045</mytracks:length></extensions></trkpt><trkpt lat="-37.85050662457807" lon="145.1699578759662"><ele>119.8568515729977</ele><time>2026-07-23T08:48:01.92200Z</time><extensions><mytracks:speed>71.21750504270396</mytracks:speed><mytracks:gradient>0</mytracks:gradient><mytracks:length>0.0199042895211574</mytracks:length></extensions></trkpt><trkpt lat="-37.85033267821291" lon="145.1699867259437"><ele>120.6046094941206</ele><time>2026-07-23T08:48:02.92200Z</time><extensions><mytracks:speed>70.23031932748951</mytracks:speed><mytracks:gradient>0</mytracks:gradient><mytracks:length>0.01950752901072341</mytracks:length></extensions></trkpt><trkpt lat="-37.85016251229146" lon="145.1700157373663"><ele>121.3417842162981</ele><time>2026-07-23T08:48:03.91900Z</time><extensions><mytracks:speed>68.95099508722402</mytracks:speed><mytracks:gradient>0</mytracks:gradient><mytracks:length>0.01909214696128174</mytracks:length></extensions></trkpt><trkpt lat="-37.84999893067287" lon="145.1700450164047"><ele>122.0488826249828</ele><time>2026-07-23T08:48:04.90700Z</time><extensions><mytracks:speed>66.92890577020975</mytracks:speed><mytracks:gradient>0</mytracks:gradient><mytracks:length>0.01837016413864229</mytracks:length></extensions></trkpt><trkpt lat="-37.84984003610582" lon="145.1700735398269"><ele>122.6486036590849</ele><time>2026-07-23T08:48:05.91000Z</time><extensions><mytracks:speed>64.05962126002514</mytracks:speed><mytracks:gradient>0</mytracks:gradient><mytracks:length>0.01784480591046195</mytracks:length></extensions></trkpt><trkpt lat="-37.84969003391083" lon="145.1701000867525"><ele>123.2017236331976</ele><time>2026-07-23T08:48:06.91700Z</time><extensions><mytracks:speed>60.18505048879378</mytracks:speed><mytracks:gradient>0</mytracks:gradient><mytracks:length>0.01684185364781515</mytracks:length></extensions></trkpt><trkpt lat="-37.84954968624266" lon="145.1701260328451"><ele>123.7456792944474</ele><time>2026-07-23T08:48:07.92400Z</time><extensions><mytracks:speed>56.41129809707804</mytracks:speed><mytracks:gradient>0</mytracks:gradient><mytracks:length>0.01577155050609792</mytracks:length></extensions></trkpt><trkpt lat="-37.84942005267597" lon="145.1701503335147"><ele>124.2993846334334</ele><time>2026-07-23T08:48:08.93000Z</time><extensions><mytracks:speed>52.10120602803681</mytracks:speed><mytracks:gradient>0</mytracks:gradient><mytracks:length>0.01457156318775689</mytracks:length></extensions></trkpt><trkpt lat="-37.84924537669826" lon="145.1701805362289"><ele>124.9784894793034</ele><time>2026-07-23T08:48:10.41000Z</time><extensions><mytracks:speed>47.71243949742835</mytracks:speed><mytracks:gradient>0</mytracks:gradient><mytracks:length>0.01960362182117828</mytracks:length></extensions></trkpt><trkpt lat="-37.84914575308687" lon="145.1701974855434"><ele>125.3997530667557</ele><time>2026-07-23T08:48:11.40900Z</time><extensions><mytracks:speed>40.25817507079399</mytracks:speed><mytracks:gradient>0</mytracks:gradient><mytracks:length>0.01117739670532279</mytracks:length></extensions></trkpt><trkpt lat="-37.84905739234043" lon="145.1702117161283"><ele>125.7562275821269</ele><time>2026-07-23T08:48:12.40800Z</time><extensions><mytracks:speed>35.69487973589125</mytracks:speed><mytracks:gradient>0</mytracks:gradient><mytracks:length>0.009903803897254053</mytracks:length></extensions></trkpt><trkpt lat="-37.84897932520575" lon="145.1702237929879"><ele>125.987594455856</ele><time>2026-07-23T08:48:13.41300Z</time><extensions><mytracks:speed>31.30846526132672</mytracks:speed><mytracks:gradient>0</mytracks:gradient><mytracks:length>0.008744875707356357</mytracks:length></extensions></trkpt><trkpt lat="-37.84888131023584" lon="145.1702410650597"><ele>126.3807485426976</ele><time>2026-07-23T08:48:14.91600Z</time><extensions><mytracks:speed>26.35864000251994</mytracks:speed><mytracks:gradient>0</mytracks:gradient><mytracks:length>0.01100389792739846</mytracks:length></extensions></trkpt><trkpt lat="-37.84881790009295" lon="145.1702522218263"><ele>126.6485000451698</ele><time>2026-07-23T08:48:15.91900Z</time><extensions><mytracks:speed>25.55494187209515</mytracks:speed><mytracks:gradient>0</mytracks:gradient><mytracks:length>0.00711824838826298</mytracks:length></extensions></trkpt><trkpt lat="-37.84872352861564" lon="145.1702687718796"><ele>127.0879139749031</ele><time>2026-07-23T08:48:17.41500Z</time><extensions><mytracks:speed>25.50442449314708</mytracks:speed><mytracks:gradient>0</mytracks:gradient><mytracks:length>0.01059411570595224</mytracks:length></extensions></trkpt><trkpt lat="-37.84865091957649" lon="145.1702809190386"><ele>127.4373251479417</ele><time>2026-07-23T08:48:18.41400Z</time><extensions><mytracks:speed>29.32932581581811</mytracks:speed><mytracks:gradient>0</mytracks:gradient><mytracks:length>0.008145094486746466</mytracks:length></extensions></trkpt><trkpt lat="-37.84852231320516" lon="145.1703031218006"><ele>128.0362235414742</ele><time>2026-07-23T08:48:19.91500Z</time><extensions><mytracks:speed>34.63050783809302</mytracks:speed><mytracks:gradient>0</mytracks:gradient><mytracks:length>0.01443297560165733</mytracks:length></extensions></trkpt><trkpt lat="-37.84842707561493" lon="145.17031890313"><ele>128.5174438715588</ele><time>2026-07-23T08:48:20.91400Z</time><extensions><mytracks:speed>38.468822925845</mytracks:speed><mytracks:gradient>0</mytracks:gradient><mytracks:length>0.01068011553699132</mytracks:length></extensions></trkpt><trkpt lat="-37.84832280745864" lon="145.170335943637"><ele>129.0095752319513</ele><time>2026-07-23T08:48:21.91400Z</time><extensions><mytracks:speed>42.10877755106036</mytracks:speed><mytracks:gradient>0</mytracks:gradient><mytracks:length>0.01168976993563299</mytracks:length></extensions></trkpt><trkpt lat="-37.84820929873489" lon="145.1703548279916"><ele>129.5448203773441</ele><time>2026-07-23T08:48:22.91300Z</time><extensions><mytracks:speed>45.85367663144876</mytracks:speed><mytracks:gradient>0</mytracks:gradient><mytracks:length>0.01273018275174969</mytracks:length></extensions></trkpt><trkpt lat="-37.84808520311176" lon="145.1703744398382"><ele>130.1271390048553</ele><time>2026-07-23T08:48:23.91300Z</time><extensions><mytracks:speed>50.0788467126417</mytracks:speed><mytracks:gradient>0</mytracks:gradient><mytracks:length>0.01390631998888991</mytracks:length></extensions></trkpt><trkpt lat="-37.84795171861845" lon="145.1703953631204"><ele>130.7071096526387</ele><time>2026-07-23T08:48:24.91200Z</time><extensions><mytracks:speed>53.85400957069828</mytracks:speed><mytracks:gradient>0</mytracks:gradient><mytracks:length>0.01495615155521862</mytracks:length></extensions></trkpt><trkpt lat="-37.84781092995805" lon="145.1704165375004"><ele>131.2839846638866</ele><time>2026-07-23T08:48:25.91200Z</time><extensions><mytracks:speed>56.76158516182818</mytracks:speed><mytracks:gradient>0</mytracks:gradient><mytracks:length>0.01576497741888645</mytracks:length></extensions></trkpt><trkpt lat="-37.84766328214013" lon="145.1704376785607"><ele>131.8649084665096</ele><time>2026-07-23T08:48:26.91200Z</time><extensions><mytracks:speed>59.48525700269587</mytracks:speed><mytracks:gradient>0</mytracks:gradient><mytracks:length>0.01652228789902107</mytracks:length></extensions></trkpt><trkpt lat="-37.84751195893509" lon="145.1704584022694"><ele>132.4387250413625</ele><time>2026-07-23T08:48:27.91200Z</time><extensions><mytracks:speed>60.93191131588706</mytracks:speed><mytracks:gradient>0</mytracks:gradient><mytracks:length>0.01692459673500066</mytracks:length></extensions></trkpt><trkpt lat="-37.84735864823903" lon="145.1704782300415"><ele>132.9421411893617</ele><time>2026-07-23T08:48:28.91200Z</time><extensions><mytracks:speed>61.69210092050976</mytracks:speed><mytracks:gradient>0</mytracks:gradient><mytracks:length>0.01713601851573225</mytracks:length></extensions></trkpt><trkpt lat="-37.84720438333471" lon="145.1704979291585"><ele>133.4540313258515</ele><time>2026-07-23T08:48:29.91200Z</time><extensions><mytracks:speed>62.06726776654449</mytracks:speed><mytracks:gradient>0</mytracks:gradient><mytracks:length>0.01724036511997007</mytracks:length></extensions></trkpt><trkpt lat="-37.8470494870602" lon="145.1705176605347"><ele>133.8763568873948</ele><time>2026-07-23T08:48:30.91200Z</time><extensions><mytracks:speed>62.31967045052093</mytracks:speed><mytracks:gradient>0</mytracks:gradient><mytracks:length>0.01731053461551824</mytracks:length></extensions></trkpt><trkpt lat="-37.84689535011373" lon="145.1705374383959"><ele>134.240807276823</ele><time>2026-07-23T08:48:31.91200Z</time><extensions><mytracks:speed>62.01896184873868</mytracks:speed><mytracks:gradient>0</mytracks:gradient><mytracks:length>0.0172270293788304</mytracks:length></extensions></trkpt><trkpt lat="-37.84674150385759" lon="145.1705572279943"><ele>134.5004671470752</ele><time>2026-07-23T08:48:32.91200Z</time><extensions><mytracks:speed>61.90296829698237</mytracks:speed><mytracks:gradient>0</mytracks:gradient><mytracks:length>0.01719482415701589</mytracks:length></extensions></trkpt><trkpt lat="-37.84658654713454" lon="145.1705772432412"><ele>134.6531889060709</ele><time>2026-07-23T08:48:33.91200Z</time><extensions><mytracks:speed>62.35326651707791</mytracks:speed><mytracks:gradient>0</mytracks:gradient><mytracks:length>0.01731990376023642</mytracks:length></extensions></trkpt><trkpt lat="-37.84642924521259" lon="145.1705973696007"><ele>134.708391282972</ele><time>2026-07-23T08:48:34.91200Z</time><extensions><mytracks:speed>63.28944995803621</mytracks:speed><mytracks:gradient>0</mytracks:gradient><mytracks:length>0.01757995637194121</mytracks:length></extensions></trkpt><trkpt lat="-37.84626886995336" lon="145.1706184408571"><ele>134.6981127077273</ele><time>2026-07-23T08:48:35.91200Z</time><extensions><mytracks:speed>64.54496361605081</mytracks:speed><mytracks:gradient>0</mytracks:gradient><mytracks:length>0.01792870131042476</mytracks:length></extensions></trkpt><trkpt lat="-37.84610511000164" lon="145.1706399305897"><ele>134.610676511513</ele><time>2026-07-23T08:48:36.90800Z</time><extensions><mytracks:speed>66.15897090867531</mytracks:speed><mytracks:gradient>0</mytracks:gradient><mytracks:length>0.01830676517286119</mytracks:length></extensions></trkpt><trkpt lat="-37.84593636285962" lon="145.1706615438779"><ele>134.4601329358157</ele><time>2026-07-23T08:48:37.90300Z</time><extensions><mytracks:speed>68.2189614406679</mytracks:speed><mytracks:gradient>0</mytracks:gradient><mytracks:length>0.0188591783038517</mytracks:length></extensions></trkpt><trkpt lat="-37.84576304668867" lon="145.1706839254934"><ele>134.2393836766256</ele><time>2026-07-23T08:48:38.90600Z</time><extensions><mytracks:speed>69.54602139075928</mytracks:speed><mytracks:gradient>0</mytracks:gradient><mytracks:length>0.01937168654442533</mytracks:length></extensions></trkpt><trkpt lat="-37.84558656534554" lon="145.170707136808"><ele>133.8250037274242</ele><time>2026-07-23T08:48:39.90900Z</time><extensions><mytracks:speed>70.79864411876559</mytracks:speed><mytracks:gradient>0</mytracks:gradient><mytracks:length>0.01972919040473092</mytracks:length></extensions></trkpt><trkpt lat="-37.84540725288212" lon="145.1707301432688"><ele>133.2892918540553</ele><time>2026-07-23T08:48:40.91200Z</time><extensions><mytracks:speed>71.92026333908474</mytracks:speed><mytracks:gradient>0</mytracks:gradient><mytracks:length>0.02004101903813279</mytracks:length></extensions></trkpt><trkpt lat="-37.84522562558816" lon="145.1707541156129"><ele>132.6203041583153</ele><time>2026-07-23T08:48:41.91100Z</time><extensions><mytracks:speed>73.21336604282585</mytracks:speed><mytracks:gradient>0</mytracks:gradient><mytracks:length>0.02030528209513704</mytracks:length></extensions></trkpt><trkpt lat="-37.84504413429303" lon="145.1707794285459"><ele>131.8748264768504</ele><time>2026-07-23T08:48:42.89300Z</time><extensions><mytracks:speed>74.40941738332646</mytracks:speed><mytracks:gradient>0</mytracks:gradient><mytracks:length>0.02030306267180136</mytracks:length></extensions></trkpt><trkpt lat="-37.84485478359277" lon="145.1708048740461"><ele>131.0624148696229</ele><time>2026-07-23T08:48:43.89800Z</time><extensions><mytracks:speed>75.86491861464805</mytracks:speed><mytracks:gradient>0</mytracks:gradient><mytracks:length>0.02117312560530289</mytracks:length></extensions></trkpt><trkpt lat="-37.84466484767042" lon="145.1708300102707"><ele>130.2349528997249</ele><time>2026-07-23T08:48:44.89100Z</time><extensions><mytracks:speed>76.95349951338993</mytracks:speed><mytracks:gradient>0</mytracks:gradient><mytracks:length>0.02123475768710128</mytracks:length></extensions></trkpt><trkpt lat="-37.8444687139211" lon="145.1708556048537"><ele>129.3862862547513</ele><time>2026-07-23T08:48:45.90400Z</time><extensions><mytracks:speed>77.92069730126069</mytracks:speed><mytracks:gradient>0</mytracks:gradient><mytracks:length>0.02192471050009128</mytracks:length></extensions></trkpt><trkpt lat="-37.84427134088531" lon="145.1708819081545"><ele>128.5541580557347</ele><time>2026-07-23T08:48:46.92100Z</time><extensions><mytracks:speed>78.09806496027305</mytracks:speed><mytracks:gradient>0</mytracks:gradient><mytracks:length>0.02206832211074397</mytracks:length></extensions></trkpt><trkpt lat="-37.84407850757275" lon="145.1709073580597"><ele>127.666075968865</ele><time>2026-07-23T08:48:47.92000Z</time><extensions><mytracks:speed>77.73570867939154</mytracks:speed><mytracks:gradient>0</mytracks:gradient><mytracks:length>0.0215582573001291</mytracks:length></extensions></trkpt><trkpt lat="-37.84388370868285" lon="145.170934813498"><ele>126.8262866262457</ele><time>2026-07-23T08:48:48.92800Z</time><extensions><mytracks:speed>77.85423152715552</mytracks:speed><mytracks:gradient>0</mytracks:gradient><mytracks:length>0.02179442353647531</mytracks:length></extensions></trkpt><trkpt lat="-37.84369369522119" lon="145.1709640879074"><ele>126.0335787541635</ele><time>2026-07-23T08:48:49.91700Z</time><extensions><mytracks:speed>77.47714690854477</mytracks:speed><mytracks:gradient>0</mytracks:gradient><mytracks:length>0.02128457002309151</mytracks:length></extensions></trkpt><trkpt lat="-37.84350346506066" lon="145.1709944895746"><ele>125.2022926219187</ele><time>2026-07-23T08:48:50.91600Z</time><extensions><mytracks:speed>76.81262822453087</mytracks:speed><mytracks:gradient>0</mytracks:gradient><mytracks:length>0.02132053193294835</mytracks:length></extensions></trkpt><trkpt lat="-37.84331374463562" lon="145.1710247447446"><ele>124.4747849023433</ele><time>2026-07-23T08:48:51.91400Z</time><extensions><mytracks:speed>76.69004166870741</mytracks:speed><mytracks:gradient>0</mytracks:gradient><mytracks:length>0.02126275174702218</mytracks:length></extensions></trkpt><trkpt lat="-37.84312447301686" lon="145.1710557617964"><ele>123.8544576644962</ele><time>2026-07-23T08:48:52.91000Z</time><extensions><mytracks:speed>76.70886662221103</mytracks:speed><mytracks:gradient>0</mytracks:gradient><mytracks:length>0.02122159621612645</mytracks:length></extensions></trkpt><trkpt lat="-37.84293480666199" lon="145.1710866007639"><ele>123.3146604329065</ele><time>2026-07-23T08:48:53.91100Z</time><extensions><mytracks:speed>76.45097575894263</mytracks:speed><mytracks:gradient>0</mytracks:gradient><mytracks:length>0.0212629636825701</mytracks:length></extensions></trkpt><trkpt lat="-37.84274394577242" lon="145.1711158530903"><ele>122.833909169836</ele><time>2026-07-23T08:48:54.91700Z</time><extensions><mytracks:speed>76.49354974194938</mytracks:speed><mytracks:gradient>0</mytracks:gradient><mytracks:length>0.02137794515947326</mytracks:length></extensions></trkpt><trkpt lat="-37.84255242480678" lon="145.171144814445"><ele>122.4272881890291</ele><time>2026-07-23T08:48:55.92300Z</time><extensions><mytracks:speed>76.789677554006</mytracks:speed><mytracks:gradient>0</mytracks:gradient><mytracks:length>0.02144760468015524</mytracks:length></extensions></trkpt><trkpt lat="-37.8423619836969" lon="145.1711744449704"><ele>121.9681862716629</ele><time>2026-07-23T08:48:56.92200Z</time><extensions><mytracks:speed>76.89132345656613</mytracks:speed><mytracks:gradient>0</mytracks:gradient><mytracks:length>0.02133532215973934</mytracks:length></extensions></trkpt><trkpt lat="-37.84217209081186" lon="145.1712034986025"><ele>121.468417455347</ele><time>2026-07-23T08:48:57.91400Z</time><extensions><mytracks:speed>77.18359561070181</mytracks:speed><mytracks:gradient>0</mytracks:gradient><mytracks:length>0.02126868514407725</mytracks:length></extensions></trkpt><trkpt lat="-37.84198251945678" lon="145.1712333105062"><ele>120.9058275918049</ele><time>2026-07-23T08:48:58.90400Z</time><extensions><mytracks:speed>77.2551546471017</mytracks:speed><mytracks:gradient>0</mytracks:gradient><mytracks:length>0.02124112321309549</mytracks:length></extensions></trkpt><trkpt lat="-37.84178999902198" lon="145.1712643535356"><ele>120.393645913436</ele><time>2026-07-23T08:48:59.90400Z</time><extensions><mytracks:speed>77.63904535603241</mytracks:speed><mytracks:gradient>0</mytracks:gradient><mytracks:length>0.02158019444890524</mytracks:length></extensions></trkpt><trkpt lat="-37.84159668087412" lon="145.171296676324"><ele>119.9509493848682</ele><time>2026-07-23T08:49:00.91000Z</time><extensions><mytracks:speed>77.5722745604992</mytracks:speed><mytracks:gradient>0</mytracks:gradient><mytracks:length>0.0216822743443698</mytracks:length></extensions></trkpt><trkpt lat="-37.84140364930668" lon="145.171328120357"><ele>119.5326470009836</ele><time>2026-07-23T08:49:01.91600Z</time><extensions><mytracks:speed>77.43489776683202</mytracks:speed><mytracks:gradient>0</mytracks:gradient><mytracks:length>0.02164108370683258</mytracks:length></extensions></trkpt><trkpt lat="-37.84121160118484" lon="145.1713594661681"><ele>119.1777883326505</ele><time>2026-07-23T08:49:02.92100Z</time><extensions><mytracks:speed>77.13511761681795</mytracks:speed><mytracks:gradient>0</mytracks:gradient><mytracks:length>0.02153148464078084</mytracks:length></extensions></trkpt><trkpt lat="-37.84102241975914" lon="145.171390299865"><ele>118.8561161591591</ele><time>2026-07-23T08:49:03.91300Z</time><extensions><mytracks:speed>77.03384184496031</mytracks:speed><mytracks:gradient>0</mytracks:gradient><mytracks:length>0.0212094889482212</mytracks:length></extensions></trkpt><trkpt lat="-37.84083376401162" lon="145.1714210908217"><ele>118.4559376218046</ele><time>2026-07-23T08:49:04.90600Z</time><extensions><mytracks:speed>76.65847387174099</mytracks:speed><mytracks:gradient>0</mytracks:gradient><mytracks:length>0.02115119237030248</mytracks:length></extensions></trkpt><trkpt lat="-37.84064402675696" lon="145.1714521575521"><ele>117.9891010684362</ele><time>2026-07-23T08:49:05.90500Z</time><extensions><mytracks:speed>76.65209339356842</mytracks:speed><mytracks:gradient>0</mytracks:gradient><mytracks:length>0.02127334593794522</mytracks:length></extensions></trkpt><trkpt lat="-37.84045147869521" lon="145.1714835964289"><ele>117.5403167170077</ele><time>2026-07-23T08:49:06.90900Z</time><extensions><mytracks:speed>77.3671058046946</mytracks:speed><mytracks:gradient>0</mytracks:gradient><mytracks:length>0.02158771062529228</mytracks:length></extensions></trkpt><trkpt lat="-37.84025736814296" lon="145.1715150293891"><ele>117.0689760392272</ele><time>2026-07-23T08:49:07.91400Z</time><extensions><mytracks:speed>77.95688588095383</mytracks:speed><mytracks:gradient>0</mytracks:gradient><mytracks:length>0.02175986614351485</mytracks:length></extensions></trkpt><trkpt lat="-37.8400664542704" lon="145.171543460992"><ele>116.9733400210833</ele><time>2026-07-23T08:49:08.89800Z</time><extensions><mytracks:speed>78.23176476449152</mytracks:speed><mytracks:gradient>0</mytracks:gradient><mytracks:length>0.02137499383134993</mytracks:length></extensions></trkpt><trkpt lat="-37.83987471257228" lon="145.1715742248444"><ele>116.5374160237771</ele><time>2026-07-23T08:49:09.88900Z</time><extensions><mytracks:speed>78.03373803974274</mytracks:speed><mytracks:gradient>0</mytracks:gradient><mytracks:length>0.02149105343280776</mytracks:length></extensions></trkpt><trkpt lat="-37.83968007723333" lon="145.1716053449611"><ele>116.1413032772883</ele><time>2026-07-23T08:49:10.89500Z</time><extensions><mytracks:speed>78.12553480300197</mytracks:speed><mytracks:gradient>0</mytracks:gradient><mytracks:length>0.02181405750458315</mytracks:length></extensions></trkpt><trkpt lat="-37.83948419382473" lon="145.1716385778368"><ele>115.7395539951799</ele><time>2026-07-23T08:49:11.91100Z</time><extensions><mytracks:speed>77.86456204305446</mytracks:speed><mytracks:gradient>0</mytracks:gradient><mytracks:length>0.02197582980235311</mytracks:length></extensions></trkpt><trkpt lat="-37.83928936557099" lon="145.1716727745993"><ele>115.4186934883583</ele><time>2026-07-23T08:49:12.92900Z</time><extensions><mytracks:speed>77.35101023096863</mytracks:speed><mytracks:gradient>0</mytracks:gradient><mytracks:length>0.02187120540127672</mytracks:length></extensions></trkpt><trkpt lat="-37.83910124040402" lon="145.1717085771272"><ele>114.7828724368478</ele><time>2026-07-23T08:49:13.92300Z</time><extensions><mytracks:speed>76.58335592830811</mytracks:speed><mytracks:gradient>0</mytracks:gradient><mytracks:length>0.02115353583929507</mytracks:length></extensions></trkpt><trkpt lat="-37.83891409059905" lon="145.1717420144294"><ele>114.5365669466176</ele><time>2026-07-23T08:49:14.91500Z</time><extensions><mytracks:speed>76.28144562844426</mytracks:speed><mytracks:gradient>0</mytracks:gradient><mytracks:length>0.02101611061685769</mytracks:length></extensions></trkpt><trkpt lat="-37.83872784702977" lon="145.1717747706584"><ele>114.3205203558585</ele><time>2026-07-23T08:49:15.91200Z</time><extensions><mytracks:speed>75.46933423751801</mytracks:speed><mytracks:gradient>0</mytracks:gradient><mytracks:length>0.02090797723185205</mytracks:length></extensions></trkpt><trkpt lat="-37.83854438392115" lon="145.1718061866751"><ele>114.1419277161989</ele><time>2026-07-23T08:49:16.91200Z</time><extensions><mytracks:speed>74.11858807236753</mytracks:speed><mytracks:gradient>0</mytracks:gradient><mytracks:length>0.02058586072554115</mytracks:length></extensions></trkpt><trkpt lat="-37.83836413445486" lon="145.1718361340618"><ele>113.9646471601992</ele><time>2026-07-23T08:49:17.91200Z</time><extensions><mytracks:speed>72.73694571546964</mytracks:speed><mytracks:gradient>0</mytracks:gradient><mytracks:length>0.02021453177683644</mytracks:length></extensions></trkpt><trkpt lat="-37.83818761325877" lon="145.171865114229"><ele>113.7563975944802</ele><time>2026-07-23T08:49:18.91300Z</time><extensions><mytracks:speed>71.19596877600536</mytracks:speed><mytracks:gradient>0</mytracks:gradient><mytracks:length>0.01979281436126003</mytracks:length></extensions></trkpt><trkpt lat="-37.83801449205769" lon="145.1718941880492"><ele>113.5757241334273</ele><time>2026-07-23T08:49:19.91400Z</time><extensions><mytracks:speed>69.8756314164558</mytracks:speed><mytracks:gradient>0</mytracks:gradient><mytracks:length>0.01941885217688859</mytracks:length></extensions></trkpt><trkpt lat="-37.83784499272412" lon="145.1719232584047"><ele>113.3107634517557</ele><time>2026-07-23T08:49:20.91400Z</time><extensions><mytracks:speed>68.45848744825868</mytracks:speed><mytracks:gradient>0</mytracks:gradient><mytracks:length>0.01901954713907795</mytracks:length></extensions></trkpt><trkpt lat="-37.8376788147747" lon="145.1719513655975"><ele>112.9711320860702</ele><time>2026-07-23T08:49:21.91300Z</time><extensions><mytracks:speed>67.14414266986226</mytracks:speed><mytracks:gradient>0</mytracks:gradient><mytracks:length>0.01864240170028944</mytracks:length></extensions></trkpt><trkpt lat="-37.83751518579136" lon="145.1719790366615"><ele>112.5917027730296</ele><time>2026-07-23T08:49:22.91200Z</time><extensions><mytracks:speed>66.19212847268368</mytracks:speed><mytracks:gradient>0</mytracks:gradient><mytracks:length>0.01835642172853589</mytracks:length></extensions></trkpt><trkpt lat="-37.83735447639055" lon="145.1720066569589"><ele>112.1659270579221</ele><time>2026-07-23T08:49:23.91000Z</time><extensions><mytracks:speed>65.02841477083312</mytracks:speed><mytracks:gradient>0</mytracks:gradient><mytracks:length>0.01803370889483322</mytracks:length></extensions></trkpt><trkpt lat="-37.83719721643083" lon="145.1720322349427"><ele>111.742887984677</ele><time>2026-07-23T08:49:24.91000Z</time><extensions><mytracks:speed>63.47733583805082</mytracks:speed><mytracks:gradient>0</mytracks:gradient><mytracks:length>0.01763038201704483</mytracks:length></extensions></trkpt><trkpt lat="-37.8370440744819" lon="145.1720569011393"><ele>111.3312348687816</ele><time>2026-07-23T08:49:25.91100Z</time><extensions><mytracks:speed>61.76090612192542</mytracks:speed><mytracks:gradient>0</mytracks:gradient><mytracks:length>0.0171659715601159</mytracks:length></extensions></trkpt><trkpt lat="-37.83689684260597" lon="145.1720816074119"><ele>110.8750421597377</ele><time>2026-07-23T08:49:26.91100Z</time><extensions><mytracks:speed>59.41606417180495</mytracks:speed><mytracks:gradient>0</mytracks:gradient><mytracks:length>0.01651437642797755</mytracks:length></extensions></trkpt><trkpt lat="-37.8367561844515" lon="145.1721045317242"><ele>110.3922466718535</ele><time>2026-07-23T08:49:27.91200Z</time><extensions><mytracks:speed>56.70323969539679</mytracks:speed><mytracks:gradient>0</mytracks:gradient><mytracks:length>0.01576983605183003</mytracks:length></extensions></trkpt><trkpt lat="-37.8366244698195" lon="145.1721253667652"><ele>109.9213261377383</ele><time>2026-07-23T08:49:28.90300Z</time><extensions><mytracks:speed>53.66313177852712</mytracks:speed><mytracks:gradient>0</mytracks:gradient><mytracks:length>0.01475992023877946</mytracks:length></extensions></trkpt><trkpt lat="-37.83650100927249" lon="145.1721456400359"><ele>109.3732121226991</ele><time>2026-07-23T08:49:29.89500Z</time><extensions><mytracks:speed>50.19341325576406</mytracks:speed><mytracks:gradient>0</mytracks:gradient><mytracks:length>0.01384298584220249</mytracks:length></extensions></trkpt><trkpt lat="-37.83638317893265" lon="145.1721648320137"><ele>108.9253274515471</ele><time>2026-07-23T08:49:30.90100Z</time><extensions><mytracks:speed>47.27858901696442</mytracks:speed><mytracks:gradient>0</mytracks:gradient><mytracks:length>0.01321000024631367</mytracks:length></extensions></trkpt><trkpt lat="-37.83627196049974" lon="145.1721815188076"><ele>108.5444889221812</ele><time>2026-07-23T08:49:31.91200Z</time><extensions><mytracks:speed>44.36540663390532</mytracks:speed><mytracks:gradient>0</mytracks:gradient><mytracks:length>0.01245354276680426</mytracks:length></extensions></trkpt><trkpt lat="-37.83617027901367" lon="145.1721991367038"><ele>108.2657535418391</ele><time>2026-07-23T08:49:32.92400Z</time><extensions><mytracks:speed>40.56839740148096</mytracks:speed><mytracks:gradient>0</mytracks:gradient><mytracks:length>0.01141120701928158</mytracks:length></extensions></trkpt><trkpt lat="-37.83608042750505" lon="145.1722162970861"><ele>108.099140068933</ele><time>2026-07-23T08:49:33.92500Z</time><extensions><mytracks:speed>36.37110129974803</mytracks:speed><mytracks:gradient>0</mytracks:gradient><mytracks:length>0.01010380993637643</mytracks:length></extensions></trkpt><trkpt lat="-37.83600221956288" lon="145.1722322140222"><ele>108.0987504771533</ele><time>2026-07-23T08:49:34.91700Z</time><extensions><mytracks:speed>31.94634868873428</mytracks:speed><mytracks:gradient>0</mytracks:gradient><mytracks:length>0.008808031253662684</mytracks:length></extensions></trkpt><trkpt lat="-37.83593634345711" lon="145.1722470737723"><ele>108.0972188811577</ele><time>2026-07-23T08:49:35.91200Z</time><extensions><mytracks:speed>26.91173987860883</mytracks:speed><mytracks:gradient>0</mytracks:gradient><mytracks:length>0.007439560270752193</mytracks:length></extensions></trkpt><trkpt lat="-37.83588185731018" lon="145.1722611928902"><ele>108.1833477945545</ele><time>2026-07-23T08:49:36.90800Z</time><extensions><mytracks:speed>22.34766030788917</mytracks:speed><mytracks:gradient>0</mytracks:gradient><mytracks:length>0.006183925284473658</mytracks:length></extensions></trkpt><trkpt lat="-37.83583701000467" lon="145.1722722794309"><ele>108.3127541622318</ele><time>2026-07-23T08:49:37.90600Z</time><extensions><mytracks:speed>18.329098821976</mytracks:speed><mytracks:gradient>0</mytracks:gradient><mytracks:length>0.005080590884030849</mytracks:length></extensions></trkpt><trkpt lat="-37.83580154906217" lon="145.1722812685365"><ele>108.4632580757482</ele><time>2026-07-23T08:49:38.90700Z</time><extensions><mytracks:speed>14.45726912623834</mytracks:speed><mytracks:gradient>0</mytracks:gradient><mytracks:length>0.004019924186375934</mytracks:length></extensions></trkpt><trkpt lat="-37.83577545782209" lon="145.1722878407203"><ele>108.5841041616871</ele><time>2026-07-23T08:49:39.90600Z</time><extensions><mytracks:speed>10.65827662014383</mytracks:speed><mytracks:gradient>0</mytracks:gradient><mytracks:length>0.002956743052058666</mytracks:length></extensions></trkpt><trkpt lat="-37.83576301781772" lon="145.1722905563745"><ele>108.6657624505404</ele><time>2026-07-23T08:49:41.07000Z</time><extensions><mytracks:speed>4.336587272804188</mytracks:speed><mytracks:gradient>0</mytracks:gradient><mytracks:length>0.001401702876638579</mytracks:length></extensions></trkpt><trkpt lat="-37.83564782758581" lon="145.1723191845655"><ele>109.2372763874009</ele><time>2026-07-23T08:49:47.91000Z</time><extensions><mytracks:speed>6.869630115465535</mytracks:speed><mytracks:gradient>0</mytracks:gradient><mytracks:length>0.01305317193911323</mytracks:length></extensions></trkpt><trkpt lat="-37.83557291310611" lon="145.1723405008921"><ele>109.6824881032135</ele><time>2026-07-23T08:49:48.91300Z</time><extensions><mytracks:speed>30.63642773965459</mytracks:speed><mytracks:gradient>0</mytracks:gradient><mytracks:length>0.008538373244380471</mytracks:length></extensions></trkpt><trkpt lat="-37.83550080568686" lon="145.1723604949306"><ele>110.0818417226204</ele><time>2026-07-23T08:49:49.91500Z</time><extensions><mytracks:speed>29.50803108669701</mytracks:speed><mytracks:gradient>0</mytracks:gradient><mytracks:length>0.008207374764101855</mytracks:length></extensions></trkpt><trkpt lat="-37.83542102103237" lon="145.1723809031703"><ele>110.6225145951624</ele><time>2026-07-23T08:49:50.91400Z</time><extensions><mytracks:speed>32.61453912052421</mytracks:speed><mytracks:gradient>0</mytracks:gradient><mytracks:length>0.009050775019867029</mytracks:length></extensions></trkpt><trkpt lat="-37.83533594222335" lon="145.1724034240107"><ele>111.2117935818053</ele><time>2026-07-23T08:49:51.91300Z</time><extensions><mytracks:speed>34.81368376457786</mytracks:speed><mytracks:gradient>0</mytracks:gradient><mytracks:length>0.00966523395686404</mytracks:length></extensions></trkpt><trkpt lat="-37.83524775411029" lon="145.1724272716952"><ele>111.7745261463994</ele><time>2026-07-23T08:49:52.89700Z</time><extensions><mytracks:speed>36.70874085073786</mytracks:speed><mytracks:gradient>0</mytracks:gradient><mytracks:length>0.01002725294802303</mytracks:length></extensions></trkpt><trkpt lat="-37.83515632284995" lon="145.1724528981028"><ele>112.2937877057747</ele><time>2026-07-23T08:49:53.88300Z</time><extensions><mytracks:speed>38.01184407617132</mytracks:speed><mytracks:gradient>0</mytracks:gradient><mytracks:length>0.01041263227636255</mytracks:length></extensions></trkpt><trkpt lat="-37.83505991455295" lon="145.1724815567495"><ele>112.794262897831</ele><time>2026-07-23T08:49:54.88800Z</time><extensions><mytracks:speed>39.42734518257536</mytracks:speed><mytracks:gradient>0</mytracks:gradient><mytracks:length>0.01101126688401485</mytracks:length></extensions></trkpt><trkpt lat="-37.83496081302025" lon="145.1725136402552"><ele>113.1850195983317</ele><time>2026-07-23T08:49:55.90300Z</time><extensions><mytracks:speed>40.35192051887782</mytracks:speed><mytracks:gradient>0</mytracks:gradient><mytracks:length>0.01137402526908177</mytracks:length></extensions></trkpt><trkpt lat="-37.83485852217264" lon="145.1725469822225"><ele>113.57566688792</ele><time>2026-07-23T08:49:56.91900Z</time><extensions><mytracks:speed>41.61984163627539</mytracks:speed><mytracks:gradient>0</mytracks:gradient><mytracks:length>0.01174515012689129</mytracks:length></extensions></trkpt><trkpt lat="-37.83475542667261" lon="145.1725803614863"><ele>113.9715153683753</ele><time>2026-07-23T08:49:57.92500Z</time><extensions><mytracks:speed>42.34600540683437</mytracks:speed><mytracks:gradient>0</mytracks:gradient><mytracks:length>0.01183268618177594</mytracks:length></extensions></trkpt><trkpt lat="-37.83465314909876" lon="145.1726135728163"><ele>114.3767140246413</ele><time>2026-07-23T08:49:58.91900Z</time><extensions><mytracks:speed>42.53069280617034</mytracks:speed><mytracks:gradient>0</mytracks:gradient><mytracks:length>0.01174092891062779</mytracks:length></extensions></trkpt><trkpt lat="-37.83455044849958" lon="145.1726464837791"><ele>114.7258532894832</ele><time>2026-07-23T08:49:59.92000Z</time><extensions><mytracks:speed>42.34218120231935</mytracks:speed><mytracks:gradient>0</mytracks:gradient><mytracks:length>0.01178001308089279</mytracks:length></extensions></trkpt><trkpt lat="-37.83444745432634" lon="145.172679100306"><ele>114.9772426952671</ele><time>2026-07-23T08:50:00.92400Z</time><extensions><mytracks:speed>42.31681418135079</mytracks:speed><mytracks:gradient>0</mytracks:gradient><mytracks:length>0.01180523388581516</mytracks:length></extensions></trkpt><trkpt lat="-37.83434443032918" lon="145.1727096957936"><ele>115.10815648213</ele><time>2026-07-23T08:50:01.91900Z</time><extensions><mytracks:speed>42.59561679945507</mytracks:speed><mytracks:gradient>0</mytracks:gradient><mytracks:length>0.0117666164766261</mytracks:length></extensions></trkpt><trkpt lat="-37.83423849844642" lon="145.1727392777354"><ele>115.1456887725572</ele><time>2026-07-23T08:50:02.91800Z</time><extensions><mytracks:speed>43.47550614140464</mytracks:speed><mytracks:gradient>0</mytracks:gradient><mytracks:length>0.01206238795403007</mytracks:length></extensions></trkpt><trkpt lat="-37.8341275949027" lon="145.1727677441096"><ele>115.1704220323705</ele><time>2026-07-23T08:50:03.91400Z</time><extensions><mytracks:speed>45.46613250979518</mytracks:speed><mytracks:gradient>0</mytracks:gradient><mytracks:length>0.01258277754002616</mytracks:length></extensions></trkpt><trkpt lat="-37.83401005416606" lon="145.1727959264748"><ele>115.2110892751117</ele><time>2026-07-23T08:50:04.91200Z</time><extensions><mytracks:speed>47.98288529973193</mytracks:speed><mytracks:gradient>0</mytracks:gradient><mytracks:length>0.0133021258126053</mytracks:length></extensions></trkpt><trkpt lat="-37.83388503490409" lon="145.1728239518862"><ele>115.3433350829409</ele><time>2026-07-23T08:50:05.91100Z</time><extensions><mytracks:speed>50.88214833688991</mytracks:speed><mytracks:gradient>0</mytracks:gradient><mytracks:length>0.01411793537808323</mytracks:length></extensions></trkpt><trkpt lat="-37.83375466492296" lon="145.1728529412248"><ele>115.5656823044784</ele><time>2026-07-23T08:50:06.91000Z</time><extensions><mytracks:speed>53.02066117328621</mytracks:speed><mytracks:gradient>0</mytracks:gradient><mytracks:length>0.01471864564072201</mytracks:length></extensions></trkpt><trkpt lat="-37.83361897977226" lon="145.1728827543942"><ele>115.8792803309324</ele><time>2026-07-23T08:50:07.91000Z</time><extensions><mytracks:speed>55.14649407980716</mytracks:speed><mytracks:gradient>0</mytracks:gradient><mytracks:length>0.015313154788996</mytracks:length></extensions></trkpt><trkpt lat="-37.83347973728716" lon="145.1729128260455"><ele>116.2421967790799</ele><time>2026-07-23T08:50:08.91000Z</time><extensions><mytracks:speed>56.5553697444102</mytracks:speed><mytracks:gradient>0</mytracks:gradient><mytracks:length>0.01570684349974938</mytracks:length></extensions></trkpt><trkpt lat="-37.83333822889138" lon="145.1729428962814"><ele>116.6020969010437</ele><time>2026-07-23T08:50:09.91000Z</time><extensions><mytracks:speed>57.44431245933405</mytracks:speed><mytracks:gradient>0</mytracks:gradient><mytracks:length>0.01595506241113255</mytracks:length></extensions></trkpt><trkpt lat="-37.8331952332183" lon="145.1729725613887"><ele>116.9933069392907</ele><time>2026-07-23T08:50:10.91000Z</time><extensions><mytracks:speed>58.00848812307195</mytracks:speed><mytracks:gradient>0</mytracks:gradient><mytracks:length>0.01611245278010399</mytracks:length></extensions></trkpt><trkpt lat="-37.83305132691664" lon="145.1730022749229"><ele>117.3058065235151</ele><time>2026-07-23T08:50:11.91000Z</time><extensions><mytracks:speed>58.36800173230515</mytracks:speed><mytracks:gradient>0</mytracks:gradient><mytracks:length>0.01621282549338782</mytracks:length></extensions></trkpt><trkpt lat="-37.83283504659008" lon="145.173046722141"><ele>117.604982385892</ele><time>2026-07-23T08:50:13.41000Z</time><extensions><mytracks:speed>58.46829613378374</mytracks:speed><mytracks:gradient>0</mytracks:gradient><mytracks:length>0.02436399333882137</mytracks:length></extensions></trkpt><trkpt lat="-37.83269118707838" lon="145.1730770455012"><ele>117.6084902601519</ele><time>2026-07-23T08:50:14.41000Z</time><extensions><mytracks:speed>58.38885155209901</mytracks:speed><mytracks:gradient>0</mytracks:gradient><mytracks:length>0.01621671632699557</mytracks:length></extensions></trkpt><trkpt lat="-37.83254824043829" lon="145.1731079387949"><ele>117.4250369734408</ele><time>2026-07-23T08:50:15.41000Z</time><extensions><mytracks:speed>58.03998862062907</mytracks:speed><mytracks:gradient>0</mytracks:gradient><mytracks:length>0.01612475407149754</mytracks:length></extensions></trkpt><trkpt lat="-37.83233312111496" lon="145.1731541091484"><ele>117.1746764432535</ele><time>2026-07-23T08:50:16.91000Z</time><extensions><mytracks:speed>58.2222577269826</mytracks:speed><mytracks:gradient>0</mytracks:gradient><mytracks:length>0.02426149505578291</mytracks:length></extensions></trkpt><trkpt lat="-37.83219037925583" lon="145.1731844253258"><ele>117.0351352861733</ele><time>2026-07-23T08:50:17.90200Z</time><extensions><mytracks:speed>58.41867608889365</mytracks:speed><mytracks:gradient>0</mytracks:gradient><mytracks:length>0.01609426321361395</mytracks:length></extensions></trkpt><trkpt lat="-37.83204512150749" lon="145.1732146577893"><ele>116.916780350495</ele><time>2026-07-23T08:50:18.90200Z</time><extensions><mytracks:speed>58.91290859821896</mytracks:speed><mytracks:gradient>0</mytracks:gradient><mytracks:length>0.01636856336577501</mytracks:length></extensions></trkpt><trkpt lat="-37.83189901337612" lon="145.1732449316568"><ele>116.8146666143059</ele><time>2026-07-23T08:50:19.89600Z</time><extensions><mytracks:speed>59.61724043920503</mytracks:speed><mytracks:gradient>0</mytracks:gradient><mytracks:length>0.01646244859530194</mytracks:length></extensions></trkpt><trkpt lat="-37.83167454360157" lon="145.1732907826645"><ele>116.5756008246192</ele><time>2026-07-23T08:50:21.41000Z</time><extensions><mytracks:speed>60.11251476797463</mytracks:speed><mytracks:gradient>0</mytracks:gradient><mytracks:length>0.02528275105229869</mytracks:length></extensions></trkpt><trkpt lat="-37.83137448302525" lon="145.1733506217528"><ele>116.0851646274482</ele><time>2026-07-23T08:50:23.40300Z</time><extensions><mytracks:speed>61.00057858822245</mytracks:speed><mytracks:gradient>0</mytracks:gradient><mytracks:length>0.03377655949302172</mytracks:length></extensions></trkpt><trkpt lat="-37.83122338798049" lon="145.1733802054598"><ele>115.8133530429548</ele><time>2026-07-23T08:50:24.41200Z</time><extensions><mytracks:speed>60.68456656315918</mytracks:speed><mytracks:gradient>0</mytracks:gradient><mytracks:length>0.0170003116800948</mytracks:length></extensions></trkpt><trkpt lat="-37.83092752103978" lon="145.1734393492929"><ele>115.3577701084151</ele><time>2026-07-23T08:50:26.41800Z</time><extensions><mytracks:speed>59.76608120216189</mytracks:speed><mytracks:gradient>0</mytracks:gradient><mytracks:length>0.03330632797811643</mytracks:length></extensions></trkpt><trkpt lat="-37.83078386856486" lon="145.1734687166363"><ele>115.4428759199051</ele><time>2026-07-23T08:50:27.41000Z</time><extensions><mytracks:speed>58.73389880027115</mytracks:speed><mytracks:gradient>0</mytracks:gradient><mytracks:length>0.01617999414723805</mytracks:length></extensions></trkpt><trkpt lat="-37.83056923871873" lon="145.17351202995"><ele>116.4580866062448</ele><time>2026-07-23T08:50:28.90800Z</time><extensions><mytracks:speed>58.07568669617289</mytracks:speed><mytracks:gradient>0</mytracks:gradient><mytracks:length>0.02416714087280954</mytracks:length></extensions></trkpt><trkpt lat="-37.83042872592946" lon="145.173540674209"><ele>117.3642653921096</ele><time>2026-07-23T08:50:29.90800Z</time><extensions><mytracks:speed>56.97417798312453</mytracks:speed><mytracks:gradient>0</mytracks:gradient><mytracks:length>0.0158257454932897</mytracks:length></extensions></trkpt><trkpt lat="-37.83029155060812" lon="145.1735684528431"><ele>118.3705568328651</ele><time>2026-07-23T08:50:30.91000Z</time><extensions><mytracks:speed>55.51336498584481</mytracks:speed><mytracks:gradient>0</mytracks:gradient><mytracks:length>0.01544676360007192</mytracks:length></extensions></trkpt><trkpt lat="-37.83015819022259" lon="145.1735951874027"><ele>119.4085678919287</ele><time>2026-07-23T08:50:31.90800Z</time><extensions><mytracks:speed>54.15258377683915</mytracks:speed><mytracks:gradient>0</mytracks:gradient><mytracks:length>0.0150138905622843</mytracks:length></extensions></trkpt><trkpt lat="-37.83002902016602" lon="145.1736213550556"><ele>120.282860174817</ele><time>2026-07-23T08:50:32.90700Z</time><extensions><mytracks:speed>52.38373274588776</mytracks:speed><mytracks:gradient>0</mytracks:gradient><mytracks:length>0.01454556241702603</mytracks:length></extensions></trkpt><trkpt lat="-37.82990156736575" lon="145.173646906348"><ele>121.0230231334988</ele><time>2026-07-23T08:50:33.90800Z</time><extensions><mytracks:speed>51.62618499370029</mytracks:speed><mytracks:gradient>0</mytracks:gradient><mytracks:length>0.01434874090339854</mytracks:length></extensions></trkpt><trkpt lat="-37.82977539526091" lon="145.173672377324"><ele>121.7546014579411</ele><time>2026-07-23T08:50:34.90900Z</time><extensions><mytracks:speed>51.09486023268381</mytracks:speed><mytracks:gradient>0</mytracks:gradient><mytracks:length>0.01420671128913749</mytracks:length></extensions></trkpt><trkpt lat="-37.82964861950049" lon="145.1736978065267"><ele>122.4289130082003</ele><time>2026-07-23T08:50:35.91200Z</time><extensions><mytracks:speed>51.20440003531612</mytracks:speed><mytracks:gradient>0</mytracks:gradient><mytracks:length>0.01427253619716153</mytracks:length></extensions></trkpt><trkpt lat="-37.82952065613387" lon="145.1737240442044"><ele>123.0390984917091</ele><time>2026-07-23T08:50:36.91400Z</time><extensions><mytracks:speed>51.82396138690557</mytracks:speed><mytracks:gradient>0</mytracks:gradient><mytracks:length>0.01441391721078076</mytracks:length></extensions></trkpt><trkpt lat="-37.82938997969498" lon="145.1737510231355"><ele>123.6909299213234</ele><time>2026-07-23T08:50:37.91300Z</time><extensions><mytracks:speed>53.00929071448694</mytracks:speed><mytracks:gradient>0</mytracks:gradient><mytracks:length>0.01472231917962464</mytracks:length></extensions></trkpt><trkpt lat="-37.82925740721815" lon="145.1737784736001"><ele>124.320153718743</ele><time>2026-07-23T08:50:38.91300Z</time><extensions><mytracks:speed>53.80626069121534</mytracks:speed><mytracks:gradient>0</mytracks:gradient><mytracks:length>0.01493715731196115</mytracks:length></extensions></trkpt><trkpt lat="-37.82912383035377" lon="145.1738059205674"><ele>124.8244908580608</ele><time>2026-07-23T08:50:39.91000Z</time><extensions><mytracks:speed>54.31097871934174</mytracks:speed><mytracks:gradient>0</mytracks:gradient><mytracks:length>0.01504716985731997</mytracks:length></extensions></trkpt><trkpt lat="-37.8289886881658" lon="145.1738337702245"><ele>125.282215789282</ele><time>2026-07-23T08:50:40.90900Z</time><extensions><mytracks:speed>54.87579591184861</mytracks:speed><mytracks:gradient>0</mytracks:gradient><mytracks:length>0.01522491080639162</mytracks:length></extensions></trkpt><trkpt lat="-37.82885315905285" lon="145.1738611967063"><ele>125.6844800299888</ele><time>2026-07-23T08:50:41.90700Z</time><extensions><mytracks:speed>55.06895786460026</mytracks:speed><mytracks:gradient>0</mytracks:gradient><mytracks:length>0.01526156889712746</mytracks:length></extensions></trkpt><trkpt lat="-37.8287162494186" lon="145.1738883739523"><ele>126.0032841092205</ele><time>2026-07-23T08:50:42.90600Z</time><extensions><mytracks:speed>55.52703413286184</mytracks:speed><mytracks:gradient>0</mytracks:gradient><mytracks:length>0.01540966876493194</mytracks:length></extensions></trkpt><trkpt lat="-37.82857803910891" lon="145.1739159073565"><ele>126.2952062492241</ele><time>2026-07-23T08:50:43.90600Z</time><extensions><mytracks:speed>56.01417975994743</mytracks:speed><mytracks:gradient>0</mytracks:gradient><mytracks:length>0.01555722776784057</mytracks:length></extensions></trkpt><trkpt lat="-37.8284375477684" lon="145.1739441034273"><ele>126.5785862309728</ele><time>2026-07-23T08:50:44.90600Z</time><extensions><mytracks:speed>56.90952032554369</mytracks:speed><mytracks:gradient>0</mytracks:gradient><mytracks:length>0.01581691583032489</mytracks:length></extensions></trkpt><trkpt lat="-37.82829506561102" lon="145.1739731133489"><ele>126.7592740858612</ele><time>2026-07-23T08:50:45.90800Z</time><extensions><mytracks:speed>57.66543952912725</mytracks:speed><mytracks:gradient>0</mytracks:gradient><mytracks:length>0.01604687384707387</mytracks:length></extensions></trkpt><trkpt lat="-37.82815058358252" lon="145.1740029048715"><ele>126.8730321723974</ele><time>2026-07-23T08:50:46.90900Z</time><extensions><mytracks:speed>58.56481949229087</mytracks:speed><mytracks:gradient>0</mytracks:gradient><mytracks:length>0.01627718216967002</mytracks:length></extensions></trkpt><trkpt lat="-37.82800446116218" lon="145.1740337054545"><ele>126.8883882105444</ele><time>2026-07-23T08:50:47.91000Z</time><extensions><mytracks:speed>59.21551521939671</mytracks:speed><mytracks:gradient>0</mytracks:gradient><mytracks:length>0.01647175297046904</mytracks:length></extensions></trkpt><trkpt lat="-37.82785804634729" lon="145.1740643680955"><ele>126.7913552556885</ele><time>2026-07-23T08:50:48.90900Z</time><extensions><mytracks:speed>59.46017926975423</mytracks:speed><mytracks:gradient>0</mytracks:gradient><mytracks:length>0.01650181941811706</mytracks:length></extensions></trkpt><trkpt lat="-37.82771049203246" lon="145.1740946249525"><ele>126.6442154154715</ele><time>2026-07-23T08:50:49.90800Z</time><extensions><mytracks:speed>59.89641988978077</mytracks:speed><mytracks:gradient>0</mytracks:gradient><mytracks:length>0.01662154135031113</mytracks:length></extensions></trkpt><trkpt lat="-37.82756222628384" lon="145.1741246472129"><ele>126.5034424029647</ele><time>2026-07-23T08:50:50.90700Z</time><extensions><mytracks:speed>60.14183958532666</mytracks:speed><mytracks:gradient>0</mytracks:gradient><mytracks:length>0.01669647141619079</mytracks:length></extensions></trkpt><trkpt lat="-37.82741254629759" lon="145.1741549555638"><ele>126.3306663421182</ele><time>2026-07-23T08:50:51.90900Z</time><extensions><mytracks:speed>60.60737598456081</mytracks:speed><mytracks:gradient>0</mytracks:gradient><mytracks:length>0.01685522678086592</mytracks:length></extensions></trkpt><trkpt lat="-37.82726223132175" lon="145.1741855245743"><ele>126.1534308189237</ele><time>2026-07-23T08:50:52.91100Z</time><extensions><mytracks:speed>60.80850755349147</mytracks:speed><mytracks:gradient>0</mytracks:gradient><mytracks:length>0.01692859017474265</mytracks:length></extensions></trkpt><trkpt lat="-37.82711131137354" lon="145.1742167832366"><ele>125.9672646294824</ele><time>2026-07-23T08:50:53.91100Z</time><extensions><mytracks:speed>61.1774588422872</mytracks:speed><mytracks:gradient>0</mytracks:gradient><mytracks:length>0.01700455234909658</mytracks:length></extensions></trkpt><trkpt lat="-37.826962793199" lon="145.1742470621685"><ele>125.659679606982</ele><time>2026-07-23T08:50:54.89800Z</time><extensions><mytracks:speed>61.0541640166223</mytracks:speed><mytracks:gradient>0</mytracks:gradient><mytracks:length>0.01672721156627325</mytracks:length></extensions></trkpt><trkpt lat="-37.82681058555887" lon="145.1742773492408"><ele>125.2366223892924</ele><time>2026-07-23T08:50:55.89900Z</time><extensions><mytracks:speed>61.60705278372358</mytracks:speed><mytracks:gradient>0</mytracks:gradient><mytracks:length>0.01713259949135331</mytracks:length></extensions></trkpt><trkpt lat="-37.82665912332278" lon="145.1743071101265"><ele>124.7599181479783</ele><time>2026-07-23T08:50:56.89000Z</time><extensions><mytracks:speed>61.92432771543589</mytracks:speed><mytracks:gradient>0</mytracks:gradient><mytracks:length>0.01704346411621628</mytracks:length></extensions></trkpt><trkpt lat="-37.82650372638481" lon="145.1743371765482"><ele>124.1515212543658</ele><time>2026-07-23T08:50:57.90100Z</time><extensions><mytracks:speed>62.22564290987548</mytracks:speed><mytracks:gradient>0</mytracks:gradient><mytracks:length>0.01748021550922622</mytracks:length></extensions></trkpt><trkpt lat="-37.82634548944479" lon="145.1743671273476"><ele>123.4673544092948</ele><time>2026-07-23T08:50:58.92000Z</time><extensions><mytracks:speed>62.86326424509074</mytracks:speed><mytracks:gradient>0</mytracks:gradient><mytracks:length>0.01779042903249042</mytracks:length></extensions></trkpt><trkpt lat="-37.82618812566651" lon="145.1743975036865"><ele>122.783142404746</ele><time>2026-07-23T08:50:59.92100Z</time><extensions><mytracks:speed>63.63760694475741</mytracks:speed><mytracks:gradient>0</mytracks:gradient><mytracks:length>0.01770027832623294</mytracks:length></extensions></trkpt><trkpt lat="-37.82603079147502" lon="145.1744284527917"><ele>122.0989305675312</ele><time>2026-07-23T08:51:00.91900Z</time><extensions><mytracks:speed>63.85668815553078</mytracks:speed><mytracks:gradient>0</mytracks:gradient><mytracks:length>0.01770460586711012</mytracks:length></extensions></trkpt><trkpt lat="-37.82587681386287" lon="145.17445902356"><ele>121.3960546757303</ele><time>2026-07-23T08:51:01.89700Z</time><extensions><mytracks:speed>63.78098317579074</mytracks:speed><mytracks:gradient>0</mytracks:gradient><mytracks:length>0.01733082802746158</mytracks:length></extensions></trkpt><trkpt lat="-37.8257193989653" lon="145.174490667346"><ele>120.7118112586803</ele><time>2026-07-23T08:51:02.89700Z</time><extensions><mytracks:speed>63.83279165680064</mytracks:speed><mytracks:gradient>0</mytracks:gradient><mytracks:length>0.01772292256055144</mytracks:length></extensions></trkpt><trkpt lat="-37.82556048741463" lon="145.1745233025958"><ele>119.9666931570695</ele><time>2026-07-23T08:51:03.90800Z</time><extensions><mytracks:speed>63.74043698607765</mytracks:speed><mytracks:gradient>0</mytracks:gradient><mytracks:length>0.01790077986512422</mytracks:length></extensions></trkpt><trkpt lat="-37.82540089441858" lon="145.1745563343641"><ele>119.2316451049504</ele><time>2026-07-23T08:51:04.92400Z</time><extensions><mytracks:speed>63.74661267098936</mytracks:speed><mytracks:gradient>0</mytracks:gradient><mytracks:length>0.01798165767267319</mytracks:length></extensions></trkpt><trkpt lat="-37.82524340986349" lon="145.1745889752424"><ele>118.503904863892</ele><time>2026-07-23T08:51:05.92400Z</time><extensions><mytracks:speed>63.83541993074805</mytracks:speed><mytracks:gradient>0</mytracks:gradient><mytracks:length>0.01774452209853213</mytracks:length></extensions></trkpt><trkpt lat="-37.82508712134919" lon="145.17462085128"><ele>117.8258488904979</ele><time>2026-07-23T08:51:06.91500Z</time><extensions><mytracks:speed>63.94465617138144</mytracks:speed><mytracks:gradient>0</mytracks:gradient><mytracks:length>0.01760249938473931</mytracks:length></extensions></trkpt><trkpt lat="-37.82493017075153" lon="145.1746524231383"><ele>117.2353273137634</ele><time>2026-07-23T08:51:07.91000Z</time><extensions><mytracks:speed>63.97481273928009</mytracks:speed><mytracks:gradient>0</mytracks:gradient><mytracks:length>0.01767072093530206</mytracks:length></extensions></trkpt><trkpt lat="-37.82477396365728" lon="145.1746826086147"><ele>116.7559924654456</ele><time>2026-07-23T08:51:08.90400Z</time><extensions><mytracks:speed>63.61801087093445</mytracks:speed><mytracks:gradient>0</mytracks:gradient><mytracks:length>0.01757046942286289</mytracks:length></extensions></trkpt><trkpt lat="-37.82461717012123" lon="145.17471253982"><ele>116.4065635118672</ele><time>2026-07-23T08:51:09.90500Z</time><extensions><mytracks:speed>63.38793085427474</mytracks:speed><mytracks:gradient>0</mytracks:gradient><mytracks:length>0.01763165997916637</mytracks:length></extensions></trkpt><trkpt lat="-37.82446153421604" lon="145.1747420263158"><ele>116.2152360390422</ele><time>2026-07-23T08:51:10.90700Z</time><extensions><mytracks:speed>62.87300998786806</mytracks:speed><mytracks:gradient>0</mytracks:gradient><mytracks:length>0.01749876708304291</mytracks:length></extensions></trkpt><trkpt lat="-37.82430750614387" lon="145.1747725420082"><ele>116.1816357632111</ele><time>2026-07-23T08:51:11.90900Z</time><extensions><mytracks:speed>62.2690539821225</mytracks:speed><mytracks:gradient>0</mytracks:gradient><mytracks:length>0.0173355077488906</mytracks:length></extensions></trkpt><trkpt lat="-37.82415460385201" lon="145.1748031431546"><ele>116.2681737768254</ele><time>2026-07-23T08:51:12.91100Z</time><extensions><mytracks:speed>61.84739031402164</mytracks:speed><mytracks:gradient>0</mytracks:gradient><mytracks:length>0.01721315972001337</mytracks:length></extensions></trkpt><trkpt lat="-37.82400318243612" lon="145.1748342411825"><ele>116.4862598020625</ele><time>2026-07-23T08:51:13.90900Z</time><extensions><mytracks:speed>61.58145783196107</mytracks:speed><mytracks:gradient>0</mytracks:gradient><mytracks:length>0.01705720756871849</mytracks:length></extensions></trkpt><trkpt lat="-37.82385194522877" lon="145.1748647781079"><ele>116.7404360416359</ele><time>2026-07-23T08:51:14.90800Z</time><extensions><mytracks:speed>61.3360659644804</mytracks:speed><mytracks:gradient>0</mytracks:gradient><mytracks:length>0.01702918032958596</mytracks:length></extensions></trkpt><trkpt lat="-37.82369871660205" lon="145.1748946949174"><ele>117.0035934477113</ele><time>2026-07-23T08:51:15.90700Z</time><extensions><mytracks:speed>62.13657910596282</mytracks:speed><mytracks:gradient>0</mytracks:gradient><mytracks:length>0.01723984234406687</mytracks:length></extensions></trkpt><trkpt lat="-37.82354294740171" lon="145.1749242301294"><ele>117.1952755140575</ele><time>2026-07-23T08:51:16.90500Z</time><extensions><mytracks:speed>63.1327128124881</mytracks:speed><mytracks:gradient>0</mytracks:gradient><mytracks:length>0.01751369711548594</mytracks:length></extensions></trkpt><trkpt lat="-37.82338395361661" lon="145.1749538496863"><ele>117.2417300557544</ele><time>2026-07-23T08:51:17.90500Z</time><extensions><mytracks:speed>64.33089212338687</mytracks:speed><mytracks:gradient>0</mytracks:gradient><mytracks:length>0.01786953674946411</mytracks:length></extensions></trkpt><trkpt lat="-37.82322261616328" lon="145.1749839280761"><ele>117.2534736378446</ele><time>2026-07-23T08:51:18.90700Z</time><extensions><mytracks:speed>65.16999998975186</mytracks:speed><mytracks:gradient>0</mytracks:gradient><mytracks:length>0.01813313894814545</mytracks:length></extensions></trkpt><trkpt lat="-37.82305939399816" lon="145.1750153847062"><ele>117.2233994645009</ele><time>2026-07-23T08:51:19.90900Z</time><extensions><mytracks:speed>65.98770002236526</mytracks:speed><mytracks:gradient>0</mytracks:gradient><mytracks:length>0.01835863102393704</mytracks:length></extensions></trkpt><trkpt lat="-37.82289635137831" lon="145.1750480081108"><ele>117.158009689593</ele><time>2026-07-23T08:51:20.90900Z</time><extensions><mytracks:speed>66.08918104042786</mytracks:speed><mytracks:gradient>0</mytracks:gradient><mytracks:length>0.01835445768715233</mytracks:length></extensions></trkpt><trkpt lat="-37.82273448127058" lon="145.1750799125772"><ele>117.072964993853</ele><time>2026-07-23T08:51:21.90700Z</time><extensions><mytracks:speed>65.70819046156306</mytracks:speed><mytracks:gradient>0</mytracks:gradient><mytracks:length>0.0182159538185602</mytracks:length></extensions></trkpt><trkpt lat="-37.82257433858643" lon="145.1751111308513"><ele>117.0918682018972</ele><time>2026-07-23T08:51:22.90600Z</time><extensions><mytracks:speed>64.9142813044386</mytracks:speed><mytracks:gradient>0</mytracks:gradient><mytracks:length>0.01801670869413149</mytracks:length></extensions></trkpt><trkpt lat="-37.82241635418973" lon="145.1751421374667"><ele>117.265225154381</ele><time>2026-07-23T08:51:23.90600Z</time><extensions><mytracks:speed>63.94837696899633</mytracks:speed><mytracks:gradient>0</mytracks:gradient><mytracks:length>0.0177769989449199</mytracks:length></extensions></trkpt><trkpt lat="-37.8222639679914" lon="145.1751717331661"><ele>117.6670815689039</ele><time>2026-07-23T08:51:24.90800Z</time><extensions><mytracks:speed>61.64810393456155</mytracks:speed><mytracks:gradient>0</mytracks:gradient><mytracks:length>0.01714311738754408</mytracks:length></extensions></trkpt><trkpt lat="-37.82211963995816" lon="145.175199776212"><ele>118.2396320960204</ele><time>2026-07-23T08:51:25.90800Z</time><extensions><mytracks:speed>58.41439849122</mytracks:speed><mytracks:gradient>0</mytracks:gradient><mytracks:length>0.01623671160080876</mytracks:length></extensions></trkpt><trkpt lat="-37.82198433737778" lon="145.1752267877885"><ele>118.9405757421425</ele><time>2026-07-23T08:51:26.90800Z</time><extensions><mytracks:speed>54.84268177720691</mytracks:speed><mytracks:gradient>0</mytracks:gradient><mytracks:length>0.01523082936936063</mytracks:length></extensions></trkpt><trkpt lat="-37.82185891564987" lon="145.175252635442"><ele>119.7516300430604</ele><time>2026-07-23T08:51:27.90700Z</time><extensions><mytracks:speed>50.90637194254955</mytracks:speed><mytracks:gradient>0</mytracks:gradient><mytracks:length>0.01412974060764494</mytracks:length></extensions></trkpt><trkpt lat="-37.82174249345213" lon="145.175276711563"><ele>120.4700540441606</ele><time>2026-07-23T08:51:28.90800Z</time><extensions><mytracks:speed>47.206309101504</mytracks:speed><mytracks:gradient>0</mytracks:gradient><mytracks:length>0.01311688412581412</mytracks:length></extensions></trkpt><trkpt lat="-37.82163226867885" lon="145.1752987184525"><ele>121.0512348510388</ele><time>2026-07-23T08:51:29.90300Z</time><extensions><mytracks:speed>44.871119789712</mytracks:speed><mytracks:gradient>0</mytracks:gradient><mytracks:length>0.01240786548459627</mytracks:length></extensions></trkpt><trkpt lat="-37.82152407052731" lon="145.1753199568264"><ele>121.5784600660864</ele><time>2026-07-23T08:51:30.90500Z</time><extensions><mytracks:speed>43.76002493473185</mytracks:speed><mytracks:gradient>0</mytracks:gradient><mytracks:length>0.0121746885715857</mytracks:length></extensions></trkpt><trkpt lat="-37.82141519311826" lon="145.1753408647329"><ele>122.1057283396112</ele><time>2026-07-23T08:51:31.90700Z</time><extensions><mytracks:speed>43.9672253469954</mytracks:speed><mytracks:gradient>0</mytracks:gradient><mytracks:length>0.01224481346803945</mytracks:length></extensions></trkpt><trkpt lat="-37.82130378597735" lon="145.1753621510568"><ele>122.6144474932106</ele><time>2026-07-23T08:51:32.90700Z</time><extensions><mytracks:speed>45.13069762397885</mytracks:speed><mytracks:gradient>0</mytracks:gradient><mytracks:length>0.01252786278139261</mytracks:length></extensions></trkpt><trkpt lat="-37.82118699915653" lon="145.1753843022145"><ele>123.1662553800106</ele><time>2026-07-23T08:51:33.91000Z</time><extensions><mytracks:speed>47.08603624242057</mytracks:speed><mytracks:gradient>0</mytracks:gradient><mytracks:length>0.01313130545770794</mytracks:length></extensions></trkpt><trkpt lat="-37.82106669081048" lon="145.1754086587944"><ele>123.7451873491765</ele><time>2026-07-23T08:51:34.90100Z</time><extensions><mytracks:speed>49.22529730441757</mytracks:speed><mytracks:gradient>0</mytracks:gradient><mytracks:length>0.01354750319169948</mytracks:length></extensions></trkpt><trkpt lat="-37.82093964183157" lon="145.1754352755306"><ele>124.3622518765946</ele><time>2026-07-23T08:51:35.90500Z</time><extensions><mytracks:speed>51.37833952135234</mytracks:speed><mytracks:gradient>0</mytracks:gradient><mytracks:length>0.01431950360202725</mytracks:length></extensions></trkpt><trkpt lat="-37.82080884803684" lon="145.1754637039666"><ele>125.0347438807485</ele><time>2026-07-23T08:51:36.91200Z</time><extensions><mytracks:speed>52.74616260743126</mytracks:speed><mytracks:gradient>0</mytracks:gradient><mytracks:length>0.01475656144351836</mytracks:length></extensions></trkpt><trkpt lat="-37.82067923900382" lon="145.1754920847563"><ele>125.6637063222386</ele><time>2026-07-23T08:51:37.91500Z</time><extensions><mytracks:speed>52.50384939547838</mytracks:speed><mytracks:gradient>0</mytracks:gradient><mytracks:length>0.01462558300119262</mytracks:length></extensions></trkpt><trkpt lat="-37.82055241812568" lon="145.1755202906158"><ele>126.2277351738814</ele><time>2026-07-23T08:51:38.91900Z</time><extensions><mytracks:speed>51.30918851460974</mytracks:speed><mytracks:gradient>0</mytracks:gradient><mytracks:length>0.01431761527432805</mytracks:length></extensions></trkpt><trkpt lat="-37.82043188287171" lon="145.1755468160205"><ele>126.6678346342106</ele><time>2026-07-23T08:51:39.91300Z</time><extensions><mytracks:speed>49.29336304988083</mytracks:speed><mytracks:gradient>0</mytracks:gradient><mytracks:length>0.01360360212790314</mytracks:length></extensions></trkpt><trkpt lat="-37.82031638279049" lon="145.1755718034339"><ele>126.9916041652074</ele><time>2026-07-23T08:51:40.91000Z</time><extensions><mytracks:speed>47.04543830117376</mytracks:speed><mytracks:gradient>0</mytracks:gradient><mytracks:length>0.013029329247005</mytracks:length></extensions></trkpt><trkpt lat="-37.82020371521548" lon="145.1755957476626"><ele>127.2638696111072</ele><time>2026-07-23T08:51:41.90800Z</time><extensions><mytracks:speed>45.79085414906307</mytracks:speed><mytracks:gradient>0</mytracks:gradient><mytracks:length>0.01270325103554806</mytracks:length></extensions></trkpt><trkpt lat="-37.8200910428339" lon="145.1756194211863"><ele>127.5338868229511</ele><time>2026-07-23T08:51:42.90800Z</time><extensions><mytracks:speed>45.74543423694283</mytracks:speed><mytracks:gradient>0</mytracks:gradient><mytracks:length>0.01269970313685142</mytracks:length></extensions></trkpt><trkpt lat="-37.81997760583629" lon="145.1756421101022"><ele>127.8516040696632</ele><time>2026-07-23T08:51:43.90700Z</time><extensions><mytracks:speed>45.98439803022631</mytracks:speed><mytracks:gradient>0</mytracks:gradient><mytracks:length>0.01276976806768761</mytracks:length></extensions></trkpt><trkpt lat="-37.81986571201774" lon="145.1756636539176"><ele>128.2241106776314</ele><time>2026-07-23T08:51:44.90700Z</time><extensions><mytracks:speed>45.3128807087519</mytracks:speed><mytracks:gradient>0</mytracks:gradient><mytracks:length>0.01258492617724022</mytracks:length></extensions></trkpt><trkpt lat="-37.81975974748584" lon="145.1756817060329"><ele>128.6392334685501</ele><time>2026-07-23T08:51:45.90700Z</time><extensions><mytracks:speed>42.80288947759414</mytracks:speed><mytracks:gradient>0</mytracks:gradient><mytracks:length>0.01188853778914701</mytracks:length></extensions></trkpt><trkpt lat="-37.8196645726534" lon="145.1756957024001"><ele>128.9995292869129</ele><time>2026-07-23T08:51:46.90700Z</time><extensions><mytracks:speed>38.35503784351184</mytracks:speed><mytracks:gradient>0</mytracks:gradient><mytracks:length>0.01065350022776973</mytracks:length></extensions></trkpt><trkpt lat="-37.81958209252856" lon="145.1757069023701"><ele>129.2968123164273</ele><time>2026-07-23T08:51:47.90400Z</time><extensions><mytracks:speed>33.29890394304538</mytracks:speed><mytracks:gradient>0</mytracks:gradient><mytracks:length>0.009223392935368901</mytracks:length></extensions></trkpt><trkpt lat="-37.81951153923205" lon="145.1757163784881"><ele>129.5457398914314</ele><time>2026-07-23T08:51:48.90400Z</time><extensions><mytracks:speed>28.42063207950665</mytracks:speed><mytracks:gradient>0</mytracks:gradient><mytracks:length>0.00788934603019001</mytracks:length></extensions></trkpt><trkpt lat="-37.81945073552919" lon="145.1757245461748"><ele>129.7353239399223</ele><time>2026-07-23T08:51:49.90400Z</time><extensions><mytracks:speed>24.45777861117792</mytracks:speed><mytracks:gradient>0</mytracks:gradient><mytracks:length>0.006798984754554165</mytracks:length></extensions></trkpt><trkpt lat="-37.8193940540092" lon="145.1757338184457"><ele>129.917081922147</ele><time>2026-07-23T08:51:50.90600Z</time><extensions><mytracks:speed>22.83576705933949</mytracks:speed><mytracks:gradient>0</mytracks:gradient><mytracks:length>0.006354994657301271</mytracks:length></extensions></trkpt><trkpt lat="-37.81933657523648" lon="145.1757450786202"><ele>130.0973762813387</ele><time>2026-07-23T08:51:51.90900Z</time><extensions><mytracks:speed>23.2212534647006</mytracks:speed><mytracks:gradient>0</mytracks:gradient><mytracks:length>0.006468153023322103</mytracks:length></extensions></trkpt><trkpt lat="-37.81927438816528" lon="145.1757578008848"><ele>130.2885528291119</ele><time>2026-07-23T08:51:52.90800Z</time><extensions><mytracks:speed>25.23235865572692</mytracks:speed><mytracks:gradient>0</mytracks:gradient><mytracks:length>0.007004655422975999</mytracks:length></extensions></trkpt><trkpt lat="-37.81920486084802" lon="145.1757724008056"><ele>130.4776817848902</ele><time>2026-07-23T08:51:53.90800Z</time><extensions><mytracks:speed>28.21590494186091</mytracks:speed><mytracks:gradient>0</mytracks:gradient><mytracks:length>0.007836619895751257</mytracks:length></extensions></trkpt><trkpt lat="-37.8191253832" lon="145.1757889997209"><ele>130.7174007765614</ele><time>2026-07-23T08:51:54.90500Z</time><extensions><mytracks:speed>32.35277511038154</mytracks:speed><mytracks:gradient>0</mytracks:gradient><mytracks:length>0.008957687438813</mytracks:length></extensions></trkpt><trkpt lat="-37.81903594601165" lon="145.1758074706259"><ele>130.9554458518498</ele><time>2026-07-23T08:51:55.90500Z</time><extensions><mytracks:speed>36.28699656293094</mytracks:speed><mytracks:gradient>0</mytracks:gradient><mytracks:length>0.01007701407076646</mytracks:length></extensions></trkpt><trkpt lat="-37.81893794535909" lon="145.1758270332929"><ele>131.1814852674579</ele><time>2026-07-23T08:51:56.90600Z</time><extensions><mytracks:speed>39.66469358823373</mytracks:speed><mytracks:gradient>0</mytracks:gradient><mytracks:length>0.01103211886456074</mytracks:length></extensions></trkpt><trkpt lat="-37.81883409452656" lon="145.1758468358584"><ele>131.3910530256396</ele><time>2026-07-23T08:51:57.90800Z</time><extensions><mytracks:speed>41.95107638230557</mytracks:speed><mytracks:gradient>0</mytracks:gradient><mytracks:length>0.01167781345600417</mytracks:length></extensions></trkpt><trkpt lat="-37.81872642907192" lon="145.1758664402487"><ele>131.5433619109749</ele><time>2026-07-23T08:51:58.91100Z</time><extensions><mytracks:speed>43.42621639528175</mytracks:speed><mytracks:gradient>0</mytracks:gradient><mytracks:length>0.01209484638154289</mytracks:length></extensions></trkpt><trkpt lat="-37.81861733722487" lon="145.1758855546817"><ele>131.6427602573582</ele><time>2026-07-23T08:51:59.90300Z</time><extensions><mytracks:speed>44.45247021466366</mytracks:speed><mytracks:gradient>0</mytracks:gradient><mytracks:length>0.01224628546581697</mytracks:length></extensions></trkpt><trkpt lat="-37.81850510272171" lon="145.1759041809643"><ele>131.6228083957396</ele><time>2026-07-23T08:52:00.90100Z</time><extensions><mytracks:speed>45.36256211175721</mytracks:speed><mytracks:gradient>0</mytracks:gradient><mytracks:length>0.01258671642806756</mytracks:length></extensions></trkpt><trkpt lat="-37.81838981920519" lon="145.175922195294"><ele>131.5135387766463</ele><time>2026-07-23T08:52:01.90400Z</time><extensions><mytracks:speed>46.37567081840387</mytracks:speed><mytracks:gradient>0</mytracks:gradient><mytracks:length>0.01291608597470969</mytracks:length></extensions></trkpt><trkpt lat="-37.81827141613743" lon="145.1759397860962"><ele>131.3581723376891</ele><time>2026-07-23T08:52:02.90900Z</time><extensions><mytracks:speed>47.50565347493706</mytracks:speed><mytracks:gradient>0</mytracks:gradient><mytracks:length>0.01325597308633334</mytracks:length></extensions></trkpt><trkpt lat="-37.81814916194489" lon="145.1759567589074"><ele>131.1950036570747</ele><time>2026-07-23T08:52:03.91400Z</time><extensions><mytracks:speed>48.96242588708542</mytracks:speed><mytracks:gradient>0</mytracks:gradient><mytracks:length>0.01367529703874359</mytracks:length></extensions></trkpt><trkpt lat="-37.81802781015063" lon="145.1759732250977"><ele>131.0533474185525</ele><time>2026-07-23T08:52:04.89400Z</time><extensions><mytracks:speed>49.84001855153438</mytracks:speed><mytracks:gradient>0</mytracks:gradient><mytracks:length>0.01357076757169986</mytracks:length></extensions></trkpt><trkpt lat="-37.8179041369893" lon="145.1759899663449"><ele>130.9340579898332</ele><time>2026-07-23T08:52:05.88400Z</time><extensions><mytracks:speed>50.28658326036003</mytracks:speed><mytracks:gradient>0</mytracks:gradient><mytracks:length>0.01383028420916296</mytracks:length></extensions></trkpt><trkpt lat="-37.81777912534692" lon="145.1760067758435"><ele>130.937914007055</ele><time>2026-07-23T08:52:06.88400Z</time><extensions><mytracks:speed>50.37157633643541</mytracks:speed><mytracks:gradient>0</mytracks:gradient><mytracks:length>0.01397871892744743</mytracks:length></extensions></trkpt><trkpt lat="-37.81765166495808" lon="145.176023608775"><ele>131.0132545366212</ele><time>2026-07-23T08:52:07.90400Z</time><extensions><mytracks:speed>50.2911147346095</mytracks:speed><mytracks:gradient>0</mytracks:gradient><mytracks:length>0.01424978506229807</mytracks:length></extensions></trkpt><trkpt lat="-37.817524941159" lon="145.1760415937554"><ele>130.971117112152</ele><time>2026-07-23T08:52:08.92800Z</time><extensions><mytracks:speed>49.84540068267719</mytracks:speed><mytracks:gradient>0</mytracks:gradient><mytracks:length>0.01417908811642396</mytracks:length></extensions></trkpt><trkpt lat="-37.81740093432317" lon="145.1760586175127"><ele>130.8489078926455</ele><time>2026-07-23T08:52:09.92900Z</time><extensions><mytracks:speed>49.86947841136895</mytracks:speed><mytracks:gradient>0</mytracks:gradient><mytracks:length>0.01386997880401445</mytracks:length></extensions></trkpt><trkpt lat="-37.817275435456" lon="145.1760764527101"><ele>130.7340452479696</ele><time>2026-07-23T08:52:10.92000Z</time><extensions><mytracks:speed>50.98640112462373</mytracks:speed><mytracks:gradient>0</mytracks:gradient><mytracks:length>0.01404240362583833</mytracks:length></extensions></trkpt><trkpt lat="-37.81714860309589" lon="145.1760958414431"><ele>130.5195312654421</ele><time>2026-07-23T08:52:11.90500Z</time><extensions><mytracks:speed>51.95098631446617</mytracks:speed><mytracks:gradient>0</mytracks:gradient><mytracks:length>0.01420544243625333</mytracks:length></extensions></trkpt><trkpt lat="-37.81701750861177" lon="145.1761156536068"><ele>130.1840567998091</ele><time>2026-07-23T08:52:12.90200Z</time><extensions><mytracks:speed>53.01239713985893</mytracks:speed><mytracks:gradient>0</mytracks:gradient><mytracks:length>0.01468063191276033</mytracks:length></extensions></trkpt><trkpt lat="-37.8168824578313" lon="145.176133743423"><ele>130.0535759723206</ele><time>2026-07-23T08:52:13.89900Z</time><extensions><mytracks:speed>54.49477138245687</mytracks:speed><mytracks:gradient>0</mytracks:gradient><mytracks:length>0.01510068196964035</mytracks:length></extensions></trkpt><trkpt lat="-37.8167446305376" lon="145.1761529950955"><ele>129.9550420491589</ele><time>2026-07-23T08:52:14.90100Z</time><extensions><mytracks:speed>55.43006343665498</mytracks:speed><mytracks:gradient>0</mytracks:gradient><mytracks:length>0.0154187316430281</mytracks:length></extensions></trkpt><trkpt lat="-37.81660653917246" lon="145.1761724913452"><ele>129.8568225131121</ele><time>2026-07-23T08:52:15.90300Z</time><extensions><mytracks:speed>55.50699544144971</mytracks:speed><mytracks:gradient>0</mytracks:gradient><mytracks:length>0.01544997234739615</mytracks:length></extensions></trkpt><trkpt lat="-37.81646742683661" lon="145.1761924559428"><ele>129.7941319329277</ele><time>2026-07-23T08:52:16.90400Z</time><extensions><mytracks:speed>55.95485738325398</mytracks:speed><mytracks:gradient>0</mytracks:gradient><mytracks:length>0.01556736267639661</mytracks:length></extensions></trkpt><trkpt lat="-37.81632838502489" lon="145.1762138356227"><ele>129.7622676401447</ele><time>2026-07-23T08:52:17.90900Z</time><extensions><mytracks:speed>55.79173139406458</mytracks:speed><mytracks:gradient>0</mytracks:gradient><mytracks:length>0.01557430851619628</mytracks:length></extensions></trkpt><trkpt lat="-37.81612153966619" lon="145.1762485806531"><ele>129.5685334388283</ele><time>2026-07-23T08:52:19.40900Z</time><extensions><mytracks:speed>55.70703376054639</mytracks:speed><mytracks:gradient>0</mytracks:gradient><mytracks:length>0.02320192268063694</mytracks:length></extensions></trkpt><trkpt lat="-37.81598223863286" lon="145.1762719553069"><ele>129.3290862690326</ele><time>2026-07-23T08:52:20.40800Z</time><extensions><mytracks:speed>56.27581919709247</mytracks:speed><mytracks:gradient>0</mytracks:gradient><mytracks:length>0.01562515033074712</mytracks:length></extensions></trkpt><trkpt lat="-37.81570130011355" lon="145.1763171344892"><ele>128.4153121061162</ele><time>2026-07-23T08:52:22.40300Z</time><extensions><mytracks:speed>56.83606801439501</mytracks:speed><mytracks:gradient>0</mytracks:gradient><mytracks:length>0.03149005407680876</mytracks:length></extensions></trkpt><trkpt lat="-37.81549192936031" lon="145.1763526738837"><ele>127.3877209293782</ele><time>2026-07-23T08:52:23.90600Z</time><extensions><mytracks:speed>56.24780529020363</mytracks:speed><mytracks:gradient>0</mytracks:gradient><mytracks:length>0.02348953288531142</mytracks:length></extensions></trkpt><trkpt lat="-37.81535404146462" lon="145.1763759438328"><ele>126.6879847109271</ele><time>2026-07-23T08:52:24.91200Z</time><extensions><mytracks:speed>55.38103739520164</mytracks:speed><mytracks:gradient>0</mytracks:gradient><mytracks:length>0.01546804556512876</mytracks:length></extensions></trkpt><trkpt lat="-37.81522204299292" lon="145.1763989165406"><ele>125.9422935692018</ele><time>2026-07-23T08:52:25.90700Z</time><extensions><mytracks:speed>53.57294444427852</mytracks:speed><mytracks:gradient>0</mytracks:gradient><mytracks:length>0.01481538250672975</mytracks:length></extensions></trkpt><trkpt lat="-37.81509489700061" lon="145.1764197866426"><ele>125.2134847881948</ele><time>2026-07-23T08:52:26.90900Z</time><extensions><mytracks:speed>51.23509013341462</mytracks:speed><mytracks:gradient>0</mytracks:gradient><mytracks:length>0.01425610846401258</mytracks:length></extensions></trkpt><trkpt lat="-37.81497549881407" lon="145.1764386940498"><ele>124.5304908179732</ele><time>2026-07-23T08:52:27.90100Z</time><extensions><mytracks:speed>48.53585123527529</mytracks:speed><mytracks:gradient>0</mytracks:gradient><mytracks:length>0.01337947913438926</mytracks:length></extensions></trkpt><trkpt lat="-37.81486251879345" lon="145.1764573671987"><ele>123.9332937666917</ele><time>2026-07-23T08:52:28.89600Z</time><extensions><mytracks:speed>45.85040704052148</mytracks:speed><mytracks:gradient>0</mytracks:gradient><mytracks:length>0.01266879449373786</mytracks:length></extensions></trkpt><trkpt lat="-37.81470091635898" lon="145.1764843396178"><ele>122.9187632517405</ele><time>2026-07-23T08:52:30.39400Z</time><extensions><mytracks:speed>43.5475272886514</mytracks:speed><mytracks:gradient>0</mytracks:gradient><mytracks:length>0.01812443883916831</mytracks:length></extensions></trkpt><trkpt lat="-37.81450190450383" lon="145.1765195707645"><ele>121.8221823298718</ele><time>2026-07-23T08:52:32.41000Z</time><extensions><mytracks:speed>39.90313178805047</mytracks:speed><mytracks:gradient>0</mytracks:gradient><mytracks:length>0.02234430861475539</mytracks:length></extensions></trkpt><trkpt lat="-37.81440841222952" lon="145.1765356454655"><ele>121.3060782768374</ele><time>2026-07-23T08:52:33.41000Z</time><extensions><mytracks:speed>37.76352899549438</mytracks:speed><mytracks:gradient>0</mytracks:gradient><mytracks:length>0.01049110214840789</mytracks:length></extensions></trkpt><trkpt lat="-37.81432265584309" lon="145.1765486342658"><ele>121.0328124946545</ele><time>2026-07-23T08:52:34.39800Z</time><extensions><mytracks:speed>34.99363043627555</mytracks:speed><mytracks:gradient>0</mytracks:gradient><mytracks:length>0.009603023321044856</mytracks:length></extensions></trkpt><trkpt lat="-37.81420597527971" lon="145.176566289356"><ele>120.5700426376396</ele><time>2026-07-23T08:52:35.89800Z</time><extensions><mytracks:speed>31.35530706544599</mytracks:speed><mytracks:gradient>0</mytracks:gradient><mytracks:length>0.01306662899883704</mytracks:length></extensions></trkpt><trkpt lat="-37.81413525923208" lon="145.1765768661054"><ele>120.3174504736396</ele><time>2026-07-23T08:52:36.91200Z</time><extensions><mytracks:speed>28.11957251938212</mytracks:speed><mytracks:gradient>0</mytracks:gradient><mytracks:length>0.007917285116330585</mytracks:length></extensions></trkpt><trkpt lat="-37.81407388762931" lon="145.1765857046449"><ele>120.073795132561</ele><time>2026-07-23T08:52:37.92100Z</time><extensions><mytracks:speed>24.50120778343836</mytracks:speed><mytracks:gradient>0</mytracks:gradient><mytracks:length>0.006868225995600974</mytracks:length></extensions></trkpt><trkpt lat="-37.81402311040683" lon="145.1765924839717"><ele>119.8624086170754</ele><time>2026-07-23T08:52:38.91900Z</time><extensions><mytracks:speed>20.48767306834853</mytracks:speed><mytracks:gradient>0</mytracks:gradient><mytracks:length>0.005677099067342629</mytracks:length></extensions></trkpt><trkpt lat="-37.8139827785517" lon="145.1765974927642"><ele>119.6975037811166</ele><time>2026-07-23T08:52:39.91500Z</time><extensions><mytracks:speed>16.29166754331953</mytracks:speed><mytracks:gradient>0</mytracks:gradient><mytracks:length>0.004507177624962388</mytracks:length></extensions></trkpt><trkpt lat="-37.81395472002105" lon="145.1766002624095"><ele>119.5895673370429</ele><time>2026-07-23T08:52:40.90700Z</time><extensions><mytracks:speed>11.35065919094507</mytracks:speed><mytracks:gradient>0</mytracks:gradient><mytracks:length>0.003129986683595445</mytracks:length></extensions></trkpt><trkpt lat="-37.81393642758427" lon="145.176602235867"><ele>119.5105928529038</ele><time>2026-07-23T08:52:41.90500Z</time><extensions><mytracks:speed>7.365833483154854</mytracks:speed><mytracks:gradient>0</mytracks:gradient><mytracks:length>0.002040556882214019</mytracks:length></extensions></trkpt><trkpt lat="-37.81392571519196" lon="145.1766035779586"><ele>119.4708799783859</ele><time>2026-07-23T08:52:42.90400Z</time><extensions><mytracks:speed>4.312701176966685</mytracks:speed><mytracks:gradient>0</mytracks:gradient><mytracks:length>0.001197088558621761</mytracks:length></extensions></trkpt><trkpt lat="-37.81392076503818" lon="145.1766045472566"><ele>119.4586111543228</ele><time>2026-07-23T08:52:43.90500Z</time><extensions><mytracks:speed>2.048247659155739</mytracks:speed><mytracks:gradient>0</mytracks:gradient><mytracks:length>0.0005696117877960207</mytracks:length></extensions></trkpt></trkseg></trk></gpx>

